sample_idx,predicted_class,original_prediction,baseline_prediction,r2_mean,method,deletion_auc,insertion_auc,gap_auc,n_positive_segments
0,0,0.0083332080394029,0.0084176491945981,-0.0185232641596502,Relevancia a secas,0.0083619622875832,0.0084563810895714,9.441880198816228e-05,
0,0,0.0083332080394029,0.0084176491945981,-0.0185232641596502,Relevancia absoluta,0.0083619622875832,0.0084563810895714,9.441880198816228e-05,
0,0,0.0083332080394029,0.0084176491945981,-0.0185232641596502,Solo secciones positivas,,,,0.0
1,1,0.9999997615814208,0.0084176491945981,-1.965258877599264,Relevancia a secas,0.5252233594498587,0.9573718007254812,0.4321484412756227,
1,1,0.9999997615814208,0.0084176491945981,-1.965258877599264,Relevancia absoluta,0.7778662552851399,0.9858288833073208,0.2079626280221808,
1,1,0.9999997615814208,0.0084176491945981,-1.965258877599264,Solo secciones positivas,0.3139597804990905,0.9214745140634476,0.6075147335643571,19.0
2,0,0.0080961529165506,0.0084176491945981,0.0676789312836006,Relevancia a secas,0.0081901850644499,0.0084189642220735,0.0002287791576236,
2,0,0.0080961529165506,0.0084176491945981,0.0676789312836006,Relevancia absoluta,0.0081882307616372,0.0084214473608881,0.0002332165992508,
2,0,0.0080961529165506,0.0084176491945981,0.0676789312836006,Solo secciones positivas,0.0083116926252841,0.0082411151379346,-7.057748734951019e-05,1.0
3,1,0.9953581690788268,0.0084176491945981,-1.1159441205753418,Relevancia a secas,0.4053384192868689,0.9650067057874469,0.5596682865005778,
3,1,0.9953581690788268,0.0084176491945981,-1.1159441205753418,Relevancia absoluta,0.7931839018128812,0.8935373696560652,0.100353467843184,
3,1,0.9953581690788268,0.0084176491945981,-1.1159441205753418,Solo secciones positivas,0.0276769167129017,0.9720772604147594,0.9444003437018575,18.0
4,0,0.0179618280380964,0.0084176491945981,-1.1370864102084255,Relevancia a secas,0.5324908460283445,0.0200941241993051,-0.5123967218290394,
4,0,0.0179618280380964,0.0084176491945981,-1.1370864102084255,Relevancia absoluta,0.0166558881820593,0.0264429497118625,0.0097870615298031,
4,0,0.0179618280380964,0.0084176491945981,-1.1370864102084255,Solo secciones positivas,0.917167700434986,0.0150972867237502,-0.9020704137112356,19.0
5,0,0.0231906473636627,0.0084176491945981,-0.8997262899835249,Relevancia a secas,0.6452137715079718,0.0795783080488475,-0.5656354634591242,
5,0,0.0231906473636627,0.0084176491945981,-0.8997262899835249,Relevancia absoluta,0.4885406725160363,0.2443447223761015,-0.2441959501399347,
5,0,0.0231906473636627,0.0084176491945981,-0.8997262899835249,Solo secciones positivas,0.9577370802561442,0.0621497038190236,-0.8955873764371206,15.0
6,1,0.9994326233863832,0.0084176491945981,-0.7724504587896366,Relevancia a secas,0.419633155425989,0.9500847900182836,0.5304516345922946,
6,1,0.9994326233863832,0.0084176491945981,-0.7724504587896366,Relevancia absoluta,0.7537898137751554,0.9500563172106112,0.1962665034354558,
6,1,0.9994326233863832,0.0084176491945981,-0.7724504587896366,Solo secciones positivas,0.2825400967747992,0.9219481184592714,0.6394080216844722,23.0
7,0,0.0082261366769671,0.0084176491945981,0.0192123241094376,Relevancia a secas,0.0083756514359265,0.0083626436793969,-1.3007756529580944e-05,
7,0,0.0082261366769671,0.0084176491945981,0.0192123241094376,Relevancia absoluta,0.0083798588150077,0.0083624289578033,-1.7429857204357205e-05,
7,0,0.0082261366769671,0.0084176491945981,0.0192123241094376,Solo secciones positivas,0.008573065046221,0.0080996267497539,-0.000473438296467,2.0
8,0,0.0268179848790168,0.0084176491945981,-0.5024927294964471,Relevancia a secas,0.6747583531412401,0.157770287218025,-0.5169880659232151,
8,0,0.0268179848790168,0.0084176491945981,-0.5024927294964471,Relevancia absoluta,0.4203328765773524,0.7043485332590839,0.2840156566817314,
8,0,0.0268179848790168,0.0084176491945981,-0.5024927294964471,Solo secciones positivas,0.8594921380281448,0.002208928375587,-0.8572832096525578,17.0
9,1,0.9999997615814208,0.0084176491945981,-0.7536865885587923,Relevancia a secas,0.0590883731893218,0.986165968908204,0.9270775957188824,
9,1,0.9999997615814208,0.0084176491945981,-0.7536865885587923,Relevancia absoluta,0.3877779709631189,0.9324595779180528,0.5446816069549338,
9,1,0.9999997615814208,0.0084176491945981,-0.7536865885587923,Solo secciones positivas,0.079188811721192,0.9737882018089294,0.8945993900877374,19.0
10,1,0.999998927116394,0.0084176491945981,-1.6244379074880484,Relevancia a secas,0.2910063681678994,0.8896586819965806,0.5986523138286812,
10,1,0.999998927116394,0.0084176491945981,-1.6244379074880484,Relevancia absoluta,0.7139328981606129,0.6713907931502304,-0.0425421050103824,
10,1,0.999998927116394,0.0084176491945981,-1.6244379074880484,Solo secciones positivas,0.0312562157753522,0.7880611155705992,0.756804899795247,16.0
11,0,0.0117888813838362,0.0084176491945981,-0.4451895314720557,Relevancia a secas,0.4072873697150498,0.0275924180249502,-0.3796949516900996,
11,0,0.0117888813838362,0.0084176491945981,-0.4451895314720557,Relevancia absoluta,0.1898680345103558,0.2073587165472822,0.0174906820369263,
11,0,0.0117888813838362,0.0084176491945981,-0.4451895314720557,Solo secciones positivas,0.6694224872626364,0.0052038861067558,-0.6642186011558806,16.0
12,1,0.9528260231018066,0.0084176491945981,-0.4235710326432144,Relevancia a secas,0.2930193552781831,0.9851354824172126,0.6921161271390295,
12,1,0.9528260231018066,0.0084176491945981,-0.4235710326432144,Relevancia absoluta,0.5957844582250497,0.9297174518679236,0.333932993642874,
12,1,0.9528260231018066,0.0084176491945981,-0.4235710326432144,Solo secciones positivas,0.1049783146429123,0.964585372379848,0.8596070577369355,14.0
13,0,0.0093944799154996,0.0084176491945981,-18.57339437057269,Relevancia a secas,0.067638992694103,0.0087051891281993,-0.0589338035659036,
13,0,0.0093944799154996,0.0084176491945981,-18.57339437057269,Relevancia absoluta,0.0081664124445524,0.0086645230961342,0.0004981106515818,
13,0,0.0093944799154996,0.0084176491945981,-18.57339437057269,Solo secciones positivas,0.0867274849276457,0.0076838978122742,-0.0790435871153715,21.0
14,0,0.0175896752625703,0.0084176491945981,-0.8767314209216746,Relevancia a secas,0.2868112482182268,0.0463080634492346,-0.2405031847689922,
14,0,0.0175896752625703,0.0084176491945981,-0.8767314209216746,Relevancia absoluta,0.0516521176602206,0.5628397098690686,0.511187592208848,
14,0,0.0175896752625703,0.0084176491945981,-0.8767314209216746,Solo secciones positivas,0.4171984313676754,0.017009526331094,-0.4001889050365813,12.0
15,1,1.0,0.0084176491945981,-1.269304625414906,Relevancia a secas,0.5183402882552514,0.9861866881450018,0.4678463998897504,
15,1,1.0,0.0084176491945981,-1.269304625414906,Relevancia absoluta,0.4088644237916306,0.9783344103230373,0.5694699865314066,
15,1,1.0,0.0084176491945981,-1.269304625414906,Solo secciones positivas,0.5205475352753369,0.9792803277571996,0.4587327924818626,24.0
16,0,0.0118497302755713,0.0084176491945981,-1.645570408708012,Relevancia a secas,0.0321929909599324,0.0076402244158089,-0.0245527665441234,
16,0,0.0118497302755713,0.0084176491945981,-1.645570408708012,Relevancia absoluta,0.0085101706338011,0.0119288171538048,0.0034186465200036,
16,0,0.0118497302755713,0.0084176491945981,-1.645570408708012,Solo secciones positivas,0.0488772162701934,0.0060218893922865,-0.0428553268779069,20.0
17,0,0.0069445916451513,0.0084176491945981,-0.0572810313703855,Relevancia a secas,0.0210792339251687,0.0071311844254119,-0.0139480494997567,
17,0,0.0069445916451513,0.0084176491945981,-0.0572810313703855,Relevancia absoluta,0.008257212738196,0.0077036312238002,-0.0005535815143957,
17,0,0.0069445916451513,0.0084176491945981,-0.0572810313703855,Solo secciones positivas,0.0317199686542153,0.0077140721130288,-0.0240058965411865,18.0
18,0,0.0182564314454793,0.0084176491945981,-36.671622979766624,Relevancia a secas,0.0159703504242416,0.0105852097409903,-0.0053851406832513,
18,0,0.0182564314454793,0.0084176491945981,-36.671622979766624,Relevancia absoluta,0.0040644506805986,0.0076104995160777,0.0035460488354791,
18,0,0.0182564314454793,0.0084176491945981,-36.671622979766624,Solo secciones positivas,0.0168739215936511,0.0105491743739548,-0.0063247472196962,20.0
19,1,1.0,0.0084176491945981,-0.575153558842154,Relevancia a secas,0.5132572055331951,0.9862278997898102,0.4729706942566151,
19,1,1.0,0.0084176491945981,-0.575153558842154,Relevancia absoluta,0.8458217483841711,0.9862189143896104,0.1403971660054391,
19,1,1.0,0.0084176491945981,-0.575153558842154,Solo secciones positivas,0.4077183799636822,0.9708357909146476,0.5631174109509655,17.0
20,1,0.9863600134849548,0.0084176491945981,-0.5084525875987527,Relevancia a secas,0.2022808566325503,0.9551855226357778,0.7529046660032275,
20,1,0.9863600134849548,0.0084176491945981,-0.5084525875987527,Relevancia absoluta,0.2407428505596303,0.5335298183684548,0.2927869678088245,
20,1,0.9863600134849548,0.0084176491945981,-0.5084525875987527,Solo secciones positivas,0.1921849681484272,0.9676007453133078,0.7754157771648805,17.0
21,1,0.9994807839393616,0.0084176491945981,-0.2512021723846743,Relevancia a secas,0.0763925952693488,0.9824608547819984,0.9060682595126496,
21,1,0.9994807839393616,0.0084176491945981,-0.2512021723846743,Relevancia absoluta,0.5498517932945917,0.94803034596973,0.3981785526751382,
21,1,0.9994807839393616,0.0084176491945981,-0.2512021723846743,Solo secciones positivas,0.0268342236155459,0.9719439368498952,0.9451097132343492,19.0
22,0,0.0248359758406877,0.0084176491945981,-1.002664957236722,Relevancia a secas,0.620130127399332,0.3650517672825419,-0.2550783601167901,
22,0,0.0248359758406877,0.0084176491945981,-1.002664957236722,Relevancia absoluta,0.4697781784020158,0.7195815507050913,0.2498033723030755,
22,0,0.0248359758406877,0.0084176491945981,-1.002664957236722,Solo secciones positivas,0.8518510271648043,0.013702048696072,-0.8381489784687323,19.0
23,1,0.9999997615814208,0.0084176491945981,-0.1498302547129824,Relevancia a secas,0.1281339064449341,0.957958980748016,0.8298250743030818,
23,1,0.9999997615814208,0.0084176491945981,-0.1498302547129824,Relevancia absoluta,0.2903015823359454,0.8739126069833422,0.5836110246473967,
23,1,0.9999997615814208,0.0084176491945981,-0.1498302547129824,Solo secciones positivas,0.0251486425360723,0.9318068125285208,0.9066581699924484,22.0
24,1,0.9999998807907104,0.0084176491945981,-0.4404619718142981,Relevancia a secas,0.4112135817367805,0.9861844496594536,0.574970867922673,
24,1,0.9999998807907104,0.0084176491945981,-0.4404619718142981,Relevancia absoluta,0.5420025519108296,0.6528503588875462,0.1108478069767165,
24,1,0.9999998807907104,0.0084176491945981,-0.4404619718142981,Solo secciones positivas,0.0505715059616816,0.9751320123672484,0.9245605064055668,20.0
25,0,0.0074139195494353,0.0084176491945981,0.1710522011601031,Relevancia a secas,0.0093567575612622,0.0070702072181221,-0.0022865503431401,
25,0,0.0074139195494353,0.0084176491945981,0.1710522011601031,Relevancia absoluta,0.0084985845799868,0.0076725015468481,-0.0008260830331386,
25,0,0.0074139195494353,0.0084176491945981,0.1710522011601031,Solo secciones positivas,0.0104130311784419,0.0064748167060315,-0.0039382144724103,11.0
26,1,0.999923825263977,0.0084176491945981,-0.6003769639742492,Relevancia a secas,0.242516014280688,0.9521162004934416,0.7096001862127537,
26,1,0.999923825263977,0.0084176491945981,-0.6003769639742492,Relevancia absoluta,0.4748409468872726,0.2982000212280411,-0.1766409256592314,
26,1,0.999923825263977,0.0084176491945981,-0.6003769639742492,Solo secciones positivas,0.0305899004818364,0.8994880520245608,0.8688981515427243,17.0
27,0,0.0724024027585983,0.0084176491945981,-0.3764181627075945,Relevancia a secas,0.9461941125078336,0.4993141533315719,-0.4468799591762615,
27,0,0.0724024027585983,0.0084176491945981,-0.3764181627075945,Relevancia absoluta,0.8579651062480278,0.5424441038113501,-0.3155210024366777,
27,0,0.0724024027585983,0.0084176491945981,-0.3764181627075945,Solo secciones positivas,0.9212976545095444,0.0263265219672931,-0.8949711325422512,18.0
28,1,1.0,0.0084176491945981,-1.4941579548733468,Relevancia a secas,0.6480768384456359,0.9855491518974304,0.3374723134517945,
28,1,1.0,0.0084176491945981,-1.4941579548733468,Relevancia absoluta,0.8739553140605696,0.9336519406901466,0.0596966266295769,
28,1,1.0,0.0084176491945981,-1.4941579548733468,Solo secciones positivas,0.7187500000536493,0.9674856066703796,0.2487356066167303,16.0
29,0,0.0130052650347352,0.0084176491945981,-4.162588787868553,Relevancia a secas,0.0631901679868557,0.0138982991791433,-0.0492918688077123,
29,0,0.0130052650347352,0.0084176491945981,-4.162588787868553,Relevancia absoluta,0.0106445342858528,0.0198410883830446,0.0091965540971917,
29,0,0.0130052650347352,0.0084176491945981,-4.162588787868553,Solo secciones positivas,0.1367207614084085,0.0114404518778125,-0.1252803095305959,15.0
30,0,0.0088047478348016,0.0084176491945981,-1.064778262851382,Relevancia a secas,0.023828535573557,0.0098665689713218,-0.0139619666022352,
30,0,0.0088047478348016,0.0084176491945981,-1.064778262851382,Relevancia absoluta,0.0100494264883713,0.0093307523315565,-0.0007186741568148,
30,0,0.0088047478348016,0.0084176491945981,-1.064778262851382,Solo secciones positivas,0.0418553178986677,0.0099499422626999,-0.0319053756359678,13.0
31,0,0.0075724488124251,0.0084176491945981,0.2328741435677153,Relevancia a secas,0.0097943766840866,0.0074539101283465,-0.0023404665557401,
31,0,0.0075724488124251,0.0084176491945981,0.2328741435677153,Relevancia absoluta,0.0083597228463206,0.0080460647919348,-0.0003136580543858,
31,0,0.0075724488124251,0.0084176491945981,0.2328741435677153,Solo secciones positivas,0.009891963971313,0.0067812306806445,-0.0031107332906685,8.0
32,0,0.0076857996173202,0.0084176491945981,0.3206975189407519,Relevancia a secas,0.0085236941231414,0.0079559244525929,-0.0005677696705485,
32,0,0.0076857996173202,0.0084176491945981,0.3206975189407519,Relevancia absoluta,0.0076666523754182,0.0087808493214348,0.0011141969460166,
32,0,0.0076857996173202,0.0084176491945981,0.3206975189407519,Solo secciones positivas,0.0096848893112369,0.0068823298705475,-0.0028025594406894,7.0
33,0,0.009448992088437,0.0084176491945981,-0.0730473248536087,Relevancia a secas,0.1236879755875893,0.006042897475085,-0.1176450781125043,
33,0,0.009448992088437,0.0084176491945981,-0.0730473248536087,Relevancia absoluta,0.0096899935576532,0.0097036801677729,1.3686610119682807e-05,
33,0,0.009448992088437,0.0084176491945981,-0.0730473248536087,Solo secciones positivas,0.2199060423847507,0.0043665070826297,-0.215539535302121,17.0
34,0,0.008784526027739,0.0084176491945981,0.007578024026449,Relevancia a secas,0.0095298917343219,0.008937118626717,-0.0005927731076048,
34,0,0.008784526027739,0.0084176491945981,0.007578024026449,Relevancia absoluta,0.0086586632403648,0.0091952956022901,0.0005366323619253,
34,0,0.008784526027739,0.0084176491945981,0.007578024026449,Solo secciones positivas,0.0113153518177568,0.0083263559499755,-0.0029889958677813,8.0
35,0,0.0081287138164043,0.0084176491945981,-0.0747023883897659,Relevancia a secas,0.0083980195405375,0.0081813341627518,-0.0002166853777857,
35,0,0.0081287138164043,0.0084176491945981,-0.0747023883897659,Relevancia absoluta,0.0083980195405375,0.0081813341627518,-0.0002166853777857,
35,0,0.0081287138164043,0.0084176491945981,-0.0747023883897659,Solo secciones positivas,,,,0.0
36,1,0.919595181941986,0.0084176491945981,-1.2773175339059455,Relevancia a secas,0.3762508457548011,0.9776173796918656,0.6013665339370645,
36,1,0.919595181941986,0.0084176491945981,-1.2773175339059455,Relevancia absoluta,0.8048405847310075,0.9535703222370808,0.1487297375060734,
36,1,0.919595181941986,0.0084176491945981,-1.2773175339059455,Solo secciones positivas,0.082863054862524,0.9708353070651784,0.8879722522026543,17.0
37,1,1.0,0.0084176491945981,-1.2153418462962933,Relevancia a secas,0.1239655434355851,0.8195612040391103,0.6955956606035251,
37,1,1.0,0.0084176491945981,-1.2153418462962933,Relevancia absoluta,0.8202051870110975,0.5141246921858021,-0.3060804948252953,
37,1,1.0,0.0084176491945981,-1.2153418462962933,Solo secciones positivas,0.0238123948463947,0.6906766109064423,0.6668642160600475,21.0
38,0,0.0095390183851122,0.0084176491945981,-1.1082951566740349,Relevancia a secas,0.7022172988185452,0.3098478958815526,-0.3923694029369926,
38,0,0.0095390183851122,0.0084176491945981,-1.1082951566740349,Relevancia absoluta,0.4232776279670816,0.6159988556367656,0.1927212276696839,
38,0,0.0095390183851122,0.0084176491945981,-1.1082951566740349,Solo secciones positivas,0.8454315213020891,0.5206901004938231,-0.3247414208082659,16.0
39,1,0.7744925618171692,0.0084176491945981,-0.6913775051381429,Relevancia a secas,0.0240539777435867,0.586437977142244,0.5623839993986572,
39,1,0.7744925618171692,0.0084176491945981,-0.6913775051381429,Relevancia absoluta,0.0249400937940027,0.4028816127748643,0.3779415189808615,
39,1,0.7744925618171692,0.0084176491945981,-0.6913775051381429,Solo secciones positivas,0.0453543736762452,0.7084678816670357,0.6631135079907905,19.0
40,0,0.0122842686250805,0.0084176491945981,-0.848740322590289,Relevancia a secas,0.5579774883549867,0.1408483993857064,-0.4171290889692803,
40,0,0.0122842686250805,0.0084176491945981,-0.848740322590289,Relevancia absoluta,0.5256325116950191,0.5349376337964916,0.0093051221014724,
40,0,0.0122842686250805,0.0084176491945981,-0.848740322590289,Solo secciones positivas,0.8220157269388437,0.1341946361819282,-0.6878210907569156,20.0
41,0,0.0842032060027122,0.0084176491945981,-0.8637774098164368,Relevancia a secas,0.5259326252788822,0.1481646637656674,-0.3777679615132148,
41,0,0.0842032060027122,0.0084176491945981,-0.8637774098164368,Relevancia absoluta,0.4189525377721069,0.4933689833204779,0.074416445548371,
41,0,0.0842032060027122,0.0084176491945981,-0.8637774098164368,Solo secciones positivas,0.9172494371732076,0.0014439941394812,-0.9158054430337264,15.0
42,1,1.0,0.0084176491945981,-0.8833569824224199,Relevancia a secas,0.0701293390688666,0.9029122564792892,0.8327829174104224,
42,1,1.0,0.0084176491945981,-0.8833569824224199,Relevancia absoluta,0.287364333364379,0.8835807780689922,0.5962164447046131,
42,1,1.0,0.0084176491945981,-0.8833569824224199,Solo secciones positivas,0.0217401213360742,0.8480376741575564,0.8262975528214821,23.0
43,1,1.0,0.0084176491945981,-0.6379040099724461,Relevancia a secas,0.1516803594132773,0.9063491056740128,0.7546687462607355,
43,1,1.0,0.0084176491945981,-0.6379040099724461,Relevancia absoluta,0.3563029040537159,0.7362269170116633,0.3799240129579474,
43,1,1.0,0.0084176491945981,-0.6379040099724461,Solo secciones positivas,0.0762462427741602,0.8225562002244454,0.7463099574502852,19.0
44,1,1.0,0.0084176491945981,-0.9715655749234342,Relevancia a secas,0.5963610548452323,0.9833606580893198,0.3869996032440875,
44,1,1.0,0.0084176491945981,-0.9715655749234342,Relevancia absoluta,0.9306131974929788,0.790775195074275,-0.1398380024187039,
44,1,1.0,0.0084176491945981,-0.9715655749234342,Solo secciones positivas,0.124875516893443,0.969013050198555,0.844137533305112,16.0
45,1,1.0,0.0084176491945981,-0.6103245422797456,Relevancia a secas,0.0332094111731368,0.9310205595878264,0.8978111484146896,
45,1,1.0,0.0084176491945981,-0.6103245422797456,Relevancia absoluta,0.3242062809689564,0.8537530018899513,0.529546720920995,
45,1,1.0,0.0084176491945981,-0.6103245422797456,Solo secciones positivas,0.0233830324249564,0.8871252835643563,0.8637422511393998,22.0
46,0,0.2508697211742401,0.0084176491945981,-0.5100074277867455,Relevancia a secas,0.5137198622234994,0.2457373764960849,-0.2679824857274144,
46,0,0.2508697211742401,0.0084176491945981,-0.5100074277867455,Relevancia absoluta,0.2113010994572606,0.3098012996423575,0.0985002001850968,
46,0,0.2508697211742401,0.0084176491945981,-0.5100074277867455,Solo secciones positivas,0.9282342791557312,0.0011796193651704,-0.9270546597905608,14.0
47,0,0.0079506812617182,0.0084176491945981,0.2574786082363731,Relevancia a secas,0.0090471242687531,0.0079566715152135,-0.0010904527535395,
47,0,0.0079506812617182,0.0084176491945981,0.2574786082363731,Relevancia absoluta,0.0084516273944505,0.0084604594590408,8.832064590283059e-06,
47,0,0.0079506812617182,0.0084176491945981,0.2574786082363731,Solo secciones positivas,0.0098712664718429,0.0073876171890232,-0.0024836492828196,9.0
48,1,0.9999998807907104,0.0084176491945981,-0.8777111710197187,Relevancia a secas,0.125114067403527,0.9584502435754984,0.8333361761719714,
48,1,0.9999998807907104,0.0084176491945981,-0.8777111710197187,Relevancia absoluta,0.5906239839315313,0.5306898362178061,-0.0599341477137251,
48,1,0.9999998807907104,0.0084176491945981,-0.8777111710197187,Solo secciones positivas,0.0277777744664501,0.9169004902554057,0.8891227157889554,18.0
49,0,0.1032646894454956,0.0084176491945981,-0.817575813951876,Relevancia a secas,0.853193312831637,0.6321600332584013,-0.2210332795732357,
49,0,0.1032646894454956,0.0084176491945981,-0.817575813951876,Relevancia absoluta,0.7082175847867298,0.7251525167375803,0.0169349319508504,
49,0,0.1032646894454956,0.0084176491945981,-0.817575813951876,Solo secciones positivas,0.9618216639473324,0.5523109539876714,-0.4095107099596611,21.0
50,1,0.9999622106552124,0.0084176491945981,-0.3618207390749149,Relevancia a secas,0.3890936899960653,0.9860298054085838,0.5969361154125183,
50,1,0.9999622106552124,0.0084176491945981,-0.3618207390749149,Relevancia absoluta,0.4073507996899863,0.9861747374137242,0.5788239377237379,
50,1,0.9999622106552124,0.0084176491945981,-0.3618207390749149,Solo secciones positivas,0.0312523030681176,0.969013050198555,0.9377607471304372,16.0
51,0,0.2329295426607132,0.0084176491945981,-0.5862719877400531,Relevancia a secas,0.9047969611258142,0.2401187199188075,-0.6646782412070067,
51,0,0.2329295426607132,0.0084176491945981,-0.5862719877400531,Relevancia absoluta,0.7822601022716197,0.2131217394256737,-0.569138362845946,
51,0,0.2329295426607132,0.0084176491945981,-0.5862719877400531,Solo secciones positivas,0.978692458735572,0.0004425300664641,-0.9782499286691078,18.0
52,1,1.0,0.0084176491945981,-0.3997237010819551,Relevancia a secas,0.2287953233620093,0.9310044291196392,0.7022091057576298,
52,1,1.0,0.0084176491945981,-0.3997237010819551,Relevancia absoluta,0.5605465994756387,0.9310039887075416,0.3704573892319028,
52,1,1.0,0.0084176491945981,-0.3997237010819551,Solo secciones positivas,0.1041666666666666,0.8965066436794586,0.792339977012792,24.0
53,0,0.2242033332586288,0.0084176491945981,-0.7102365504945058,Relevancia a secas,0.6721499260424431,0.2443540441705004,-0.4277958818719426,
53,0,0.2242033332586288,0.0084176491945981,-0.7102365504945058,Relevancia absoluta,0.0264084030671117,0.3956352580571547,0.369226854990043,
53,0,0.2242033332586288,0.0084176491945981,-0.7102365504945058,Solo secciones positivas,0.8976262632538291,0.0016773245421491,-0.8959489387116799,17.0
54,0,0.0080090947449207,0.0084176491945981,0.3376735245776673,Relevancia a secas,0.0155924331500298,0.0067470551132121,-0.0088453780368177,
54,0,0.0080090947449207,0.0084176491945981,0.3376735245776673,Relevancia absoluta,0.0094099705004029,0.0076054254701981,-0.0018045450302047,
54,0,0.0080090947449207,0.0084176491945981,0.3376735245776673,Solo secciones positivas,0.0221999599908789,0.0059068032850821,-0.0162931567057967,15.0
55,1,0.9999998807907104,0.0084176491945981,-0.5894890006847227,Relevancia a secas,0.2310194132900917,0.7642956326534558,0.533276219363364,
55,1,0.9999998807907104,0.0084176491945981,-0.5894890006847227,Relevancia absoluta,0.8796293474038082,0.6055408052404904,-0.2740885421633178,
55,1,0.9999998807907104,0.0084176491945981,-0.5894890006847227,Solo secciones positivas,0.2479827468742827,0.7361546684089049,0.4881719215346221,17.0
56,0,0.0310380365699529,0.0084176491945981,-0.9483358912557392,Relevancia a secas,0.3763889111319763,0.1524642246107659,-0.2239246865212104,
56,0,0.0310380365699529,0.0084176491945981,-0.9483358912557392,Relevancia absoluta,0.0598052180139347,0.0891314840151204,0.0293262660011856,
56,0,0.0310380365699529,0.0084176491945981,-0.9483358912557392,Solo secciones positivas,0.366375849386187,0.0495968425067602,-0.3167790068794267,19.0
57,0,0.0082065416499972,0.0084176491945981,0.0254766872003541,Relevancia a secas,0.0087283209173215,0.008165790595942,-0.0005625303213795,
57,0,0.0082065416499972,0.0084176491945981,0.0254766872003541,Relevancia absoluta,0.0086538163789858,0.0081773579068895,-0.0004764584720962,
57,0,0.0082065416499972,0.0084176491945981,0.0254766872003541,Solo secciones positivas,0.0088632873569925,0.0081329305345813,-0.0007303568224112,3.0
58,1,0.9999885559082032,0.0084176491945981,-0.4878044851039593,Relevancia a secas,0.4982735967525673,0.9636311299271056,0.4653575331745382,
58,1,0.9999885559082032,0.0084176491945981,-0.4878044851039593,Relevancia absoluta,0.7132728173761285,0.6753771413362755,-0.037895676039853,
58,1,0.9999885559082032,0.0084176491945981,-0.4878044851039593,Solo secciones positivas,0.0454540256622778,0.95492807301608,0.909474047353802,11.0
59,0,0.0142023628577589,0.0084176491945981,-0.759827855845111,Relevancia a secas,0.5626347593963147,0.0638358391517873,-0.4987989202445274,
59,0,0.0142023628577589,0.0084176491945981,-0.759827855845111,Relevancia absoluta,0.5015428643939751,0.5555464856858764,0.0540036212919012,
59,0,0.0142023628577589,0.0084176491945981,-0.759827855845111,Solo secciones positivas,0.8800267547369003,0.0127570351636677,-0.8672697195732325,20.0
60,1,0.9999587535858154,0.0084176491945981,-0.4044574448021244,Relevancia a secas,0.3782771165253769,0.9127817009176526,0.5345045843922758,
60,1,0.9999587535858154,0.0084176491945981,-0.4044574448021244,Relevancia absoluta,0.7652932206967048,0.98081328528268,0.2155200645859751,
60,1,0.9999587535858154,0.0084176491945981,-0.4044574448021244,Solo secciones positivas,0.0368381072167003,0.7819571473768779,0.7451190401601776,14.0
61,1,1.0,0.0084176491945981,-0.5241936384325367,Relevancia a secas,0.1069564060640521,0.9862280189990996,0.8792716129350476,
61,1,1.0,0.0084176491945981,-0.5241936384325367,Relevancia absoluta,0.323382532636435,0.852606294637876,0.5292237620014408,
61,1,1.0,0.0084176491945981,-0.5241936384325367,Solo secciones positivas,0.029411765681399,0.9708358119515812,0.9414240462701822,17.0
62,0,0.4637811481952667,0.0084176491945981,-9.331738210979264,Relevancia a secas,0.7834239853546024,0.4821686613528678,-0.3012553240017346,
62,0,0.4637811481952667,0.0084176491945981,-9.331738210979264,Relevancia absoluta,0.6915862356933457,0.9502398216734744,0.2586535859801289,
62,0,0.4637811481952667,0.0084176491945981,-9.331738210979264,Solo secciones positivas,0.9271828134854636,0.0499811242075844,-0.8772016892778791,18.0
63,0,0.009203128516674,0.0084176491945981,-1.1750546664299613,Relevancia a secas,0.0211230527299145,0.0155160384925289,-0.0056070142373856,
63,0,0.009203128516674,0.0084176491945981,-1.1750546664299613,Relevancia absoluta,0.0143034294144146,0.0089269317169156,-0.005376497697499,
63,0,0.009203128516674,0.0084176491945981,-1.1750546664299613,Solo secciones positivas,0.0210284894797951,0.0104295405559241,-0.0105989489238709,20.0
64,1,1.0,0.0084176491945981,-0.1812585521025687,Relevancia a secas,0.0640947442685042,0.9862279560830858,0.9221332118145816,
64,1,1.0,0.0084176491945981,-0.1812585521025687,Relevancia absoluta,0.6926490670310966,0.9862245486842262,0.2935754816531295,
64,1,1.0,0.0084176491945981,-0.1812585521025687,Solo secciones positivas,0.0278044154951608,0.9724560446209378,0.9446516291257768,18.0
65,1,0.9999990463256836,0.0084176491945981,-0.2857676236371306,Relevancia a secas,0.2975596152616427,0.8094445676237237,0.511884952362081,
65,1,0.9999990463256836,0.0084176491945981,-0.2857676236371306,Relevancia absoluta,0.1254544554718818,0.4040049501705139,0.2785504946986321,
65,1,0.9999990463256836,0.0084176491945981,-0.2857676236371306,Solo secciones positivas,0.5347675044861103,0.9252394165378064,0.390471912051696,20.0
66,0,0.0363176390528678,0.0084176491945981,-18.172621044381305,Relevancia a secas,0.935422541366683,0.857542602552308,-0.077879938814375,
66,0,0.0363176390528678,0.0084176491945981,-18.172621044381305,Relevancia absoluta,0.9179646302945912,0.8663436983608536,-0.0516209319337376,
66,0,0.0363176390528678,0.0084176491945981,-18.172621044381305,Solo secciones positivas,0.9709302712889278,0.890128477531321,-0.0808017937576068,17.0
67,1,1.0,0.0084176491945981,-1.0467999001611044,Relevancia a secas,0.2908907399462946,0.9617880202001996,0.670897280253905,
67,1,1.0,0.0084176491945981,-1.0467999001611044,Relevancia absoluta,0.5195100017022822,0.7342857774455527,0.2147757757432704,
67,1,1.0,0.0084176491945981,-1.0467999001611044,Solo secciones positivas,0.0229404774861956,0.9374713057821448,0.914530828295949,22.0
68,1,1.0,0.0084176491945981,-0.8840929441101583,Relevancia a secas,0.4335267416150922,0.9721878742178282,0.538661132602736,
68,1,1.0,0.0084176491945981,-0.8840929441101583,Relevancia absoluta,0.315766002623557,0.6387514149149269,0.3229854122913699,
68,1,1.0,0.0084176491945981,-0.8840929441101583,Solo secciones positivas,0.151058433453242,0.9332508901755016,0.7821924567222596,15.0
69,1,0.9994551539421082,0.0084176491945981,-0.8488861306124275,Relevancia a secas,0.0325912452721335,0.9824223084109168,0.9498310631387834,
69,1,0.9994551539421082,0.0084176491945981,-0.8488861306124275,Relevancia absoluta,0.47285695046386,0.9193669259548188,0.4465099754909586,
69,1,0.9994551539421082,0.0084176491945981,-0.8488861306124275,Solo secciones positivas,0.0294087708387442,0.963837758583181,0.9344289877444368,17.0
70,0,0.1668419539928436,0.0084176491945981,-0.8020227296377236,Relevancia a secas,0.8565439159671465,0.5196607385820597,-0.3368831773850868,
70,0,0.1668419539928436,0.0084176491945981,-0.8020227296377236,Relevancia absoluta,0.6164525229897765,0.8049646326237255,0.188512109633949,
70,0,0.1668419539928436,0.0084176491945981,-0.8020227296377236,Solo secciones positivas,0.928370613800852,0.2926836232912759,-0.635686990509576,19.0
71,1,1.0,0.0084176491945981,-0.8815584504198277,Relevancia a secas,0.7613568481481512,0.9025572228985344,0.1412003747503831,
71,1,1.0,0.0084176491945981,-0.8815584504198277,Relevancia absoluta,0.8323111732283403,0.4876513189867006,-0.3446598542416396,
71,1,1.0,0.0084176491945981,-0.8815584504198277,Solo secciones positivas,0.7634159764822792,0.7936505896674867,0.0302346131852074,17.0
72,1,0.6083120107650757,0.0084176491945981,-0.6930179264076666,Relevancia a secas,0.292767010350368,0.9319479508059366,0.6391809404555686,
72,1,0.6083120107650757,0.0084176491945981,-0.6930179264076666,Relevancia absoluta,0.6870475648769311,0.6673948837178095,-0.0196526811591215,
72,1,0.6083120107650757,0.0084176491945981,-0.6930179264076666,Solo secciones positivas,0.0164191427381852,0.9454900104748576,0.9290708677366722,19.0
73,0,0.0109463883563876,0.0084176491945981,0.0039263800488251,Relevancia a secas,0.0500654670823779,0.0068601374126349,-0.0432053296697429,
73,0,0.0109463883563876,0.0084176491945981,0.0039263800488251,Relevancia absoluta,0.0097681125108566,0.0185019134595576,0.0087338009487009,
73,0,0.0109463883563876,0.0084176491945981,0.0039263800488251,Solo secciones positivas,0.0708286838859997,0.0052843686320226,-0.065544315253977,22.0
74,0,0.0096705500036478,0.0084176491945981,0.1157404045038817,Relevancia a secas,0.0142200071519861,0.007393494545896,-0.0068265126060901,
74,0,0.0096705500036478,0.0084176491945981,0.1157404045038817,Relevancia absoluta,0.0112223975463873,0.0087475802930485,-0.0024748172533387,
74,0,0.0096705500036478,0.0084176491945981,0.1157404045038817,Solo secciones positivas,0.0163484226291378,0.0057522871531546,-0.0105961354759832,15.0
75,0,0.0093504292890429,0.0084176491945981,-0.9483824459724104,Relevancia a secas,0.6550507225199707,0.6531158737165648,-0.0019348488034058,
75,0,0.0093504292890429,0.0084176491945981,-0.9483824459724104,Relevancia absoluta,0.4463544805896365,0.5346476356240197,0.0882931550343832,
75,0,0.0093504292890429,0.0084176491945981,-0.9483824459724104,Solo secciones positivas,0.8634714256558154,0.6282926429477004,-0.235178782708115,18.0
76,0,0.0080890115350484,0.0084176491945981,-0.7714490762096521,Relevancia a secas,0.0176260537053975,0.0094305705020411,-0.0081954832033564,
76,0,0.0080890115350484,0.0084176491945981,-0.7714490762096521,Relevancia absoluta,0.0091772995527005,0.0098312062521775,0.0006539066994769,
76,0,0.0080890115350484,0.0084176491945981,-0.7714490762096521,Solo secciones positivas,0.0203702270186373,0.0098159844055771,-0.0105542426130601,21.0
77,0,0.0081169651821255,0.0084176491945981,-1.1048387544898,Relevancia a secas,0.1589927316462207,0.0218951524131827,-0.1370975792330379,
77,0,0.0081169651821255,0.0084176491945981,-1.1048387544898,Relevancia absoluta,0.0089670377783477,0.0109438635408878,0.0019768257625401,
77,0,0.0081169651821255,0.0084176491945981,-1.1048387544898,Solo secciones positivas,0.246570126242226,0.0275684502862748,-0.2190016759559512,21.0
78,1,0.9999996423721312,0.0084176491945981,-0.5838704485463218,Relevancia a secas,0.1704355582777875,0.8742167332876282,0.7037811750098406,
78,1,0.9999996423721312,0.0084176491945981,-0.5838704485463218,Relevancia absoluta,0.2415298718661263,0.6528672104888328,0.4113373386227065,
78,1,0.9999996423721312,0.0084176491945981,-0.5838704485463218,Solo secciones positivas,0.1121469551837121,0.7942146950052906,0.6820677398215785,22.0
79,0,0.0077892066910862,0.0084176491945981,0.1486052711594818,Relevancia a secas,0.0086042753989911,0.0078231414469579,-0.0007811339520331,
79,0,0.0077892066910862,0.0084176491945981,0.1486052711594818,Relevancia absoluta,0.0085474374290141,0.0078474364191707,-0.0007000010098434,
79,0,0.0077892066910862,0.0084176491945981,0.1486052711594818,Solo secciones positivas,0.008607314278682,0.0079476147269209,-0.0006596995517611,3.0
80,0,0.0082461759448051,0.0084176491945981,0.3260866696728378,Relevancia a secas,0.0086949078055719,0.0081490759297998,-0.0005458318757721,
80,0,0.0082461759448051,0.0084176491945981,0.3260866696728378,Relevancia absoluta,0.0085614450896779,0.0083564491942524,-0.0002049958954254,
80,0,0.0082461759448051,0.0084176491945981,0.3260866696728378,Solo secciones positivas,0.0095457595307379,0.0073716103797778,-0.0021741491509601,4.0
81,1,0.99554044008255,0.0084176491945981,-1.2700075069927743,Relevancia a secas,0.3048663024130892,0.9768593452043004,0.6719930427912113,
81,1,0.99554044008255,0.0084176491945981,-1.2700075069927743,Relevancia absoluta,0.7576533205683519,0.9739691673053638,0.2163158467370118,
81,1,0.99554044008255,0.0084176491945981,-1.2700075069927743,Solo secciones positivas,0.033216142784817,0.9458355168501535,0.9126193740653368,15.0
82,0,0.0092602232471108,0.0084176491945981,0.3748421889755959,Relevancia a secas,0.0139952558868875,0.0069178272193918,-0.0070774286674956,
82,0,0.0092602232471108,0.0084176491945981,0.3748421889755959,Relevancia absoluta,0.0090850569669985,0.0098011292672405,0.000716072300242,
82,0,0.0092602232471108,0.0084176491945981,0.3748421889755959,Solo secciones positivas,0.0174137107614013,0.0053970731484393,-0.012016637612962,18.0
83,0,0.0079226279631257,0.0084176491945981,0.3743498098290669,Relevancia a secas,0.0093021322455671,0.0079560501682054,-0.0013460820773616,
83,0,0.0079226279631257,0.0084176491945981,0.3743498098290669,Relevancia absoluta,0.009139788750973,0.0079947952957202,-0.0011449934552527,
83,0,0.0079226279631257,0.0084176491945981,0.3743498098290669,Solo secciones positivas,0.0098890932276844,0.007427529990673,-0.0024615632370114,5.0
84,0,0.1120656430721283,0.0084176491945981,-0.7092629002840622,Relevancia a secas,0.7710899166348907,0.1505478914687046,-0.6205420251661861,
84,0,0.1120656430721283,0.0084176491945981,-0.7092629002840622,Relevancia absoluta,0.6351799084287552,0.6404312193238486,0.0052513108950934,
84,0,0.1120656430721283,0.0084176491945981,-0.7092629002840622,Solo secciones positivas,0.9735615674187156,0.006812065135658,-0.9667495022830574,17.0
85,0,0.0087655046954751,0.0084176491945981,0.5243284752437226,Relevancia a secas,0.0094773832501636,0.0084302495233714,-0.0010471337267922,
85,0,0.0087655046954751,0.0084176491945981,0.5243284752437226,Relevancia absoluta,0.0089077704534348,0.0091559984333192,0.0002482279798843,
85,0,0.0087655046954751,0.0084176491945981,0.5243284752437226,Solo secciones positivas,0.0107331798644736,0.0066164534073323,-0.0041167264571413,8.0
86,1,0.968100905418396,0.0084176491945981,-8.67441380729557,Relevancia a secas,0.5897241437079699,0.9567079927979244,0.3669838490899544,
86,1,0.968100905418396,0.0084176491945981,-8.67441380729557,Relevancia absoluta,0.8366308776506534,0.901073927439736,0.0644430497890827,
86,1,0.968100905418396,0.0084176491945981,-8.67441380729557,Solo secciones positivas,0.24107991657792,0.8941038936110479,0.6530239770331279,14.0
87,0,0.0077619273215532,0.0084176491945981,0.1896848905290827,Relevancia a secas,0.0086628787685185,0.0082352199695176,-0.0004276587990009,
87,0,0.0077619273215532,0.0084176491945981,0.1896848905290827,Relevancia absoluta,0.0085373362267596,0.0083483130308902,-0.0001890231958693,
87,0,0.0077619273215532,0.0084176491945981,0.1896848905290827,Solo secciones positivas,0.0087983075063675,0.0076168337836861,-0.0011814737226814,4.0
88,0,0.0203956868499517,0.0084176491945981,-0.7529547598076981,Relevancia a secas,0.7580045734066516,0.0907022171462207,-0.6673023562604309,
88,0,0.0203956868499517,0.0084176491945981,-0.7529547598076981,Relevancia absoluta,0.6914438424476732,0.6096513229939672,-0.081792519453706,
88,0,0.0203956868499517,0.0084176491945981,-0.7529547598076981,Solo secciones positivas,0.7414223022226777,0.0097490145251088,-0.7316732876975689,14.0
89,0,0.0091119362041354,0.0084176491945981,0.3094362657879045,Relevancia a secas,0.0103108053250859,0.0087956763001986,-0.0015151290248872,
89,0,0.0091119362041354,0.0084176491945981,0.3094362657879045,Relevancia absoluta,0.0087105873196075,0.0093836777377873,0.0006730904181798,
89,0,0.0091119362041354,0.0084176491945981,0.3094362657879045,Solo secciones positivas,0.0136785288341343,0.0076765374396927,-0.0060019913944415,8.0
90,0,0.1036141142249107,0.0084176491945981,-0.4466206552559258,Relevancia a secas,0.4549733090292042,0.4162451655314403,-0.0387281434977638,
90,0,0.1036141142249107,0.0084176491945981,-0.4466206552559258,Relevancia absoluta,0.1763393399564342,0.4485148440580814,0.2721755041016472,
90,0,0.1036141142249107,0.0084176491945981,-0.4466206552559258,Solo secciones positivas,0.6107563272118569,0.000434723101091,-0.6103216041107659,10.0
91,1,0.995964765548706,0.0084176491945981,-0.83162071296666,Relevancia a secas,0.4716241514137771,0.9855714712824142,0.5139473198686371,
91,1,0.995964765548706,0.0084176491945981,-0.83162071296666,Relevancia absoluta,0.9421540607831308,0.9427190391878996,0.0005649784047689,
91,1,0.995964765548706,0.0084176491945981,-0.83162071296666,Solo secciones positivas,0.3748991191551017,0.975210440158844,0.6003113210037422,20.0
92,1,1.0,0.0084176491945981,-1.3003981233164326,Relevancia a secas,0.2404162616596276,0.7666454368801903,0.5262291752205626,
92,1,1.0,0.0084176491945981,-1.3003981233164326,Relevancia absoluta,0.8743517726709088,0.3851622738141783,-0.4891894988567304,
92,1,1.0,0.0084176491945981,-1.3003981233164326,Solo secciones positivas,0.0250199766107471,0.5799646235654335,0.5549446469546865,20.0
93,1,0.8962198495864868,0.0084176491945981,-0.3526899372452973,Relevancia a secas,0.1038338396490487,0.979840730627378,0.8760068909783292,
93,1,0.8962198495864868,0.0084176491945981,-0.3526899372452973,Relevancia absoluta,0.2617888025288253,0.9748610224988724,0.7130722199700472,
93,1,0.8962198495864868,0.0084176491945981,-0.3526899372452973,Solo secciones positivas,0.1702431748009724,0.9669472535451252,0.7967040787441529,15.0
94,1,0.9999947547912598,0.0084176491945981,-0.9351370305022751,Relevancia a secas,0.1236991713975787,0.9269918954184956,0.8032927240209167,
94,1,0.9999947547912598,0.0084176491945981,-0.9351370305022751,Relevancia absoluta,0.5897906883358354,0.9254471827300204,0.335656494394185,
94,1,0.9999947547912598,0.0084176491945981,-0.9351370305022751,Solo secciones positivas,0.0294116862691399,0.8531883684543193,0.8237766821851794,17.0
95,0,0.0158417411148548,0.0084176491945981,-1.0039600944687563,Relevancia a secas,0.0660643343968937,0.0098778865455339,-0.0561864478513598,
95,0,0.0158417411148548,0.0084176491945981,-1.0039600944687563,Relevancia absoluta,0.0104274600485546,0.0168447343425618,0.0064172742940071,
95,0,0.0158417411148548,0.0084176491945981,-1.0039600944687563,Solo secciones positivas,0.0869892227929085,0.0083532268181443,-0.0786359959747642,16.0
96,1,1.0,0.0084176491945981,-0.5083320743304476,Relevancia a secas,0.6523295152573703,0.5877110644808757,-0.0646184507764945,
96,1,1.0,0.0084176491945981,-0.5083320743304476,Relevancia absoluta,0.6840232914805205,0.4087405891702423,-0.2752827023102782,
96,1,1.0,0.0084176491945981,-0.5083320743304476,Solo secciones positivas,0.3684210526420414,0.2191092186158608,-0.1493118340261805,19.0
97,0,0.0094889672473073,0.0084176491945981,-0.772953492291586,Relevancia a secas,0.659239436396294,0.2021233618461722,-0.4571160745501217,
97,0,0.0094889672473073,0.0084176491945981,-0.772953492291586,Relevancia absoluta,0.2752356740853025,0.3097576991034051,0.0345220250181025,
97,0,0.0094889672473073,0.0084176491945981,-0.772953492291586,Solo secciones positivas,0.9333962013267656,0.3193564876398392,-0.6140397136869264,22.0
98,0,0.0090689621865749,0.0084176491945981,-6.362703976125208,Relevancia a secas,0.4020643147329489,0.0082968973577711,-0.3937674173751778,
98,0,0.0090689621865749,0.0084176491945981,-6.362703976125208,Relevancia absoluta,0.0165634441655129,0.0137708423038323,-0.0027926018616805,
98,0,0.0090689621865749,0.0084176491945981,-6.362703976125208,Solo secciones positivas,0.6576461019437938,0.0063305410880102,-0.6513155608557836,21.0
99,1,0.8330156803131104,0.0084176491945981,-0.5446945395270195,Relevancia a secas,0.2360464959408931,0.851693428742389,0.6156469328014958,
99,1,0.8330156803131104,0.0084176491945981,-0.5446945395270195,Relevancia absoluta,0.1443156974098909,0.4806869289863648,0.336371231576474,
99,1,0.8330156803131104,0.0084176491945981,-0.5446945395270195,Solo secciones positivas,0.0222263923644624,0.9721999042912534,0.9499735119267908,19.0
100,0,0.0088407760486006,0.0084176491945981,-0.701725067388409,Relevancia a secas,0.5962240394049635,0.2966005629859864,-0.2996234764189771,
100,0,0.0088407760486006,0.0084176491945981,-0.701725067388409,Relevancia absoluta,0.0258477558769906,0.0385405730404373,0.0126928171634467,
100,0,0.0088407760486006,0.0084176491945981,-0.701725067388409,Solo secciones positivas,0.9068321550831846,0.4434199991190563,-0.4634121559641283,23.0
101,0,0.0108310133218765,0.0084176491945981,-0.662302526894256,Relevancia a secas,0.7017331746044674,0.1129905007029366,-0.5887426739015307,
101,0,0.0108310133218765,0.0084176491945981,-0.662302526894256,Relevancia absoluta,0.5648852712992165,0.3682253611687984,-0.196659910130418,
101,0,0.0108310133218765,0.0084176491945981,-0.662302526894256,Solo secciones positivas,0.8838301527460939,0.0276109339473278,-0.8562192187987661,19.0
102,0,0.0074340249411761,0.0084176491945981,-53.71686509949228,Relevancia a secas,0.2692959089763462,0.0272961639307646,-0.2419997450455816,
102,0,0.0074340249411761,0.0084176491945981,-53.71686509949228,Relevancia absoluta,0.0136942782620381,0.0141319752696694,0.0004376970076312,
102,0,0.0074340249411761,0.0084176491945981,-53.71686509949228,Solo secciones positivas,0.4354994281505545,0.0347896038244167,-0.4007098243261377,21.0
103,1,1.0,0.0084176491945981,-0.8163874166329501,Relevancia a secas,0.0157072466573511,0.418356584592168,0.4026493379348169,
103,1,1.0,0.0084176491945981,-0.8163874166329501,Relevancia absoluta,0.0975499221698759,0.5166660057536017,0.4191160835837257,
103,1,1.0,0.0084176491945981,-0.8163874166329501,Solo secciones positivas,0.0310269291155498,0.5277618408051304,0.4967349116895805,18.0
104,0,0.008737901225686,0.0084176491945981,-15.461482267918637,Relevancia a secas,0.135271655395627,0.0092904934168068,-0.1259811619788201,
104,0,0.008737901225686,0.0084176491945981,-15.461482267918637,Relevancia absoluta,0.0083112878750802,0.0105089747295197,0.0021976868544394,
104,0,0.008737901225686,0.0084176491945981,-15.461482267918637,Solo secciones positivas,0.2384052942261884,0.0078743710672776,-0.2305309231589107,19.0
105,1,0.9827587008476256,0.0084176491945981,-1.0286561938791692,Relevancia a secas,0.4313793142959564,0.9146239068359138,0.4832445925399574,
105,1,0.9827587008476256,0.0084176491945981,-1.0286561938791692,Relevancia absoluta,0.5829853583385961,0.9116396223091418,0.3286542639705456,
105,1,0.9827587008476256,0.0084176491945981,-1.0286561938791692,Solo secciones positivas,0.0957422209669281,0.8133452397305518,0.7176030187636238,16.0
106,0,0.0082356883212924,0.0084176491945981,0.0709961534104168,Relevancia a secas,0.0087951852991763,0.0079916732178794,-0.0008035120812969,
106,0,0.0082356883212924,0.0084176491945981,0.0709961534104168,Relevancia absoluta,0.0087573547174947,0.0080025012785982,-0.0007548534388964,
106,0,0.0082356883212924,0.0084176491945981,0.0709961534104168,Solo secciones positivas,0.0085450205951929,0.0082324808463454,-0.0003125397488474,1.0
107,0,0.0086244065314531,0.0084176491945981,0.1131064946478565,Relevancia a secas,0.0096187219541105,0.0083054048009216,-0.0013133171531889,
107,0,0.0086244065314531,0.0084176491945981,0.1131064946478565,Relevancia absoluta,0.0090192822584261,0.0087825909205194,-0.0002366913379066,
107,0,0.0086244065314531,0.0084176491945981,0.1131064946478565,Solo secciones positivas,0.0107399454573169,0.0069850691361352,-0.0037548763211816,8.0
108,0,0.008908238261938,0.0084176491945981,-3.235954760410477,Relevancia a secas,0.3384209129338463,0.0252700701562894,-0.3131508427775569,
108,0,0.008908238261938,0.0084176491945981,-3.235954760410477,Relevancia absoluta,0.0559523440121362,0.0301306106977992,-0.025821733314337,
108,0,0.008908238261938,0.0084176491945981,-3.235954760410477,Solo secciones positivas,0.5665872355716095,0.0396957436783446,-0.5268914918932649,18.0
109,1,0.9997318387031556,0.0084176491945981,-0.5356707743135222,Relevancia a secas,0.3519680378738518,0.969662313659986,0.6176942757861341,
109,1,0.9997318387031556,0.0084176491945981,-0.5356707743135222,Relevancia absoluta,0.797633312849535,0.9501919547716776,0.1525586419221426,
109,1,0.9997318387031556,0.0084176491945981,-0.5356707743135222,Solo secciones positivas,0.0263787595485552,0.943830154444042,0.9174513948954868,19.0
110,0,0.0082523673772811,0.0084176491945981,0.5564237511008262,Relevancia a secas,0.0100524624447441,0.007570169141723,-0.0024822933030211,
110,0,0.0082523673772811,0.0084176491945981,0.5564237511008262,Relevancia absoluta,0.0086181091351641,0.0083945199278079,-0.0002235892073561,
110,0,0.0082523673772811,0.0084176491945981,0.5564237511008262,Solo secciones positivas,0.0125182553194463,0.0063159975688904,-0.0062022577505558,10.0
111,1,1.0,0.0084176491945981,-0.9683136016730856,Relevancia a secas,0.2035653483277806,0.874146743292335,0.6705813949645543,
111,1,1.0,0.0084176491945981,-0.9683136016730856,Relevancia absoluta,0.816049481405773,0.9862262374824948,0.1701767560767217,
111,1,1.0,0.0084176491945981,-0.9683136016730856,Solo secciones positivas,0.2249999821186065,0.824782708897692,0.5997827267790854,20.0
112,0,0.0369049310684204,0.0084176491945981,-0.5548823502006206,Relevancia a secas,0.5841969474632707,0.0816721428046219,-0.5025248046586488,
112,0,0.0369049310684204,0.0084176491945981,-0.5548823502006206,Relevancia absoluta,0.2257120855566528,0.2409128468756939,0.0152007613190411,
112,0,0.0369049310684204,0.0084176491945981,-0.5548823502006206,Solo secciones positivas,0.8233558337547275,0.0002249188244994,-0.8231309149302282,19.0
113,1,0.991636037826538,0.0084176491945981,-0.0480437729879697,Relevancia a secas,0.0161459356850672,0.8540596169316107,0.8379136812465434,
113,1,0.991636037826538,0.0084176491945981,-0.0480437729879697,Relevancia absoluta,0.2457820236838112,0.5786735511792358,0.3328915274954245,
113,1,0.991636037826538,0.0084176491945981,-0.0480437729879697,Solo secciones positivas,0.0260976183003534,0.933968050699485,0.9078704323991316,19.0
114,1,0.9999282360076904,0.0084176491945981,-0.1200178431313023,Relevancia a secas,0.0146562631320142,0.77680583536211,0.7621495722300957,
114,1,0.9999282360076904,0.0084176491945981,-0.1200178431313023,Relevancia absoluta,0.2957260385756828,0.3845984471746707,0.0888724085989879,
114,1,0.9999282360076904,0.0084176491945981,-0.1200178431313023,Solo secciones positivas,0.0312542372532723,0.9688314124941826,0.9375771752409102,16.0
115,1,0.9897438883781432,0.0084176491945981,-1.1133327551836858,Relevancia a secas,0.3589196697525488,0.92902668306811,0.5701070133155611,
115,1,0.9897438883781432,0.0084176491945981,-1.1133327551836858,Relevancia absoluta,0.90096653427463,0.8599436714624364,-0.0410228628121936,
115,1,0.9897438883781432,0.0084176491945981,-1.1133327551836858,Solo secciones positivas,0.4278853084865398,0.8786981878802179,0.4508128793936781,20.0
116,0,0.0118242017924785,0.0084176491945981,-1.0840637453071562,Relevancia a secas,0.8272366230893466,0.3416483863289652,-0.4855882367603814,
116,0,0.0118242017924785,0.0084176491945981,-1.0840637453071562,Relevancia absoluta,0.3808070281261784,0.5630555303974284,0.1822485022712499,
116,0,0.0118242017924785,0.0084176491945981,-1.0840637453071562,Solo secciones positivas,0.945676143352802,0.1306230563875969,-0.8150530869652052,13.0
117,0,0.0082244910299777,0.0084176491945981,-0.0246479031032668,Relevancia a secas,0.0083459204114559,0.0084358017839905,8.988137253456742e-05,
117,0,0.0082244910299777,0.0084176491945981,-0.0246479031032668,Relevancia absoluta,0.0083459204114559,0.0084358017839905,8.988137253456742e-05,
117,0,0.0082244910299777,0.0084176491945981,-0.0246479031032668,Solo secciones positivas,,,,0.0
118,1,0.9903485774993896,0.0084176491945981,-1.6111583751742038,Relevancia a secas,0.1639761088315876,0.9555727005418804,0.7915965917102928,
118,1,0.9903485774993896,0.0084176491945981,-1.6111583751742038,Relevancia absoluta,0.6018977380202463,0.8949877079058853,0.293089969885639,
118,1,0.9903485774993896,0.0084176491945981,-1.6111583751742038,Solo secciones positivas,0.237536137682062,0.9203751672059296,0.6828390295238677,20.0
119,1,1.0,0.0084176491945981,-0.9250580587782932,Relevancia a secas,0.2179627223653617,0.976992316544056,0.7590295941786942,
119,1,1.0,0.0084176491945981,-0.9250580587782932,Relevancia absoluta,0.1916442750844486,0.9409859437081548,0.7493416686237062,
119,1,1.0,0.0084176491945981,-0.9250580587782932,Solo secciones positivas,0.0227272729286588,0.9623511284589767,0.939623855530318,22.0
120,0,0.0083706872537732,0.0084176491945981,-0.1074770796747317,Relevancia a secas,0.0084520118044955,0.0090269995055028,0.0005749877010072,
120,0,0.0083706872537732,0.0084176491945981,-0.1074770796747317,Relevancia absoluta,0.0084520118044955,0.0090269995055028,0.0005749877010072,
120,0,0.0083706872537732,0.0084176491945981,-0.1074770796747317,Solo secciones positivas,,,,0.0
121,0,0.0084054628387093,0.0084176491945981,-0.4110163650270424,Relevancia a secas,0.3596703550105707,0.0178380969704853,-0.3418322580400854,
121,0,0.0084054628387093,0.0084176491945981,-0.4110163650270424,Relevancia absoluta,0.0173057573588771,0.0128509450393418,-0.0044548123195353,
121,0,0.0084054628387093,0.0084176491945981,-0.4110163650270424,Solo secciones positivas,0.7243325783706763,0.0221855208715971,-0.7021470574990791,17.0
122,0,0.008433248847723,0.0084176491945981,0.1485884188213199,Relevancia a secas,0.009635308291763,0.0080542865778423,-0.0015810217139207,
122,0,0.008433248847723,0.0084176491945981,0.1485884188213199,Relevancia absoluta,0.0084301222167495,0.0089754230963687,0.0005453008796191,
122,0,0.008433248847723,0.0084176491945981,0.1485884188213199,Solo secciones positivas,0.0111859184172418,0.0067652146745887,-0.0044207037426531,9.0
123,1,0.9999998807907104,0.0084176491945981,-0.2755042040626622,Relevancia a secas,0.2290191770984327,0.9029339541696874,0.6739147770712547,
123,1,0.9999998807907104,0.0084176491945981,-0.2755042040626622,Relevancia absoluta,0.4022534073830373,0.8771520516589935,0.4748986442759562,
123,1,0.9999998807907104,0.0084176491945981,-0.2755042040626622,Solo secciones positivas,0.0833331114716003,0.805870328867766,0.7225372173961657,18.0
124,0,0.0083618136122822,0.0084176491945981,-0.5709362285114157,Relevancia a secas,0.0117098851284633,0.0084636061090148,-0.0032462790194484,
124,0,0.0083618136122822,0.0084176491945981,-0.5709362285114157,Relevancia absoluta,0.0109850464181767,0.0104428846130354,-0.0005421618051413,
124,0,0.0083618136122822,0.0084176491945981,-0.5709362285114157,Solo secciones positivas,0.0146018614889019,0.0084242915682908,-0.006177569920611,18.0
125,1,0.9999994039535522,0.0084176491945981,-0.9850304873505392,Relevancia a secas,0.2836967527704488,0.93592442986038,0.6522276770899311,
125,1,0.9999994039535522,0.0084176491945981,-0.9850304873505392,Relevancia absoluta,0.2333657512629975,0.9602442449993558,0.7268784937363583,
125,1,0.9999994039535522,0.0084176491945981,-0.9850304873505392,Solo secciones positivas,0.0821578151441904,0.8799518425213663,0.7977940273771758,19.0
126,0,0.0081556737422943,0.0084176491945981,-0.059738521971632,Relevancia a secas,0.0079901788383722,0.0086226659161703,0.0006324870777981,
126,0,0.0081556737422943,0.0084176491945981,-0.059738521971632,Relevancia absoluta,0.0079901788383722,0.0086226659161703,0.0006324870777981,
126,0,0.0081556737422943,0.0084176491945981,-0.059738521971632,Solo secciones positivas,,,,0.0
127,0,0.0080702621489763,0.0084176491945981,-1.0858095027660697,Relevancia a secas,0.6046646752446477,0.0525141831076957,-0.552150492136952,
127,0,0.0080702621489763,0.0084176491945981,-1.0858095027660697,Relevancia absoluta,0.4927580568732486,0.4397692766247524,-0.0529887802484962,
127,0,0.0080702621489763,0.0084176491945981,-1.0858095027660697,Solo secciones positivas,0.8532151831757455,0.000967609100696,-0.8522475740750495,21.0
128,1,0.9999991655349731,0.0084176491945981,-0.6659174124131715,Relevancia a secas,0.3183575798757687,0.9862279742956164,0.6678703944198475,
128,1,0.9999991655349731,0.0084176491945981,-0.6659174124131715,Relevancia absoluta,0.8420183365621293,0.986185270879004,0.1441669343168745,
128,1,0.9999991655349731,0.0084176491945981,-0.6659174124131715,Solo secciones positivas,0.1249889403581629,0.975210440158844,0.850221499800681,20.0
129,1,0.99997079372406,0.0084176491945981,-0.5041281135231477,Relevancia a secas,0.3476285109284429,0.9584215211733764,0.6107930102449334,
129,1,0.99997079372406,0.0084176491945981,-0.5041281135231477,Relevancia absoluta,0.6750648643485166,0.8839400769470052,0.2088752125984885,
129,1,0.99997079372406,0.0084176491945981,-0.5041281135231477,Solo secciones positivas,0.0316933760212561,0.9169099549504204,0.8852165789291643,18.0
130,0,0.008040246553719,0.0084176491945981,0.0775551081705689,Relevancia a secas,0.0081064310590071,0.0084570514570389,0.0003506203980318,
130,0,0.008040246553719,0.0084176491945981,0.0775551081705689,Relevancia absoluta,0.0080026389099657,0.0085532738694122,0.0005506349594465,
130,0,0.008040246553719,0.0084176491945981,0.0775551081705689,Solo secciones positivas,0.0084631834179162,0.0081043662503361,-0.0003588171675801,2.0
131,0,0.0107393097132444,0.0084176491945981,-1.4909072557806695,Relevancia a secas,0.4209530895782842,0.0058149575434652,-0.415138132034819,
131,0,0.0107393097132444,0.0084176491945981,-1.4909072557806695,Relevancia absoluta,0.0625882243685838,0.0935559975655956,0.0309677731970118,
131,0,0.0107393097132444,0.0084176491945981,-1.4909072557806695,Solo secciones positivas,0.6493844552473589,0.0027849932155193,-0.6465994620318396,22.0
132,0,0.1413475275039672,0.0084176491945981,-0.5215959058218502,Relevancia a secas,0.6873342230812542,0.1287538070349809,-0.5585804160462733,
132,0,0.1413475275039672,0.0084176491945981,-0.5215959058218502,Relevancia absoluta,0.6231956082906436,0.9644153283702004,0.3412197200795567,
132,0,0.1413475275039672,0.0084176491945981,-0.5215959058218502,Solo secciones positivas,0.946564995816776,0.0056188721234883,-0.9409461236932876,21.0
133,1,0.9986573457717896,0.0084176491945981,-0.6365017492005018,Relevancia a secas,0.6847316390532493,0.9808432095580631,0.2961115705048138,
133,1,0.9986573457717896,0.0084176491945981,-0.6365017492005018,Relevancia absoluta,0.6123807501016927,0.8911559929503002,0.2787752428486075,
133,1,0.9986573457717896,0.0084176491945981,-0.6365017492005018,Solo secciones positivas,0.6373776990447211,0.9700566037841464,0.3326789047394254,23.0
134,0,0.1443105489015579,0.0084176491945981,-11.183201637052935,Relevancia a secas,0.7949504646886555,0.618104057069224,-0.1768464076194315,
134,0,0.1443105489015579,0.0084176491945981,-11.183201637052935,Relevancia absoluta,0.7244324586612897,0.475581944264579,-0.2488505143967106,
134,0,0.1443105489015579,0.0084176491945981,-11.183201637052935,Solo secciones positivas,0.977454828588586,0.4722121810704816,-0.5052426475181045,19.0
135,1,0.7353083491325378,0.0084176491945981,-0.6894859234941622,Relevancia a secas,0.2677258108956771,0.8898244781626595,0.6220986672669824,
135,1,0.7353083491325378,0.0084176491945981,-0.6894859234941622,Relevancia absoluta,0.4774413898897667,0.883216111196412,0.4057747213066452,
135,1,0.7353083491325378,0.0084176491945981,-0.6894859234941622,Solo secciones positivas,0.3143224655796075,0.9722958614951688,0.6579733959155611,19.0
136,0,0.0082254596054553,0.0084176491945981,0.3545792905566157,Relevancia a secas,0.0094449855645911,0.0076327174643261,-0.001812268100265,
136,0,0.0082254596054553,0.0084176491945981,0.3545792905566157,Relevancia absoluta,0.0092712300053487,0.0077831679825774,-0.0014880620227712,
136,0,0.0082254596054553,0.0084176491945981,0.3545792905566157,Solo secciones positivas,0.0104346099930504,0.0071792820623765,-0.0032553279306739,6.0
137,0,0.0149116450920701,0.0084176491945981,-1.9861383758158384,Relevancia a secas,0.0257782158700542,0.0087042508407463,-0.0170739650293079,
137,0,0.0149116450920701,0.0084176491945981,-1.9861383758158384,Relevancia absoluta,0.0058615050188058,0.006832552077766,0.0009710470589602,
137,0,0.0149116450920701,0.0084176491945981,-1.9861383758158384,Solo secciones positivas,0.0189220935239323,0.0048494408108906,-0.0140726527130417,14.0
138,0,0.0079832123592495,0.0084176491945981,-0.0305891766137006,Relevancia a secas,0.0082105617171951,0.0083218290337494,0.0001112673165542,
138,0,0.0079832123592495,0.0084176491945981,-0.0305891766137006,Relevancia absoluta,0.0082105617171951,0.0083218290337494,0.0001112673165542,
138,0,0.0079832123592495,0.0084176491945981,-0.0305891766137006,Solo secciones positivas,,,,0.0
139,1,0.9947367310523988,0.0084176491945981,-0.6059805120801582,Relevancia a secas,0.4477341559931026,0.934738705555598,0.4870045495624953,
139,1,0.9947367310523988,0.0084176491945981,-0.6059805120801582,Relevancia absoluta,0.8911617444569453,0.855906947205464,-0.0352547972514812,
139,1,0.9947367310523988,0.0084176491945981,-0.6059805120801582,Solo secciones positivas,0.0737703668634822,0.8680194511133081,0.7942490842498259,17.0
140,0,0.2271962761878967,0.0084176491945981,-0.7839070717400527,Relevancia a secas,0.2165361361241795,0.1187733247513986,-0.0977628113727809,
140,0,0.2271962761878967,0.0084176491945981,-0.7839070717400527,Relevancia absoluta,0.0699914602381694,0.2331866410095244,0.1631951807713549,
140,0,0.2271962761878967,0.0084176491945981,-0.7839070717400527,Solo secciones positivas,0.603720593858849,0.0573346431959759,-0.5463859506628731,11.0
141,0,0.0108732115477323,0.0084176491945981,-0.6408990480668735,Relevancia a secas,0.595525974356052,0.0229923629919218,-0.5725336113641302,
141,0,0.0108732115477323,0.0084176491945981,-0.6408990480668735,Relevancia absoluta,0.1036963273848717,0.1104761629313644,0.0067798355464926,
141,0,0.0108732115477323,0.0084176491945981,-0.6408990480668735,Solo secciones positivas,0.9107762073215684,0.0012643060290395,-0.9095119012925288,19.0
142,0,0.0085654258728027,0.0084176491945981,-3.244722497356894,Relevancia a secas,0.0617380069258312,0.0102057186627967,-0.0515322882630344,
142,0,0.0085654258728027,0.0084176491945981,-3.244722497356894,Relevancia absoluta,0.0096302999752677,0.0092210036236792,-0.0004092963515884,
142,0,0.0085654258728027,0.0084176491945981,-3.244722497356894,Solo secciones positivas,0.1157670636277865,0.0119737965219161,-0.1037932671058703,17.0
143,1,0.9939553141593932,0.0084176491945981,-0.920411435516127,Relevancia a secas,0.2102140311710258,0.8264686149856044,0.6162545838145786,
143,1,0.9939553141593932,0.0084176491945981,-0.920411435516127,Relevancia absoluta,0.6116912597272959,0.7623097147378657,0.1506184550105698,
143,1,0.9939553141593932,0.0084176491945981,-0.920411435516127,Solo secciones positivas,0.153258782773876,0.970832768608542,0.817573985834666,17.0
144,1,0.9999932050704956,0.0084176491945981,-0.8383506249031637,Relevancia a secas,0.0660010362585815,0.8195601354042689,0.7535590991456873,
144,1,0.9999932050704956,0.0084176491945981,-0.8383506249031637,Relevancia absoluta,0.7265865418971597,0.524247841923026,-0.2023386999741336,
144,1,0.9999932050704956,0.0084176491945981,-0.8383506249031637,Solo secciones positivas,0.0312498815020809,0.96901186555624,0.9377619840541592,16.0
145,0,0.0089680273085832,0.0084176491945981,-3.1870171419159874,Relevancia a secas,0.0997643122035596,0.0132248190800762,-0.0865394931234833,
145,0,0.0089680273085832,0.0084176491945981,-3.1870171419159874,Relevancia absoluta,0.0143251054040673,0.0100299204027073,-0.00429518500136,
145,0,0.0089680273085832,0.0084176491945981,-3.1870171419159874,Solo secciones positivas,0.1475165707990527,0.0133079513441771,-0.1342086194548756,20.0
146,0,0.009325448423624,0.0084176491945981,0.4098529810198236,Relevancia a secas,0.0112477041418767,0.0081247496418654,-0.0031229545000112,
146,0,0.009325448423624,0.0084176491945981,0.4098529810198236,Relevancia absoluta,0.0089611924356884,0.0095094548176146,0.0005482623819261,
146,0,0.009325448423624,0.0084176491945981,0.4098529810198236,Solo secciones positivas,0.0140248360777539,0.0065580061636865,-0.0074668299140674,14.0
147,0,0.3625633418560028,0.0084176491945981,-0.4470491482510891,Relevancia a secas,0.708118372803761,0.1062916857966098,-0.6018266870071511,
147,0,0.3625633418560028,0.0084176491945981,-0.4470491482510891,Relevancia absoluta,0.4213752790043751,0.5525303449895648,0.1311550659851896,
147,0,0.3625633418560028,0.0084176491945981,-0.4470491482510891,Solo secciones positivas,0.9459506452083588,0.0002133366338185,-0.9457373085745404,20.0
148,0,0.1781335771083831,0.0084176491945981,-1.1510769261325542,Relevancia a secas,0.7420763214532698,0.2405219876285022,-0.5015543338247677,
148,0,0.1781335771083831,0.0084176491945981,-1.1510769261325542,Relevancia absoluta,0.6823151904003074,0.8140585493658565,0.1317433589655491,
148,0,0.1781335771083831,0.0084176491945981,-1.1510769261325542,Solo secciones positivas,0.9556642174720764,0.0102976700989529,-0.9453665473731236,20.0
149,0,0.0087015116587281,0.0084176491945981,0.2306845194157377,Relevancia a secas,0.0107032662878433,0.0076043888823025,-0.0030988774055408,
149,0,0.0087015116587281,0.0084176491945981,0.2306845194157377,Relevancia absoluta,0.0094260597963713,0.0086453785705897,-0.0007806812257816,
149,0,0.0087015116587281,0.0084176491945981,0.2306845194157377,Solo secciones positivas,0.012270028618249,0.0064582282423295,-0.0058118003759194,11.0
150,0,0.0146113168448209,0.0084176491945981,-2.62600572191336,Relevancia a secas,0.1330878604462163,0.0117767980684422,-0.121311062377774,
150,0,0.0146113168448209,0.0084176491945981,-2.62600572191336,Relevancia absoluta,0.0091854235829992,0.022546032236682,0.0133606086536828,
150,0,0.0146113168448209,0.0084176491945981,-2.62600572191336,Solo secciones positivas,0.2415043318437205,0.007627814154451,-0.2338765176892694,18.0
151,0,0.1207079291343689,0.0084176491945981,-2.2405840610518086,Relevancia a secas,0.8186510461641269,0.5815470768656177,-0.2371039692985092,
151,0,0.1207079291343689,0.0084176491945981,-2.2405840610518086,Relevancia absoluta,0.6292937805927875,0.8676609612173505,0.2383671806245629,
151,0,0.1207079291343689,0.0084176491945981,-2.2405840610518086,Solo secciones positivas,0.9651968714437986,0.3660522031744863,-0.5991446682693123,19.0
152,1,1.0,0.0084176491945981,-0.5629425610234717,Relevancia a secas,0.6436089171799166,0.9862280156877306,0.3426190985078139,
152,1,1.0,0.0084176491945981,-0.5629425610234717,Relevancia absoluta,0.9489994808617566,0.986227919658025,0.0372284387962684,
152,1,1.0,0.0084176491945981,-0.5629425610234717,Solo secciones positivas,0.3261556480337115,0.9708358119515812,0.6446801639178696,17.0
153,0,0.0088005298748612,0.0084176491945981,0.3011818761550773,Relevancia a secas,0.0141485317920645,0.0068489123239285,-0.0072996194681359,
153,0,0.0088005298748612,0.0084176491945981,0.3011818761550773,Relevancia absoluta,0.0096835380213128,0.0096133441871239,-7.019383418891377e-05,
153,0,0.0088005298748612,0.0084176491945981,0.3011818761550773,Solo secciones positivas,0.0205070114193054,0.0062184877550372,-0.0142885236642681,13.0
154,0,0.0079331025481224,0.0084176491945981,-0.0500472759414639,Relevancia a secas,0.0080470182907043,0.008418743032962,0.0003717247422577,
154,0,0.0079331025481224,0.0084176491945981,-0.0500472759414639,Relevancia absoluta,0.0080470182907043,0.008418743032962,0.0003717247422577,
154,0,0.0079331025481224,0.0084176491945981,-0.0500472759414639,Solo secciones positivas,,,,0.0
155,0,0.0080823376774787,0.0084176491945981,0.1520425977787393,Relevancia a secas,0.0085300605537162,0.0084896040433603,-4.045651035590112e-05,
155,0,0.0080823376774787,0.0084176491945981,0.1520425977787393,Relevancia absoluta,0.0081895302282646,0.008689602293695,0.0005000720654303,
155,0,0.0080823376774787,0.0084176491945981,0.1520425977787393,Solo secciones positivas,0.0089975019916892,0.0077932515181601,-0.0012042504735291,5.0
156,0,0.1898739486932754,0.0084176491945981,-0.7211005315398029,Relevancia a secas,0.3216735326762621,0.1507734333855397,-0.1709000992907224,
156,0,0.1898739486932754,0.0084176491945981,-0.7211005315398029,Relevancia absoluta,0.0323284382207526,0.2252105352719001,0.1928820970511475,
156,0,0.1898739486932754,0.0084176491945981,-0.7211005315398029,Solo secciones positivas,0.3431033809979756,0.0003664626458582,-0.3427369183521174,15.0
157,0,0.0143270669505,0.0084176491945981,-1.5255254543116588,Relevancia a secas,0.0193278802026595,0.0086776053499696,-0.0106502748526898,
157,0,0.0143270669505,0.0084176491945981,-1.5255254543116588,Relevancia absoluta,0.0121380170275058,0.0126071088681263,0.0004690918406205,
157,0,0.0143270669505,0.0084176491945981,-1.5255254543116588,Solo secciones positivas,0.0212537144621213,0.003495958338802,-0.0177577561233192,15.0
158,1,1.0,0.0084176491945981,-0.6354599764541538,Relevancia a secas,0.2167259022251922,0.9203828684985638,0.7036569662733716,
158,1,1.0,0.0084176491945981,-0.6354599764541538,Relevancia absoluta,0.9111691480502484,0.5980235936324982,-0.3131455544177502,
158,1,1.0,0.0084176491945981,-0.6354599764541538,Solo secciones positivas,0.2333350116513786,0.9669472535451252,0.7336122418937467,15.0
159,1,1.0,0.0084176491945981,-0.489805616559126,Relevancia a secas,0.2083359636761826,0.8222906248959848,0.6139546612198021,
159,1,1.0,0.0084176491945981,-0.489805616559126,Relevancia absoluta,0.3945356501156764,0.6496921393990088,0.2551564892833324,
159,1,1.0,0.0084176491945981,-0.489805616559126,Solo secciones positivas,0.3592803296115864,0.9724560446209378,0.6131757150093514,18.0
160,0,0.0478748530149459,0.0084176491945981,-7.881365735863421,Relevancia a secas,0.3859008824866679,0.0248212183607089,-0.3610796641259589,
160,0,0.0478748530149459,0.0084176491945981,-7.881365735863421,Relevancia absoluta,0.0213691306667492,0.0294203014378177,0.0080511707710684,
160,0,0.0478748530149459,0.0084176491945981,-7.881365735863421,Solo secciones positivas,0.5459454160402802,0.0215930918270982,-0.524352324213182,17.0
161,0,0.0079125445336103,0.0084176491945981,-42.79710311071672,Relevancia a secas,0.3223318528228749,0.0093074439791962,-0.3130244088436787,
161,0,0.0079125445336103,0.0084176491945981,-42.79710311071672,Relevancia absoluta,0.0334264460252597,0.01204969925392,-0.0213767467713397,
161,0,0.0079125445336103,0.0084176491945981,-42.79710311071672,Solo secciones positivas,0.7773866682047291,0.0080024096116955,-0.7693842585930335,14.0
162,0,0.0076135429553687,0.0084176491945981,0.6023678363471227,Relevancia a secas,0.0084316437779408,0.0078330604074936,-0.0005985833704471,
162,0,0.0076135429553687,0.0084176491945981,0.6023678363471227,Relevancia absoluta,0.0083013631325836,0.0080636261781263,-0.0002377369544572,
162,0,0.0076135429553687,0.0084176491945981,0.6023678363471227,Solo secciones positivas,0.0094423815608024,0.0070176130781571,-0.0024247684826453,3.0
163,0,0.0088366270065307,0.0084176491945981,-1.1390406556538335,Relevancia a secas,0.0357848725074695,0.0061849754161408,-0.0295998970913286,
163,0,0.0088366270065307,0.0084176491945981,-1.1390406556538335,Relevancia absoluta,0.0098434904745469,0.008031054917309,-0.0018124355572379,
163,0,0.0088366270065307,0.0084176491945981,-1.1390406556538335,Solo secciones positivas,0.0519323659766661,0.0048241936479155,-0.0471081723287505,19.0
164,1,1.0,0.0084176491945981,-0.8733494330789174,Relevancia a secas,0.2445123140551879,0.827577067184333,0.5830647531291451,
164,1,1.0,0.0084176491945981,-0.8733494330789174,Relevancia absoluta,0.5700692084516598,0.8720202917336589,0.3019510832819991,
164,1,1.0,0.0084176491945981,-0.8733494330789174,Solo secciones positivas,0.2754388985283015,0.6896389176271273,0.4142000190988257,20.0
165,1,1.0,0.0084176491945981,-1.055388434326214,Relevancia a secas,0.1323818817173145,0.8467495274574807,0.7143676457401661,
165,1,1.0,0.0084176491945981,-1.055388434326214,Relevancia absoluta,0.4743422110667725,0.5566595908528924,0.0823173797861198,
165,1,1.0,0.0084176491945981,-1.055388434326214,Solo secciones positivas,0.0333341141089906,0.6321988498792053,0.5988647357702146,15.0
166,1,0.608827531337738,0.0084176491945981,-0.2542074965964171,Relevancia a secas,0.0992136543892047,0.8713003982686335,0.7720867438794288,
166,1,0.608827531337738,0.0084176491945981,-0.2542074965964171,Relevancia absoluta,0.3164233739616884,0.8385912886475733,0.5221679146858849,
166,1,0.608827531337738,0.0084176491945981,-0.2542074965964171,Solo secciones positivas,0.0346321925375427,0.8294065248221159,0.7947743322845731,20.0
167,1,1.0,0.0084176491945981,-0.9407624783863288,Relevancia a secas,0.2962270382024485,0.9584502445326912,0.6622232063302427,
167,1,1.0,0.0084176491945981,-0.9407624783863288,Relevancia absoluta,0.7482939554125912,0.803989084427843,0.0556951290152517,
167,1,1.0,0.0084176491945981,-0.9407624783863288,Solo secciones positivas,0.0882698526010414,0.9708358119515812,0.8825659593505397,17.0
168,0,0.0089838998392224,0.0084176491945981,-4.2283760654742775,Relevancia a secas,0.0158498843148764,0.0108006582854108,-0.0050492260294655,
168,0,0.0089838998392224,0.0084176491945981,-4.2283760654742775,Relevancia absoluta,0.0105552169132149,0.0111628462715695,0.0006076293583545,
168,0,0.0089838998392224,0.0084176491945981,-4.2283760654742775,Solo secciones positivas,0.0214629498206906,0.012474276125431,-0.0089886736952596,18.0
169,0,0.007651915308088,0.0084176491945981,0.2510525591367702,Relevancia a secas,0.0089054247623102,0.0074842989755173,-0.0014211257867929,
169,0,0.007651915308088,0.0084176491945981,0.2510525591367702,Relevancia absoluta,0.0082393571113546,0.0078201579421551,-0.0004191991691995,
169,0,0.007651915308088,0.0084176491945981,0.2510525591367702,Solo secciones positivas,0.0099645643495023,0.0068396707065403,-0.0031248936429619,8.0
170,0,0.0083586275577545,0.0084176491945981,-0.044162165638493,Relevancia a secas,0.0084768066234472,0.0083030070333431,-0.0001737995901041,
170,0,0.0083586275577545,0.0084176491945981,-0.044162165638493,Relevancia absoluta,0.0084768066234472,0.0083030070333431,-0.0001737995901041,
170,0,0.0083586275577545,0.0084176491945981,-0.044162165638493,Solo secciones positivas,,,,0.0
171,0,0.0127743631601333,0.0084176491945981,-1.4272818078909064,Relevancia a secas,0.2700925557874143,0.0159699586996187,-0.2541225970877955,
171,0,0.0127743631601333,0.0084176491945981,-1.4272818078909064,Relevancia absoluta,0.0349179961615138,0.015363479938565,-0.0195545162229488,
171,0,0.0127743631601333,0.0084176491945981,-1.4272818078909064,Solo secciones positivas,0.5202640372821513,0.0191728867699994,-0.5010911505121518,17.0
172,1,0.9999997615814208,0.0084176491945981,-0.517533058697423,Relevancia a secas,0.2026827194702789,0.7848211206531787,0.5821384011828997,
172,1,0.9999997615814208,0.0084176491945981,-0.517533058697423,Relevancia absoluta,0.8461430762287198,0.6296052917475662,-0.2165377844811535,
172,1,0.9999997615814208,0.0084176491945981,-0.517533058697423,Solo secciones positivas,0.0250014789686855,0.8555720896291859,0.8305706106605003,20.0
173,0,0.008201714605093,0.0084176491945981,0.0822963110145569,Relevancia a secas,0.0093517340202298,0.008586974387678,-0.0007647596325518,
173,0,0.008201714605093,0.0084176491945981,0.0822963110145569,Relevancia absoluta,0.0091138573673864,0.0086629987797803,-0.000450858587606,
173,0,0.008201714605093,0.0084176491945981,0.0822963110145569,Solo secciones positivas,0.0099534116064508,0.0077396245518078,-0.002213787054643,6.0
174,1,0.985870361328125,0.0084176491945981,-1.0834625694548907,Relevancia a secas,0.017296820367687,0.3957637696028339,0.3784669492351469,
174,1,0.985870361328125,0.0084176491945981,-1.0834625694548907,Relevancia absoluta,0.3537910628360195,0.5536817002035201,0.1998906373675006,
174,1,0.985870361328125,0.0084176491945981,-1.0834625694548907,Solo secciones positivas,0.0278927373330069,0.1492421213037492,0.1213493839707423,21.0
175,0,0.0967267975211143,0.0084176491945981,-0.6592441988175712,Relevancia a secas,0.6512958963737926,0.1006654158361865,-0.5506304805376061,
175,0,0.0967267975211143,0.0084176491945981,-0.6592441988175712,Relevancia absoluta,0.7096085202776722,0.5618846774127128,-0.1477238428649594,
175,0,0.0967267975211143,0.0084176491945981,-0.6592441988175712,Solo secciones positivas,0.9654339849948884,0.000300635819046,-0.9651333491758424,14.0
176,0,0.0326569266617298,0.0084176491945981,-1.0008764458635262,Relevancia a secas,0.3309921291139391,0.2006765882375071,-0.1303155408764319,
176,0,0.0326569266617298,0.0084176491945981,-1.0008764458635262,Relevancia absoluta,0.2581736299778438,0.1318614864301506,-0.1263121435476932,
176,0,0.0326569266617298,0.0084176491945981,-1.0008764458635262,Solo secciones positivas,0.5987417066567823,0.3422387025662159,-0.2565030040905663,19.0
177,0,0.0086387414485216,0.0084176491945981,-0.6004799072080123,Relevancia a secas,0.1942479061228888,0.0694605430322034,-0.1247873630906854,
177,0,0.0086387414485216,0.0084176491945981,-0.6004799072080123,Relevancia absoluta,0.0219163189775177,0.1202624827091183,0.0983461637316005,
177,0,0.0086387414485216,0.0084176491945981,-0.6004799072080123,Solo secciones positivas,0.1621818741783499,0.0325977688034375,-0.1295841053749124,15.0
178,1,0.9999992847442628,0.0084176491945981,-0.4269790577620537,Relevancia a secas,0.0165487246297143,0.930750625479656,0.9142019008499416,
178,1,0.9999992847442628,0.0084176491945981,-0.4269790577620537,Relevancia absoluta,0.4278969220915516,0.771504523437356,0.3436076013458043,
178,1,0.9999992847442628,0.0084176491945981,-0.4269790577620537,Solo secciones positivas,0.0263239905398784,0.8687946680001915,0.842470677460313,19.0
179,0,0.008046249859035,0.0084176491945981,0.1065168855408122,Relevancia a secas,0.0082347693387418,0.008452208350516,0.0002174390117741,
179,0,0.008046249859035,0.0084176491945981,0.1065168855408122,Relevancia absoluta,0.0082205553383876,0.0084359595138165,0.0002154041754288,
179,0,0.008046249859035,0.0084176491945981,0.1065168855408122,Solo secciones positivas,0.0082714054733514,0.0082303173840045,-4.108808934688568e-05,1.0
180,1,0.8974258303642273,0.0084176491945981,-0.8251050968280534,Relevancia a secas,0.2998428738728777,0.9709080316954188,0.6710651578225411,
180,1,0.8974258303642273,0.0084176491945981,-0.8251050968280534,Relevancia absoluta,0.4003257943704997,0.4462372352196173,0.0459114408491176,
180,1,0.8974258303642273,0.0084176491945981,-0.8251050968280534,Solo secciones positivas,0.1313014289493518,0.9671940488947762,0.8358926199454244,18.0
181,1,1.0,0.0084176491945981,-0.1534351998440262,Relevancia a secas,0.3405067029719551,0.902535418397747,0.5620287154257919,
181,1,1.0,0.0084176491945981,-0.1534351998440262,Relevancia absoluta,0.6636477316642665,0.8916225573436047,0.2279748256793382,
181,1,1.0,0.0084176491945981,-0.1534351998440262,Solo secciones positivas,0.0452609948421779,0.9214385813347212,0.8761775864925432,19.0
182,1,0.9361512660980223,0.0084176491945981,0.0170672303665229,Relevancia a secas,0.0182394141263152,0.9279911211795276,0.9097517070532124,
182,1,0.9361512660980223,0.0084176491945981,0.0170672303665229,Relevancia absoluta,0.1077870979918063,0.8790084429913096,0.7712213449995033,
182,1,0.9361512660980223,0.0084176491945981,0.0170672303665229,Solo secciones positivas,0.0385194296343278,0.9653130869070689,0.926793657272741,15.0
183,0,0.0194989312440156,0.0084176491945981,-0.6198582424568695,Relevancia a secas,0.6679734925273806,0.4241611803445266,-0.2438123121828539,
183,0,0.0194989312440156,0.0084176491945981,-0.6198582424568695,Relevancia absoluta,0.487170538580459,0.6605209710800813,0.1733504324996223,
183,0,0.0194989312440156,0.0084176491945981,-0.6198582424568695,Solo secciones positivas,0.96154279311498,0.0649313834689867,-0.8966114096459933,15.0
184,0,0.0081188231706619,0.0084176491945981,0.2018129311477872,Relevancia a secas,0.0114295988395396,0.008016285020858,-0.0034133138186815,
184,0,0.0081188231706619,0.0084176491945981,0.2018129311477872,Relevancia absoluta,0.010050936239875,0.0081182668218389,-0.0019326694180361,
184,0,0.0081188231706619,0.0084176491945981,0.2018129311477872,Solo secciones positivas,0.0136410364260276,0.0066795180318877,-0.0069615183941399,12.0
185,0,0.0100387027487158,0.0084176491945981,-0.6154951664384971,Relevancia a secas,0.3034811015906078,0.0200794575370049,-0.2834016440536028,
185,0,0.0100387027487158,0.0084176491945981,-0.6154951664384971,Relevancia absoluta,0.196218513484512,0.2253710735589265,0.0291525600744145,
185,0,0.0100387027487158,0.0084176491945981,-0.6154951664384971,Solo secciones positivas,0.2937748174050025,0.0062888791795731,-0.2874859382254294,21.0
186,1,0.9999992847442628,0.0084176491945981,-0.3141024482958744,Relevancia a secas,0.1992393051432299,0.9655748825106356,0.7663355773674058,
186,1,0.9999992847442628,0.0084176491945981,-0.3141024482958744,Relevancia absoluta,0.9029224110353324,0.952945951372385,0.0500235403370525,
186,1,0.9999992847442628,0.0084176491945981,-0.3141024482958744,Solo secciones positivas,0.0238842812061414,0.9410021056731542,0.9171178244670128,21.0
187,1,0.998230516910553,0.0084176491945981,-0.754075244751068,Relevancia a secas,0.819296282077304,0.9860214011536704,0.1667251190763665,
187,1,0.998230516910553,0.0084176491945981,-0.754075244751068,Relevancia absoluta,0.8748509842488501,0.9853595975372528,0.1105086132884025,
187,1,0.998230516910553,0.0084176491945981,-0.754075244751068,Solo secciones positivas,0.9998882599174976,0.969013050198555,-0.0308752097189426,16.0
188,0,0.0133015261963009,0.0084176491945981,-2.2184114633056744,Relevancia a secas,0.5698163776606736,0.2731340205407946,-0.296682357119879,
188,0,0.0133015261963009,0.0084176491945981,-2.2184114633056744,Relevancia absoluta,0.1941560850633928,0.7762312011586295,0.5820751160952367,
188,0,0.0133015261963009,0.0084176491945981,-2.2184114633056744,Solo secciones positivas,0.7189293042978361,0.3470033102744202,-0.3719259940234158,21.0
189,0,0.0082064513117074,0.0084176491945981,-8.491265829438957,Relevancia a secas,0.1302734927739948,0.0063297193458614,-0.1239437734281333,
189,0,0.0082064513117074,0.0084176491945981,-8.491265829438957,Relevancia absoluta,0.0112015322989059,0.0101099999285199,-0.001091532370386,
189,0,0.0082064513117074,0.0084176491945981,-8.491265829438957,Solo secciones positivas,0.2814310368771354,0.0049456395208835,-0.2764853973562518,15.0
190,0,0.014537033624947,0.0084176491945981,-4.1596823194733705,Relevancia a secas,0.0533878531746773,0.0090479768243514,-0.0443398763503258,
190,0,0.014537033624947,0.0084176491945981,-4.1596823194733705,Relevancia absoluta,0.013262428330361,0.0161931880801502,0.0029307597497892,
190,0,0.014537033624947,0.0084176491945981,-4.1596823194733705,Solo secciones positivas,0.0839479154907167,0.0052051842212677,-0.078742731269449,20.0
191,0,0.045757919549942,0.0084176491945981,-0.844363263824528,Relevancia a secas,0.7355545668287958,0.2028687110460463,-0.5326858557827495,
191,0,0.045757919549942,0.0084176491945981,-0.844363263824528,Relevancia absoluta,0.5854466373720358,0.7044303934607241,0.1189837560886882,
191,0,0.045757919549942,0.0084176491945981,-0.844363263824528,Solo secciones positivas,0.9242166259459088,0.0003158234243488,-0.92390080252156,14.0
192,1,1.0,0.0084176491945981,-0.5511239971342412,Relevancia a secas,0.0695626449895121,0.9028946830528906,0.8333320380633784,
192,1,1.0,0.0084176491945981,-0.5511239971342412,Relevancia absoluta,0.2926898773668792,0.958450241919814,0.6657603645529346,
192,1,1.0,0.0084176491945981,-0.5511239971342412,Solo secciones positivas,0.1315813890005592,0.9212741363107374,0.7896927473101782,19.0
193,1,1.0,0.0084176491945981,-1.1250383236666956,Relevancia a secas,0.4592604892051848,0.9584474769265702,0.4991869877213853,
193,1,1.0,0.0084176491945981,-1.1250383236666956,Relevancia absoluta,0.8486356470837361,0.9294153433406286,0.0807796962568925,
193,1,1.0,0.0084176491945981,-1.1250383236666956,Solo secciones positivas,0.0276276450276309,0.9212741488590837,0.8936465038314527,19.0
194,0,0.0091178324073553,0.0084176491945981,0.5606144374268072,Relevancia a secas,0.0143296161614772,0.0079730448520018,-0.0063565713094754,
194,0,0.0091178324073553,0.0084176491945981,0.5606144374268072,Relevancia absoluta,0.0101584922004905,0.0094859267636719,-0.0006725654368185,
194,0,0.0091178324073553,0.0084176491945981,0.5606144374268072,Solo secciones positivas,0.0196890432853251,0.0056649105390533,-0.0140241327462717,12.0
195,0,0.0082652829587459,0.0084176491945981,0.202217379098072,Relevancia a secas,0.0089403145636121,0.0081160941626876,-0.0008242204009244,
195,0,0.0082652829587459,0.0084176491945981,0.202217379098072,Relevancia absoluta,0.0086796377371582,0.0083298124631659,-0.0003498252739922,
195,0,0.0082652829587459,0.0084176491945981,0.202217379098072,Solo secciones positivas,0.0098006166517734,0.0075747109949588,-0.0022259056568145,5.0
196,0,0.0164605230093002,0.0084176491945981,-0.4266314304666802,Relevancia a secas,0.8318990832194686,0.0437984563389041,-0.7881006268805645,
196,0,0.0164605230093002,0.0084176491945981,-0.4266314304666802,Relevancia absoluta,0.1839397260660513,0.1336001846909009,-0.0503395413751504,
196,0,0.0164605230093002,0.0084176491945981,-0.4266314304666802,Solo secciones positivas,0.9370949756768014,0.0002465605640564,-0.9368484151127452,18.0
197,0,0.0068409419618546,0.0084176491945981,-4.845399675179118,Relevancia a secas,0.1643070101789716,0.0144884622422978,-0.1498185479366738,
197,0,0.0068409419618546,0.0084176491945981,-4.845399675179118,Relevancia absoluta,0.0079144903769095,0.0088823909431488,0.0009679005662393,
197,0,0.0068409419618546,0.0084176491945981,-4.845399675179118,Solo secciones positivas,0.2419792248907944,0.0184457676647149,-0.2235334572260794,23.0
198,0,0.007786292117089,0.0084176491945981,0.1278922082478989,Relevancia a secas,0.0196713210187024,0.0063319337657756,-0.0133393872529268,
198,0,0.007786292117089,0.0084176491945981,0.1278922082478989,Relevancia absoluta,0.0090040029026567,0.0087551800663479,-0.0002488228363088,
198,0,0.007786292117089,0.0084176491945981,0.1278922082478989,Solo secciones positivas,0.0280010373228126,0.0060798815296341,-0.0219211557931784,18.0
199,0,0.0095141232013702,0.0084176491945981,-1.0409977583612455,Relevancia a secas,0.4984566196411227,0.2887534777104482,-0.2097031419306745,
199,0,0.0095141232013702,0.0084176491945981,-1.0409977583612455,Relevancia absoluta,0.6375312226332931,0.7355909567817839,0.0980597341484907,
199,0,0.0095141232013702,0.0084176491945981,-1.0409977583612455,Solo secciones positivas,0.4890947547844714,0.0027736255286375,-0.4863211292558339,18.0
200,1,0.9999986886978148,0.0084176491945981,-0.7039216433622941,Relevancia a secas,0.3454767631675997,0.9306724889773048,0.5851957258097051,
200,1,0.9999986886978148,0.0084176491945981,-0.7039216433622941,Relevancia absoluta,0.7579481931793296,0.9583537044365786,0.200405511257249,
200,1,0.9999986886978148,0.0084176491945981,-0.7039216433622941,Solo secciones positivas,0.0251425658221023,0.8752105427440255,0.8500679769219232,20.0
201,1,1.0,0.0084176491945981,-0.6612015598068696,Relevancia a secas,0.0616402421083236,0.9862146510018244,0.9245744088935006,
201,1,1.0,0.0084176491945981,-0.6612015598068696,Relevancia absoluta,0.0762834509542612,0.8493645475375362,0.773081096583275,
201,1,1.0,0.0084176491945981,-0.6612015598068696,Solo secciones positivas,0.0882215088376291,0.9708358119515812,0.8826143031139521,17.0
202,1,0.9992040991783142,0.0084176491945981,-0.0787452673922739,Relevancia a secas,0.1810286552070194,0.9630092721846368,0.7819806169776174,
202,1,0.9992040991783142,0.0084176491945981,-0.0787452673922739,Relevancia absoluta,0.2167660928959473,0.8899681007282603,0.673202007832313,
202,1,0.9992040991783142,0.0084176491945981,-0.0787452673922739,Solo secciones positivas,0.0262948567923379,0.9724818860229693,0.9461870292306312,19.0
203,0,0.0075969630852341,0.0084176491945981,0.1028301226984165,Relevancia a secas,0.0080888461606163,0.0082403088324806,0.0001514626718643,
203,0,0.0075969630852341,0.0084176491945981,0.1028301226984165,Relevancia absoluta,0.0079271059043498,0.008267254452221,0.0003401485478712,
203,0,0.0075969630852341,0.0084176491945981,0.1028301226984165,Solo secciones positivas,0.0079675763845443,0.0079750739969313,7.49761238694191e-06,2.0
204,1,0.9999984502792358,0.0084176491945981,-0.5169420246907376,Relevancia a secas,0.3456548691014221,0.9340375960908004,0.5883827269893782,
204,1,0.9999984502792358,0.0084176491945981,-0.5169420246907376,Relevancia absoluta,0.5643051325745195,0.823631424560315,0.2593262919857955,
204,1,0.9999984502792358,0.0084176491945981,-0.5169420246907376,Solo secciones positivas,0.0263157511125984,0.8750230922902885,0.84870734117769,19.0
205,0,0.1291196048259735,0.0084176491945981,-1.3378552072540817,Relevancia a secas,0.3715072328535219,0.0872385514040397,-0.2842686814494822,
205,0,0.1291196048259735,0.0084176491945981,-1.3378552072540817,Relevancia absoluta,0.0131749164291991,0.0658638299209997,0.0526889134918005,
205,0,0.1291196048259735,0.0084176491945981,-1.3378552072540817,Solo secciones positivas,0.8473880290985109,0.0022966155125904,-0.8450914135859204,14.0
206,0,0.0065495017915964,0.0084176491945981,0.5579501706729321,Relevancia a secas,0.0140225872552643,0.0060400550460649,-0.0079825322091993,
206,0,0.0065495017915964,0.0084176491945981,0.5579501706729321,Relevancia absoluta,0.0092824931101252,0.0081518045238529,-0.0011306885862722,
206,0,0.0065495017915964,0.0084176491945981,0.5579501706729321,Solo secciones positivas,0.0163070113014648,0.0047760177677606,-0.0115309935337042,17.0
207,0,0.0066591426730155,0.0084176491945981,-11.104025816460654,Relevancia a secas,0.2803109049434877,0.0040918059174954,-0.2762190990259922,
207,0,0.0066591426730155,0.0084176491945981,-11.104025816460654,Relevancia absoluta,0.0106420616179497,0.007792144599888,-0.0028499170180617,
207,0,0.0066591426730155,0.0084176491945981,-11.104025816460654,Solo secciones positivas,0.5032798859633897,0.0015816414961591,-0.5016982444672305,19.0
208,0,0.0091450912877917,0.0084176491945981,0.4044792332508866,Relevancia a secas,0.0117218507985983,0.0087894938753119,-0.0029323569232864,
208,0,0.0091450912877917,0.0084176491945981,0.4044792332508866,Relevancia absoluta,0.0081609999095754,0.0115467702703816,0.0033857703608061,
208,0,0.0091450912877917,0.0084176491945981,0.4044792332508866,Solo secciones positivas,0.0148159348671989,0.0068001561199447,-0.0080157787472541,14.0
209,1,1.0,0.0084176491945981,-0.3650583017099062,Relevancia a secas,0.1876513873630167,0.929889562487612,0.7422381751245953,
209,1,1.0,0.0084176491945981,-0.3650583017099062,Relevancia absoluta,0.0417841314251834,0.2362202513564154,0.194436119931232,
209,1,1.0,0.0084176491945981,-0.3650583017099062,Solo secciones positivas,0.0951588816701169,0.8798143513316365,0.7846554696615197,21.0
210,1,0.9952415227890016,0.0084176491945981,-0.2648184340752587,Relevancia a secas,0.2325764934908735,0.8359394482233459,0.6033629547324724,
210,1,0.9952415227890016,0.0084176491945981,-0.2648184340752587,Relevancia absoluta,0.5831975712887167,0.635756922986022,0.0525593516973053,
210,1,0.9952415227890016,0.0084176491945981,-0.2648184340752587,Solo secciones positivas,0.0261907276675364,0.7953223782150369,0.7691316505475005,19.0
211,0,0.0083044692873954,0.0084176491945981,0.199765302651359,Relevancia a secas,0.0089153343966851,0.0081084936391562,-0.0008068407575289,
211,0,0.0083044692873954,0.0084176491945981,0.199765302651359,Relevancia absoluta,0.0086652013576693,0.0083011680205042,-0.000364033337165,
211,0,0.0083044692873954,0.0084176491945981,0.199765302651359,Solo secciones positivas,0.0101494497309128,0.0072167637602736,-0.0029326859706391,6.0
212,1,0.9675046801567078,0.0084176491945981,-1.0412661264517389,Relevancia a secas,0.6072938230226508,0.9793779907955064,0.3720841677728556,
212,1,0.9675046801567078,0.0084176491945981,-1.0412661264517389,Relevancia absoluta,0.978465951151318,0.9305755702985656,-0.0478903808527523,
212,1,0.9675046801567078,0.0084176491945981,-1.0412661264517389,Solo secciones positivas,0.3811598667719711,0.9596596757570904,0.5784998089851192,18.0
213,1,0.995971977710724,0.0084176491945981,-0.6389614903464602,Relevancia a secas,0.031635220764953,0.8684729906597307,0.8368377698947776,
213,1,0.995971977710724,0.0084176491945981,-0.6389614903464602,Relevancia absoluta,0.6630708099234781,0.7526205102780036,0.0895497003545254,
213,1,0.995971977710724,0.0084176491945981,-0.6389614903464602,Solo secciones positivas,0.0431600217905904,0.7471991933005697,0.7040391715099793,17.0
214,0,0.0082682110369205,0.0084176491945981,0.3291433034089219,Relevancia a secas,0.0080193775572947,0.0088353122451475,0.0008159346878528,
214,0,0.0082682110369205,0.0084176491945981,0.3291433034089219,Relevancia absoluta,0.0079430128181619,0.008983110796128,0.001040097977966,
214,0,0.0082682110369205,0.0084176491945981,0.3291433034089219,Solo secciones positivas,0.0088708875700831,0.0079140760935842,-0.0009568114764988,2.0
215,1,0.9999996423721312,0.0084176491945981,-1.0362539358315588,Relevancia a secas,0.3373313860363559,0.98601533472538,0.648683948689024,
215,1,0.9999996423721312,0.0084176491945981,-1.0362539358315588,Relevancia absoluta,0.7976678715915315,0.9410979598760606,0.143430088284529,
215,1,0.9999996423721312,0.0084176491945981,-1.0362539358315588,Solo secciones positivas,0.0278233572466087,0.9722442262702518,0.944420869023643,18.0
216,0,0.0074850646778941,0.0084176491945981,0.4005668047273557,Relevancia a secas,0.0136733314554606,0.00552671293595,-0.0081466185195105,
216,0,0.0074850646778941,0.0084176491945981,0.4005668047273557,Relevancia absoluta,0.0080890611213232,0.0078754072343664,-0.0002136538869568,
216,0,0.0074850646778941,0.0084176491945981,0.4005668047273557,Solo secciones positivas,0.0163612170635085,0.0044352907785459,-0.0119259262849625,19.0
217,0,0.0071764402091503,0.0084176491945981,-3.837736835919963,Relevancia a secas,0.2227101390405247,0.0514984464065896,-0.1712116926339351,
217,0,0.0071764402091503,0.0084176491945981,-3.837736835919963,Relevancia absoluta,0.0092687333882268,0.011266286096846,0.0019975527086191,
217,0,0.0071764402091503,0.0084176491945981,-3.837736835919963,Solo secciones positivas,0.3135838515894568,0.0686609507740839,-0.2449229008153728,23.0
218,1,1.0,0.0084176491945981,-0.8592453209888322,Relevancia a secas,0.2356662669612593,0.9862046506669786,0.7505383837057193,
218,1,1.0,0.0084176491945981,-0.8592453209888322,Relevancia absoluta,0.0698925652013607,0.7362338027064763,0.6663412375051155,
218,1,1.0,0.0084176491945981,-0.8592453209888322,Solo secciones positivas,0.0227464495193352,0.97746403650804,0.9547175869887048,22.0
219,0,0.00825463142246,0.0084176491945981,0.2678557026829898,Relevancia a secas,0.0099964669595162,0.007633553028831,-0.0023629139306851,
219,0,0.00825463142246,0.0084176491945981,0.2678557026829898,Relevancia absoluta,0.0088262288417253,0.0084070854484,-0.0004191433933253,
219,0,0.00825463142246,0.0084176491945981,0.2678557026829898,Solo secciones positivas,0.0117759900943686,0.0066875041617701,-0.0050884859325985,12.0
220,0,0.0079732974991202,0.0084176491945981,0.0799292591210758,Relevancia a secas,0.008594760697128,0.0080156072120492,-0.0005791534850787,
220,0,0.0079732974991202,0.0084176491945981,0.0799292591210758,Relevancia absoluta,0.0083516190708097,0.0081815355095184,-0.0001700835612912,
220,0,0.0079732974991202,0.0084176491945981,0.0799292591210758,Solo secciones positivas,0.0093036882047142,0.0074942473189107,-0.0018094408858035,7.0
221,0,0.0083443121984601,0.0084176491945981,0.2383679976747311,Relevancia a secas,0.0118034144397825,0.0073410133417281,-0.0044624010980543,
221,0,0.0083443121984601,0.0084176491945981,0.2383679976747311,Relevancia absoluta,0.00854974197379,0.011223162485597,0.002673420511807,
221,0,0.0083443121984601,0.0084176491945981,0.2383679976747311,Solo secciones positivas,0.0143293776782229,0.0059723733575083,-0.0083570043207146,16.0
222,0,0.0270766485482454,0.0084176491945981,-0.6951331969949035,Relevancia a secas,0.8612521035182806,0.4197992838632051,-0.4414528196550755,
222,0,0.0270766485482454,0.0084176491945981,-0.6951331969949035,Relevancia absoluta,0.6563486164345198,0.7213449476079806,0.0649963311734608,
222,0,0.0270766485482454,0.0084176491945981,-0.6951331969949035,Solo secciones positivas,0.9675691008567808,0.0669612490806528,-0.9006078517761281,15.0
223,0,0.0118106044828891,0.0084176491945981,-3.289177063821052,Relevancia a secas,0.3416135534385426,0.0204721331958555,-0.321141420242687,
223,0,0.0118106044828891,0.0084176491945981,-3.289177063821052,Relevancia absoluta,0.0146492272874133,0.1895670440927562,0.1749178168053428,
223,0,0.0118106044828891,0.0084176491945981,-3.289177063821052,Solo secciones positivas,0.650928581266531,0.0110381819706942,-0.6398903992958367,14.0
224,0,0.0079451613128185,0.0084176491945981,0.3209362623947603,Relevancia a secas,0.0102597616043769,0.0074694728634009,-0.0027902887409759,
224,0,0.0079451613128185,0.0084176491945981,0.3209362623947603,Relevancia absoluta,0.0087608529979156,0.0087393095665093,-2.154343140621691e-05,
224,0,0.0079451613128185,0.0084176491945981,0.3209362623947603,Solo secciones positivas,0.0115105249834331,0.0061816945248706,-0.0053288304585624,11.0
225,1,0.9741031527519226,0.0084176491945981,-0.444020214738798,Relevancia a secas,0.3914844379221298,0.8875882619193624,0.4961038239972325,
225,1,0.9741031527519226,0.0084176491945981,-0.444020214738798,Relevancia absoluta,0.556894012600556,0.2157139803603487,-0.3411800322402072,
225,1,0.9741031527519226,0.0084176491945981,-0.444020214738798,Solo secciones positivas,0.0270584237282808,0.9724560446209378,0.945397620892657,18.0
226,1,0.9999947547912598,0.0084176491945981,-1.3974692719714414,Relevancia a secas,0.3748638800494406,0.9012373795005788,0.5263734994511382,
226,1,0.9999947547912598,0.0084176491945981,-1.3974692719714414,Relevancia absoluta,0.7350503311792667,0.7357711205774979,0.0007207893982312,
226,1,0.9999947547912598,0.0084176491945981,-1.3974692719714414,Solo secciones positivas,0.0277776320795576,0.8024749309853935,0.7746972989058358,18.0
227,0,0.0088126705959439,0.0084176491945981,0.3205856906775398,Relevancia a secas,0.0102231612480762,0.0077383293537423,-0.0024848318943339,
227,0,0.0088126705959439,0.0084176491945981,0.3205856906775398,Relevancia absoluta,0.0091312327422201,0.008628426443061,-0.000502806299159,
227,0,0.0088126705959439,0.0084176491945981,0.3205856906775398,Solo secciones positivas,0.0120732652023434,0.0063366644084453,-0.0057366007938981,10.0
228,1,0.999996304512024,0.0084176491945981,-0.2896695391259585,Relevancia a secas,0.042940592305564,0.982453054851956,0.939512462546392,
228,1,0.999996304512024,0.0084176491945981,-0.2896695391259585,Relevancia absoluta,0.1609345615998579,0.6640211133182875,0.5030865517184295,
228,1,0.999996304512024,0.0084176491945981,-0.2896695391259585,Solo secciones positivas,0.0249999189342578,0.9687285512685776,0.9437286323343196,20.0
229,0,0.0077389138750731,0.0084176491945981,-7.4074771941453905,Relevancia a secas,0.0635398278116352,0.0068612102445008,-0.0566786175671344,
229,0,0.0077389138750731,0.0084176491945981,-7.4074771941453905,Relevancia absoluta,0.0093189366808575,0.0091341871173224,-0.000184749563535,
229,0,0.0077389138750731,0.0084176491945981,-7.4074771941453905,Solo secciones positivas,0.1180028837612446,0.0051740264136563,-0.1128288573475883,17.0
230,1,0.9999939203262328,0.0084176491945981,-0.3119698048860501,Relevancia a secas,0.3486086471493707,0.929510508857978,0.5809018617086072,
230,1,0.9999939203262328,0.0084176491945981,-0.3119698048860501,Relevancia absoluta,0.9030817623715848,0.6714273167009296,-0.2316544456706551,
230,1,0.9999939203262328,0.0084176491945981,-0.3119698048860501,Solo secciones positivas,0.0317079922987656,0.8507298681720653,0.8190218758732997,17.0
231,1,0.9999790191650392,0.0084176491945981,-0.5998242789960053,Relevancia a secas,0.3102902422641667,0.8745012103269498,0.5642109680627831,
231,1,0.9999790191650392,0.0084176491945981,-0.5998242789960053,Relevancia absoluta,0.8848130031385355,0.6573720289010351,-0.2274409742375004,
231,1,0.9999790191650392,0.0084176491945981,-0.5998242789960053,Solo secciones positivas,0.0621883334287976,0.9589599172274272,0.8967715837986296,18.0
232,1,0.9994341731071472,0.0084176491945981,-1.0025715037110632,Relevancia a secas,0.0413126033603498,0.9774463888671664,0.9361337855068166,
232,1,0.9994341731071472,0.0084176491945981,-1.0025715037110632,Relevancia absoluta,0.041532821917683,0.8978399253553814,0.8563071034376983,
232,1,0.9994341731071472,0.0084176491945981,-1.0025715037110632,Solo secciones positivas,0.0674111314837775,0.9631256623701616,0.895714530886384,22.0
233,0,0.0082859499379992,0.0084176491945981,-0.0320480575595093,Relevancia a secas,0.4184935853247427,0.0049073531303065,-0.4135862321944362,
233,0,0.0082859499379992,0.0084176491945981,-0.0320480575595093,Relevancia absoluta,0.010071148785452,0.0270245651740373,0.0169534163885853,
233,0,0.0082859499379992,0.0084176491945981,-0.0320480575595093,Solo secciones positivas,0.7939682770520449,0.0014615206006914,-0.7925067564513534,18.0
234,0,0.007786454167217,0.0084176491945981,0.1964103416354011,Relevancia a secas,0.0093099253717809,0.0074769980662191,-0.0018329273055618,
234,0,0.007786454167217,0.0084176491945981,0.1964103416354011,Relevancia absoluta,0.0084396892925724,0.0081772414656976,-0.0002624478268747,
234,0,0.007786454167217,0.0084176491945981,0.1964103416354011,Solo secciones positivas,0.0101842198520898,0.0073016759008169,-0.0028825439512729,10.0
235,1,1.0,0.0084176491945981,-0.332074401988251,Relevancia a secas,0.3416445809934214,0.9862279461489782,0.6445833651555568,
235,1,1.0,0.0084176491945981,-0.332074401988251,Relevancia absoluta,0.5288190871166687,0.9862279560830858,0.4574088689664171,
235,1,1.0,0.0084176491945981,-0.332074401988251,Solo secciones positivas,0.0418494382971856,0.973905594725358,0.9320561564281722,19.0
236,0,0.0087217334657907,0.0084176491945981,0.3177251443943415,Relevancia a secas,0.0096604069953577,0.0088294238861029,-0.0008309831092548,
236,0,0.0087217334657907,0.0084176491945981,0.3177251443943415,Relevancia absoluta,0.0083350030343151,0.0097154746504707,0.0013804716161555,
236,0,0.0087217334657907,0.0084176491945981,0.3177251443943415,Solo secciones positivas,0.0114966552704572,0.0068920587189495,-0.0046045965515077,10.0
237,0,0.0078941350802779,0.0084176491945981,-0.0412770792946802,Relevancia a secas,0.0080201273085549,0.0083609306408713,0.0003408033323163,
237,0,0.0078941350802779,0.0084176491945981,-0.0412770792946802,Relevancia absoluta,0.0080201273085549,0.0083609306408713,0.0003408033323163,
237,0,0.0078941350802779,0.0084176491945981,-0.0412770792946802,Solo secciones positivas,,,,0.0
238,0,0.0081412643194198,0.0084176491945981,0.0998922834037033,Relevancia a secas,0.0084548594637049,0.0083736580175658,-8.120144613915116e-05,
238,0,0.0081412643194198,0.0084176491945981,0.0998922834037033,Relevancia absoluta,0.008287205800621,0.0085320286194069,0.0002448228187859,
238,0,0.0081412643194198,0.0084176491945981,0.0998922834037033,Solo secciones positivas,0.008917586877942,0.0077458145096898,-0.0011717723682522,3.0
239,0,0.0076914932578802,0.0084176491945981,-0.7404964123651897,Relevancia a secas,0.0300584083888679,0.014139954220607,-0.0159184541682609,
239,0,0.0076914932578802,0.0084176491945981,-0.7404964123651897,Relevancia absoluta,0.3868360334955569,0.3842248704232689,-0.0026111630722879,
239,0,0.0076914932578802,0.0084176491945981,-0.7404964123651897,Solo secciones positivas,0.0393861102109605,0.0163895377084951,-0.0229965725024654,22.0
240,0,0.0085474289953708,0.0084176491945981,0.2731965379165448,Relevancia a secas,0.0107959991890109,0.0076365466229617,-0.0031594525660491,
240,0,0.0085474289953708,0.0084176491945981,0.2731965379165448,Relevancia absoluta,0.0088382652029395,0.0082952940267407,-0.0005429711761987,
240,0,0.0085474289953708,0.0084176491945981,0.2731965379165448,Solo secciones positivas,0.0125308129160354,0.0060153525555506,-0.0065154603604848,12.0
241,1,1.0,0.0084176491945981,-1.018232980633428,Relevancia a secas,0.6311193786239915,0.9862274991141424,0.3551081204901509,
241,1,1.0,0.0084176491945981,-1.018232980633428,Relevancia absoluta,0.353165834383514,0.986217972305086,0.6330521379215719,
241,1,1.0,0.0084176491945981,-1.018232980633428,Solo secciones positivas,0.5428407248619943,0.969013050198555,0.4261723253365607,16.0
242,0,0.0068411426618695,0.0084176491945981,-0.7059127292258375,Relevancia a secas,0.0256293468410149,0.0081509936782014,-0.0174783531628135,
242,0,0.0068411426618695,0.0084176491945981,-0.7059127292258375,Relevancia absoluta,0.0101910276441938,0.0092196838619808,-0.000971343782213,
242,0,0.0068411426618695,0.0084176491945981,-0.7059127292258375,Solo secciones positivas,0.0375525917237003,0.0080198925210251,-0.0295326992026751,21.0
243,0,0.0196814313530921,0.0084176491945981,-7.521094563134203,Relevancia a secas,0.0865849875068913,0.0140758261283432,-0.072509161378548,
243,0,0.0196814313530921,0.0084176491945981,-7.521094563134203,Relevancia absoluta,0.0016127060745018,0.0267550227710873,0.0251423166965854,
243,0,0.0196814313530921,0.0084176491945981,-7.521094563134203,Solo secciones positivas,0.1390543562463588,0.0059089588790407,-0.1331453973673181,18.0
244,0,0.0159485377371311,0.0084176491945981,-0.0493392578953212,Relevancia a secas,0.4841438876853015,0.0056921071408943,-0.4784517805444071,
244,0,0.0159485377371311,0.0084176491945981,-0.0493392578953212,Relevancia absoluta,0.2917776116066509,0.0434287023187304,-0.2483489092879204,
244,0,0.0159485377371311,0.0084176491945981,-0.0493392578953212,Solo secciones positivas,0.8702089470975539,0.0014054523061124,-0.8688034947914415,17.0
245,0,0.0135282604023814,0.0084176491945981,-0.2519091636422498,Relevancia a secas,0.3729060376127664,0.009652169088238,-0.3632538685245284,
245,0,0.0135282604023814,0.0084176491945981,-0.2519091636422498,Relevancia absoluta,0.0183350588453726,0.0133159317386647,-0.0050191271067079,
245,0,0.0135282604023814,0.0084176491945981,-0.2519091636422498,Solo secciones positivas,0.7483293686938637,0.0064846821581287,-0.741844686535735,17.0
246,1,1.0,0.0084176491945981,-0.8815779873713993,Relevancia a secas,0.265792808309377,0.9568227471576798,0.6910299388483028,
246,1,1.0,0.0084176491945981,-0.8815779873713993,Relevancia absoluta,0.1547951650718974,0.941769522925218,0.7869743578533206,
246,1,1.0,0.0084176491945981,-0.8815779873713993,Solo secciones positivas,0.0744918914777917,0.9259819090366364,0.8514900175588447,21.0
247,1,0.9999998807907104,0.0084176491945981,-0.2295083038044442,Relevancia a secas,0.2733561649068923,0.9837419423792096,0.7103857774723172,
247,1,0.9999998807907104,0.0084176491945981,-0.2295083038044442,Relevancia absoluta,0.7862383489022465,0.7791913517338082,-0.0070469971684383,
247,1,0.9999998807907104,0.0084176491945981,-0.2295083038044442,Solo secciones positivas,0.0294288068055958,0.96557120365255,0.9361423968469542,17.0
248,0,0.0074435304850339,0.0084176491945981,0.4251362022737611,Relevancia a secas,0.0165436480763471,0.0061848833768938,-0.0103587646994532,
248,0,0.0074435304850339,0.0084176491945981,0.4251362022737611,Relevancia absoluta,0.0111975470531938,0.0078641410089201,-0.0033334060442737,
248,0,0.0074435304850339,0.0084176491945981,0.4251362022737611,Solo secciones positivas,0.0242716179345734,0.0050844188954215,-0.0191871990391518,16.0
249,0,0.0082715433090925,0.0084176491945981,-11.262575423369912,Relevancia a secas,0.1732104694625983,0.0155984935247235,-0.1576119759378748,
249,0,0.0082715433090925,0.0084176491945981,-11.262575423369912,Relevancia absoluta,0.0112260991008952,0.013402602299013,0.0021765031981178,
249,0,0.0082715433090925,0.0084176491945981,-11.262575423369912,Solo secciones positivas,0.2886954859364778,0.0137773637194186,-0.2749181222170592,20.0
250,0,0.0102846696972846,0.0084176491945981,-0.1284466481820979,Relevancia a secas,0.5229289913032618,0.0070184829170554,-0.5159105083862063,
250,0,0.0102846696972846,0.0084176491945981,-0.1284466481820979,Relevancia absoluta,0.0340428361669182,0.057237312844437,0.0231944766775187,
250,0,0.0102846696972846,0.0084176491945981,-0.1284466481820979,Solo secciones positivas,0.9287223797291516,0.0015273731760402,-0.9271950065531116,16.0
251,0,0.0084156226366758,0.0084176491945981,-0.607171004351988,Relevancia a secas,0.8442831909180514,0.1045039210941228,-0.7397792698239286,
251,0,0.0084156226366758,0.0084176491945981,-0.607171004351988,Relevancia absoluta,0.1799683371011156,0.1896676602175122,0.0096993231163966,
251,0,0.0084156226366758,0.0084176491945981,-0.607171004351988,Solo secciones positivas,0.975214576179331,0.1617654652165431,-0.8134491109627879,22.0
252,1,1.0,0.0084176491945981,-0.6767032988170747,Relevancia a secas,0.0150286395499268,0.9574489263662448,0.942420286816318,
252,1,1.0,0.0084176491945981,-0.6767032988170747,Relevancia absoluta,0.1033233303585638,0.5935893165747074,0.4902659862161436,
252,1,1.0,0.0084176491945981,-0.6767032988170747,Solo secciones positivas,0.0333345978985865,0.9002807301158706,0.8669461322172841,15.0
253,1,0.951107919216156,0.0084176491945981,-0.4158888749776945,Relevancia a secas,0.2066136875850764,0.9538428355525764,0.7472291479675002,
253,1,0.951107919216156,0.0084176491945981,-0.4158888749776945,Relevancia absoluta,0.6635381856823288,0.8965889383624825,0.2330507526801537,
253,1,0.951107919216156,0.0084176491945981,-0.4158888749776945,Solo secciones positivas,0.0238667803650517,0.9289159835981472,0.9050492032330952,21.0
254,0,0.0111024007201194,0.0084176491945981,-0.8746752828032814,Relevancia a secas,0.5176935487219857,0.0395712810827212,-0.4781222676392644,
254,0,0.0111024007201194,0.0084176491945981,-0.8746752828032814,Relevancia absoluta,0.3686856986282186,0.1760246683843433,-0.1926610302438752,
254,0,0.0111024007201194,0.0084176491945981,-0.8746752828032814,Solo secciones positivas,0.8669968337258872,0.0697016907198464,-0.7972951430060408,17.0
255,0,0.0078417900949716,0.0084176491945981,0.2060314290275879,Relevancia a secas,0.0085815374170326,0.0083604386567862,-0.0002210987602464,
255,0,0.0078417900949716,0.0084176491945981,0.2060314290275879,Relevancia absoluta,0.0082273245013008,0.0086054804657275,0.0003781559644266,
255,0,0.0078417900949716,0.0084176491945981,0.2060314290275879,Solo secciones positivas,0.0096191811996201,0.0077349133013437,-0.0018842678982764,6.0
256,1,0.997569501399994,0.0084176491945981,-0.9578634721669838,Relevancia a secas,0.1006871973486593,0.7378553388666155,0.6371681415179562,
256,1,0.997569501399994,0.0084176491945981,-0.9578634721669838,Relevancia absoluta,0.3579202184702695,0.8622127274672189,0.5042925089969494,
256,1,0.997569501399994,0.0084176491945981,-0.9578634721669838,Solo secciones positivas,0.0356697544663607,0.9290106104952948,0.8933408560289341,14.0
257,1,1.0,0.0084176491945981,-0.8836288998611505,Relevancia a secas,0.0636210087439621,0.9862265653080412,0.9226055565640788,
257,1,1.0,0.0084176491945981,-0.8836288998611505,Relevancia absoluta,0.3401251631213343,0.8661673972716394,0.526042234150305,
257,1,1.0,0.0084176491945981,-0.8836288998611505,Solo secciones positivas,0.0354881809922216,0.9690097719430923,0.9335215909508708,16.0
258,0,0.0080668311566114,0.0084176491945981,-0.066417205741275,Relevancia a secas,0.0081749916874936,0.0084120118192264,0.0002370201317327,
258,0,0.0080668311566114,0.0084176491945981,-0.066417205741275,Relevancia absoluta,0.0081818467006087,0.008402110609625,0.0002202639090163,
258,0,0.0080668311566114,0.0084176491945981,-0.066417205741275,Solo secciones positivas,0.0081884935498237,0.0082938987761735,0.0001054052263498,1.0
259,1,0.9993475079536438,0.0084176491945981,-860.8653836367906,Relevancia a secas,0.8933872522579298,0.8896037689151449,-0.0037834833427848,
259,1,0.9993475079536438,0.0084176491945981,-860.8653836367906,Relevancia absoluta,0.9313069905361366,0.8519047186968641,-0.0794022718392725,
259,1,0.9993475079536438,0.0084176491945981,-860.8653836367906,Solo secciones positivas,0.9156518929144916,0.7662526678074809,-0.1493992251070106,17.0
260,0,0.0090166442096233,0.0084176491945981,0.6703965931584552,Relevancia a secas,0.0118774630181077,0.0072653360095702,-0.0046121270085374,
260,0,0.0090166442096233,0.0084176491945981,0.6703965931584552,Relevancia absoluta,0.0089043556298646,0.0087616741657257,-0.0001426814641389,
260,0,0.0090166442096233,0.0084176491945981,0.6703965931584552,Solo secciones positivas,0.0167576961896636,0.0052262478169392,-0.0115314483727243,11.0
261,1,0.9999994039535522,0.0084176491945981,-0.5641382970576,Relevancia a secas,0.0696334210523193,0.9584478355892416,0.8888144145369222,
261,1,0.9999994039535522,0.0084176491945981,-0.5641382970576,Relevancia absoluta,0.5550009894061844,0.9536492583186676,0.3986482689124833,
261,1,0.9999994039535522,0.0084176491945981,-0.5641382970576,Solo secciones positivas,0.0238174523739352,0.9287722395910394,0.9049547872171042,21.0
262,0,0.0118675716221332,0.0084176491945981,-21.571231263772468,Relevancia a secas,0.047160584013909,0.0064188148761685,-0.0407417691377405,
262,0,0.0118675716221332,0.0084176491945981,-21.571231263772468,Relevancia absoluta,0.0116947476441661,0.0152514948794204,0.0035567472352542,
262,0,0.0118675716221332,0.0084176491945981,-21.571231263772468,Solo secciones positivas,0.076841765968129,0.0047611314628738,-0.0720806345052551,20.0
263,1,0.9999991655349731,0.0084176491945981,-0.7346320742883199,Relevancia a secas,0.0421999198186813,0.9517454157272974,0.909545495908616,
263,1,0.9999991655349731,0.0084176491945981,-0.7346320742883199,Relevancia absoluta,0.4592014444334894,0.9862274047401216,0.5270259603066322,
263,1,0.9999991655349731,0.0084176491945981,-0.7346320742883199,Solo secciones positivas,0.0652154192645836,0.9784438610076904,0.9132284417431068,23.0
264,0,0.0078436117619276,0.0084176491945981,-0.707644016929807,Relevancia a secas,0.5183647012001733,0.0024002612992718,-0.5159644399009015,
264,0,0.0078436117619276,0.0084176491945981,-0.707644016929807,Relevancia absoluta,0.1401354441833165,0.008493356840625,-0.1316420873426915,
264,0,0.0078436117619276,0.0084176491945981,-0.707644016929807,Solo secciones positivas,0.8475654456568391,0.0010273334412349,-0.8465381122156042,19.0
265,1,1.0,0.0084176491945981,-0.2482677108625234,Relevancia a secas,0.3178475355372334,0.9572634049824306,0.6394158694451972,
265,1,1.0,0.0084176491945981,-0.2482677108625234,Relevancia absoluta,0.4209605963276642,0.8095981836400382,0.3886375873123739,
265,1,1.0,0.0084176491945981,-0.2482677108625234,Solo secciones positivas,0.0291430393074583,0.9252110421657562,0.8960680028582978,20.0
266,0,0.0264339987188577,0.0084176491945981,-0.5608546404027874,Relevancia a secas,0.0356700393604114,0.0242944121451324,-0.011375627215279,
266,0,0.0264339987188577,0.0084176491945981,-0.5608546404027874,Relevancia absoluta,0.0033016176667944,0.0546811052028917,0.0513794875360973,
266,0,0.0264339987188577,0.0084176491945981,-0.5608546404027874,Solo secciones positivas,0.0360337515672047,0.0055372462918361,-0.0304965052753686,15.0
267,0,0.0090179610997438,0.0084176491945981,0.2979618475591984,Relevancia a secas,0.0161745200554529,0.0061426385719743,-0.0100318814834786,
267,0,0.0090179610997438,0.0084176491945981,0.2979618475591984,Relevancia absoluta,0.0096386135038402,0.0093193520507257,-0.0003192614531144,
267,0,0.0090179610997438,0.0084176491945981,0.2979618475591984,Solo secciones positivas,0.0225841586361639,0.0048017876397352,-0.0177823709964286,16.0
268,0,0.0069951810874044,0.0084176491945981,-5.408290782418911,Relevancia a secas,0.5335212881004231,0.1010276427259668,-0.4324936453744562,
268,0,0.0069951810874044,0.0084176491945981,-5.408290782418911,Relevancia absoluta,0.0309308820223021,0.0185039581653351,-0.012426923856967,
268,0,0.0069951810874044,0.0084176491945981,-5.408290782418911,Solo secciones positivas,0.7748357904686902,0.1478625506861135,-0.6269732397825767,24.0
269,0,0.0096094971522688,0.0084176491945981,-0.4273289988739016,Relevancia a secas,0.8141807473988997,0.0684680806516949,-0.7457126667472047,
269,0,0.0096094971522688,0.0084176491945981,-0.4273289988739016,Relevancia absoluta,0.5276352872347666,0.3823553448439472,-0.1452799423908194,
269,0,0.0096094971522688,0.0084176491945981,-0.4273289988739016,Solo secciones positivas,0.9278761939042144,0.0512289547288593,-0.876647239175355,18.0
270,1,0.9978546500205994,0.0084176491945981,-0.6383633324473175,Relevancia a secas,0.1101795026673231,0.9468028354975913,0.8366233328302681,
270,1,0.9978546500205994,0.0084176491945981,-0.6383633324473175,Relevancia absoluta,0.6949863287157869,0.9402774348855018,0.2452911061697148,
270,1,0.9978546500205994,0.0084176491945981,-0.6383633324473175,Solo secciones positivas,0.0555944416432435,0.8998924760442031,0.8442980344009595,19.0
271,0,0.008765123784542,0.0084176491945981,-1.2963315702423448,Relevancia a secas,0.5209767205330231,0.0065265427073949,-0.5144501778256282,
271,0,0.008765123784542,0.0084176491945981,-1.2963315702423448,Relevancia absoluta,0.0578289870431439,0.01483335527074,-0.0429956317724039,
271,0,0.008765123784542,0.0084176491945981,-1.2963315702423448,Solo secciones positivas,0.905433029132454,0.0029448590759602,-0.9024881700564936,19.0
272,0,0.0203234180808067,0.0084176491945981,-1.2337258904044617,Relevancia a secas,0.3822401515725586,0.0039750982675899,-0.3782650533049687,
272,0,0.0203234180808067,0.0084176491945981,-1.2337258904044617,Relevancia absoluta,0.0192122692242264,0.0856232269636368,0.0664109577394103,
272,0,0.0203234180808067,0.0084176491945981,-1.2337258904044617,Solo secciones positivas,0.7211663633146707,0.0020821878676529,-0.7190841754470177,17.0
273,1,1.0,0.0084176491945981,-0.8260684469621135,Relevancia a secas,0.435957965631866,0.9862205849753486,0.5502626193434825,
273,1,1.0,0.0084176491945981,-0.8260684469621135,Relevancia absoluta,0.9862218764093188,0.9432754743223388,-0.0429464020869797,
273,1,1.0,0.0084176491945981,-0.8260684469621135,Solo secciones positivas,0.1611931304150725,0.9669294039408366,0.805736273525764,15.0
274,1,1.0,0.0084176491945981,-0.7098434831713056,Relevancia a secas,0.2246860631867419,0.791783574555513,0.5670975113687711,
274,1,1.0,0.0084176491945981,-0.7098434831713056,Relevancia absoluta,0.5096550012369537,0.9862225204706192,0.4765675192336654,
274,1,1.0,0.0084176491945981,-0.7098434831713056,Solo secciones positivas,0.3042269423271719,0.975210440158844,0.670983497831672,20.0
275,0,0.0092056253924965,0.0084176491945981,-0.3206842501047011,Relevancia a secas,0.3600139368403082,0.0099520712643778,-0.3500618655759303,
275,0,0.0092056253924965,0.0084176491945981,-0.3206842501047011,Relevancia absoluta,0.0133267348703359,0.0848757716723614,0.0715490368020255,
275,0,0.0092056253924965,0.0084176491945981,-0.3206842501047011,Solo secciones positivas,0.8666149526834487,0.0126834330330893,-0.8539315196503593,14.0
276,1,0.99996018409729,0.0084176491945981,-0.4301418593935182,Relevancia a secas,0.5666646709859909,0.9585205420670618,0.3918558710810709,
276,1,0.99996018409729,0.0084176491945981,-0.4301418593935182,Relevancia absoluta,0.8257795707976598,0.8751100280079653,0.0493304572103054,
276,1,0.99996018409729,0.0084176491945981,-0.4301418593935182,Solo secciones positivas,0.2284130374590555,0.900462683973213,0.6720496465141574,15.0
277,1,1.0,0.0084176491945981,-0.9606486411670933,Relevancia a secas,0.4505484111733746,0.9862280223104688,0.5356796111370943,
277,1,1.0,0.0084176491945981,-0.9606486411670933,Relevancia absoluta,0.6715921796870548,0.9858002629545,0.3142080832674452,
277,1,1.0,0.0084176491945981,-0.9606486411670933,Solo secciones positivas,0.4964130142740427,0.9739057264829936,0.4774927122089509,19.0
278,0,0.0095169143751263,0.0084176491945981,-0.6229561317284297,Relevancia a secas,0.5455210954726984,0.042477868720771,-0.5030432267519274,
278,0,0.0095169143751263,0.0084176491945981,-0.6229561317284297,Relevancia absoluta,0.2401073267165985,0.6227087943504255,0.3826014676338269,
278,0,0.0095169143751263,0.0084176491945981,-0.6229561317284297,Solo secciones positivas,0.8668895195134811,0.0730090942013595,-0.7938804253121216,18.0
279,0,0.014389332383871,0.0084176491945981,-0.364586075376235,Relevancia a secas,0.3983210321619279,0.016779398522178,-0.3815416336397498,
279,0,0.014389332383871,0.0084176491945981,-0.364586075376235,Relevancia absoluta,0.1026474974997755,0.1068644258969773,0.0042169283972017,
279,0,0.014389332383871,0.0084176491945981,-0.364586075376235,Solo secciones positivas,0.7876948052469422,0.016196639771806,-0.7714981654751362,17.0
280,0,0.009356141090393,0.0084176491945981,0.421693283166496,Relevancia a secas,0.0094963602669951,0.0084637983753863,-0.0010325618916087,
280,0,0.009356141090393,0.0084176491945981,0.421693283166496,Relevancia absoluta,0.0088348058311061,0.0089644588426583,0.0001296530115521,
280,0,0.009356141090393,0.0084176491945981,0.421693283166496,Solo secciones positivas,0.0115927619238694,0.0068749513787527,-0.0047178105451166,6.0
281,1,1.0,0.0084176491945981,-0.8509812179116109,Relevancia a secas,0.0434063046975645,0.8754690728824245,0.83206276818486,
281,1,1.0,0.0084176491945981,-0.8509812179116109,Relevancia absoluta,0.2929168619142587,0.8348210089736514,0.5419041470593926,
281,1,1.0,0.0084176491945981,-0.8509812179116109,Solo secciones positivas,0.0676494064675732,0.9320094910534944,0.8643600845859213,22.0
282,1,0.9957066178321838,0.0084176491945981,-0.4609759863643018,Relevancia a secas,0.1619058127195718,0.949318423246344,0.7874126105267721,
282,1,0.9957066178321838,0.0084176491945981,-0.4609759863643018,Relevancia absoluta,0.7964512916902702,0.87546941689733,0.0790181252070598,
282,1,0.9957066178321838,0.0084176491945981,-0.4609759863643018,Solo secciones positivas,0.0823796114312767,0.9277249565720558,0.8453453451407791,25.0
283,0,0.0085391215980052,0.0084176491945981,-0.0551042678982388,Relevancia a secas,0.010567638479794,0.0087103120232414,-0.0018573264565525,
283,0,0.0085391215980052,0.0084176491945981,-0.0551042678982388,Relevancia absoluta,0.0089725587879204,0.0086328650876465,-0.0003396937002738,
283,0,0.0085391215980052,0.0084176491945981,-0.0551042678982388,Solo secciones positivas,0.0135548401934405,0.0089171087214102,-0.0046377314720302,12.0
284,0,0.0096077509224414,0.0084176491945981,-1.043170712815504,Relevancia a secas,0.4826109621854913,0.3868560477729059,-0.0957549144125853,
284,0,0.0096077509224414,0.0084176491945981,-1.043170712815504,Relevancia absoluta,0.0255878558899793,0.2100592519984477,0.1844713961084683,
284,0,0.0096077509224414,0.0084176491945981,-1.043170712815504,Solo secciones positivas,0.5985050425864755,0.4844732832629234,-0.1140317593235521,20.0
285,1,0.9999998807907104,0.0084176491945981,-1.7772364265359202,Relevancia a secas,0.1681578025807451,0.9861438224713008,0.8179860198905555,
285,1,0.9999998807907104,0.0084176491945981,-1.7772364265359202,Relevancia absoluta,0.826006326151805,0.9725635432534748,0.1465572171016698,
285,1,0.9999998807907104,0.0084176491945981,-1.7772364265359202,Solo secciones positivas,0.1666530305778603,0.9762466010593231,0.8095935704814629,21.0
286,0,0.010280986316502,0.0084176491945981,-0.6965019987223073,Relevancia a secas,0.588830919108457,0.0293540256890183,-0.5594768934194386,
286,0,0.010280986316502,0.0084176491945981,-0.6965019987223073,Relevancia absoluta,0.3103556140946845,0.1948947768930034,-0.115460837201681,
286,0,0.010280986316502,0.0084176491945981,-0.6965019987223073,Solo secciones positivas,0.7865275177690718,0.0515090758239643,-0.7350184419451075,18.0
287,0,0.3965368568897247,0.0084176491945981,-1.3159448374393434,Relevancia a secas,0.8404590761444222,0.3025387169118357,-0.5379203592325864,
287,0,0.3965368568897247,0.0084176491945981,-1.3159448374393434,Relevancia absoluta,0.8679879581452243,0.950873682896296,0.0828857247510717,
287,0,0.3965368568897247,0.0084176491945981,-1.3159448374393434,Solo secciones positivas,0.9845658093690872,0.0014882805846273,-0.98307752878446,20.0
288,0,0.0079298801720142,0.0084176491945981,0.2377143069199333,Relevancia a secas,0.0083373588923778,0.00809715833101,-0.0002402005613678,
288,0,0.0079298801720142,0.0084176491945981,0.2377143069199333,Relevancia absoluta,0.0081395658974846,0.0082823636993351,0.0001427978018505,
288,0,0.0079298801720142,0.0084176491945981,0.2377143069199333,Solo secciones positivas,0.0088181793689727,0.0076211711857467,-0.0011970081832259,4.0
289,0,0.3957059383392334,0.0084176491945981,-0.467798581728062,Relevancia a secas,0.6590876443272767,0.2011963355224637,-0.457891308804813,
289,0,0.3957059383392334,0.0084176491945981,-0.467798581728062,Relevancia absoluta,0.4464845639886334,0.3940212658102002,-0.0524632981784332,
289,0,0.3957059383392334,0.0084176491945981,-0.467798581728062,Solo secciones positivas,0.959406931291927,0.0110035008919856,-0.9484034303999412,22.0
290,0,0.00754528446123,0.0084176491945981,-0.6688740781513907,Relevancia a secas,0.1648721258422094,0.0188254758848675,-0.1460466499573418,
290,0,0.00754528446123,0.0084176491945981,-0.6688740781513907,Relevancia absoluta,0.007731660056327,0.0510694943900619,0.0433378343337348,
290,0,0.00754528446123,0.0084176491945981,-0.6688740781513907,Solo secciones positivas,0.2956248345629622,0.010889558509613,-0.2847352760533491,12.0
291,0,0.0157206542789936,0.0084176491945981,-0.6974742855498108,Relevancia a secas,0.3849962388242905,0.1717471866868436,-0.2132490521374469,
291,0,0.0157206542789936,0.0084176491945981,-0.6974742855498108,Relevancia absoluta,0.0363941712517367,0.3947698398971827,0.3583756686454459,
291,0,0.0157206542789936,0.0084176491945981,-0.6974742855498108,Solo secciones positivas,0.582926918329163,0.0332754493521695,-0.5496514689769934,11.0
292,1,0.999991774559021,0.0084176491945981,-0.498043725372321,Relevancia a secas,0.5365696402907569,0.9862276729610232,0.4496580326702661,
292,1,0.999991774559021,0.0084176491945981,-0.498043725372321,Relevancia absoluta,0.6994155013105936,0.986214636100663,0.2867991347900693,
292,1,0.999991774559021,0.0084176491945981,-0.498043725372321,Solo secciones positivas,0.1723670102425005,0.9618622156289908,0.7894952053864903,13.0
293,0,0.007637423928827,0.0084176491945981,-0.6845360724601057,Relevancia a secas,0.0552363211237308,0.0111138679915004,-0.0441224531322303,
293,0,0.007637423928827,0.0084176491945981,-0.6845360724601057,Relevancia absoluta,0.0143987781678636,0.0170100268312833,0.0026112486634196,
293,0,0.007637423928827,0.0084176491945981,-0.6845360724601057,Solo secciones positivas,0.0567459989605205,0.0088221185973712,-0.0479238803631493,21.0
294,1,1.0,0.0084176491945981,-0.7524506326900913,Relevancia a secas,0.1073637574695594,0.933533334173262,0.8261695767037026,
294,1,1.0,0.0084176491945981,-0.7524506326900913,Relevancia absoluta,0.9700422204203076,0.5699570641283775,-0.4000851562919302,
294,1,1.0,0.0084176491945981,-0.7524506326900913,Solo secciones positivas,0.0343706510958283,0.8860571442970209,0.8516864932011925,21.0
295,1,1.0,0.0084176491945981,-0.5256363392172146,Relevancia a secas,0.2917403330265475,0.9589250087738036,0.6671846757472562,
295,1,1.0,0.0084176491945981,-0.5256363392172146,Relevancia absoluta,0.4877751020724695,0.9511154558923508,0.4633403538198813,
295,1,1.0,0.0084176491945981,-0.5256363392172146,Solo secciones positivas,0.0789497433186888,0.9221737008345754,0.8432239575158865,19.0
296,1,0.9898936152458192,0.0084176491945981,-1.1782177067372308,Relevancia a secas,0.2228963635034161,0.9609781354665756,0.7380817719631596,
296,1,0.9898936152458192,0.0084176491945981,-1.1782177067372308,Relevancia absoluta,0.9035185272287992,0.807703111646053,-0.0958154155827462,
296,1,0.9898936152458192,0.0084176491945981,-1.1782177067372308,Solo secciones positivas,0.1944180212387981,0.9774639118801464,0.7830458906413482,22.0
297,0,0.0275518670678138,0.0084176491945981,-6.242402716229032,Relevancia a secas,0.2905448806058202,0.012958956500774,-0.2775859241050461,
297,0,0.0275518670678138,0.0084176491945981,-6.242402716229032,Relevancia absoluta,0.0086827168399597,0.0265581961527156,0.0178754793127558,
297,0,0.0275518670678138,0.0084176491945981,-6.242402716229032,Solo secciones positivas,0.5872053076677461,0.0044829740791636,-0.5827223335885825,17.0
298,0,0.0084037259221076,0.0084176491945981,0.1476990531268491,Relevancia a secas,0.0126619254135423,0.0072252927089316,-0.0054366327046106,
298,0,0.0084037259221076,0.0084176491945981,0.1476990531268491,Relevancia absoluta,0.0104923718350215,0.0082201138138771,-0.0022722580211444,
298,0,0.0084037259221076,0.0084176491945981,0.1476990531268491,Solo secciones positivas,0.0140397053078881,0.0065952741674014,-0.0074444311404866,14.0
299,0,0.0081703877076506,0.0084176491945981,-0.1090535070746548,Relevancia a secas,0.0083155450023089,0.0082821205982731,-3.342440403583842e-05,
299,0,0.0081703877076506,0.0084176491945981,-0.1090535070746548,Relevancia absoluta,0.0083155450023089,0.0082821205982731,-3.342440403583842e-05,
299,0,0.0081703877076506,0.0084176491945981,-0.1090535070746548,Solo secciones positivas,,,,0.0
300,0,0.0106245949864387,0.0084176491945981,-1.3307660899888458,Relevancia a secas,0.6247801292273732,0.3594397991934481,-0.2653403300339251,
300,0,0.0106245949864387,0.0084176491945981,-1.3307660899888458,Relevancia absoluta,0.7719280508139896,0.6681522281077275,-0.1037758227062621,
300,0,0.0106245949864387,0.0084176491945981,-1.3307660899888458,Solo secciones positivas,0.283121274660031,0.0174473097315058,-0.2656739649285252,15.0
301,1,0.9999779462814332,0.0084176491945981,-1.0456893437493142,Relevancia a secas,0.097670657822169,0.9861101988289092,0.88843954100674,
301,1,0.9999779462814332,0.0084176491945981,-1.0456893437493142,Relevancia absoluta,0.2169116620115685,0.8139916872128569,0.5970800252012883,
301,1,0.9999779462814332,0.0084176491945981,-1.0456893437493142,Solo secciones positivas,0.1243590525264153,0.9583380421002706,0.8339789895738553,12.0
302,0,0.009810178540647,0.0084176491945981,0.3268964005031235,Relevancia a secas,0.0139581174589693,0.0082264612946245,-0.0057316561643448,
302,0,0.009810178540647,0.0084176491945981,0.3268964005031235,Relevancia absoluta,0.0089846281334757,0.0101111179683357,0.0011264898348599,
302,0,0.009810178540647,0.0084176491945981,0.3268964005031235,Solo secciones positivas,0.0183917106344149,0.006617022678256,-0.0117746879561589,13.0
303,0,0.0064070685766637,0.0084176491945981,-1.4509275199256455,Relevancia a secas,0.3279002279224288,0.0076445299222945,-0.3202556980001342,
303,0,0.0064070685766637,0.0084176491945981,-1.4509275199256455,Relevancia absoluta,0.0623687831684946,0.0406554321396268,-0.0217133510288678,
303,0,0.0064070685766637,0.0084176491945981,-1.4509275199256455,Solo secciones positivas,0.6136639884540013,0.0011645008806746,-0.6124994875733266,14.0
304,1,0.999983549118042,0.0084176491945981,-0.575722504371087,Relevancia a secas,0.5286856937252872,0.9696293924536024,0.4409436987283153,
304,1,0.999983549118042,0.0084176491945981,-0.575722504371087,Relevancia absoluta,0.7378798594906195,0.8806897240374904,0.1428098645468708,
304,1,0.999983549118042,0.0084176491945981,-0.575722504371087,Solo secciones positivas,0.1923066194527773,0.9433909677542174,0.75108434830144,13.0
305,0,0.0098376795649528,0.0084176491945981,-6.614987255965777,Relevancia a secas,0.1922941696830093,0.0082441501112447,-0.1840500195717646,
305,0,0.0098376795649528,0.0084176491945981,-6.614987255965777,Relevancia absoluta,0.0120210331580084,0.0092924711061641,-0.0027285620518442,
305,0,0.0098376795649528,0.0084176491945981,-6.614987255965777,Solo secciones positivas,0.3524320904564644,0.0050818426534533,-0.3473502478030111,14.0
306,0,0.0081177791580557,0.0084176491945981,-4.339034225676375,Relevancia a secas,0.0150205763574275,0.0068063425133004,-0.008214233844127,
306,0,0.0081177791580557,0.0084176491945981,-4.339034225676375,Relevancia absoluta,0.0134743207858668,0.0076115728071373,-0.0058627479787295,
306,0,0.0081177791580557,0.0084176491945981,-4.339034225676375,Solo secciones positivas,0.0146324185964961,0.0067894753689567,-0.0078429432275394,12.0
307,1,0.9998775720596312,0.0084176491945981,-0.4081053635334289,Relevancia a secas,0.0511658481276087,0.955591027236854,0.9044251791092452,
307,1,0.9998775720596312,0.0084176491945981,-0.4081053635334289,Relevancia absoluta,0.1181038663484312,0.7765072224410181,0.6584033560925868,
307,1,0.9998775720596312,0.0084176491945981,-0.4081053635334289,Solo secciones positivas,0.020900455319852,0.9334110805842404,0.9125106252643884,24.0
308,0,0.0864975005388259,0.0084176491945981,-0.4955853855163152,Relevancia a secas,0.3102479335308696,0.2025596448847863,-0.1076882886460832,
308,0,0.0864975005388259,0.0084176491945981,-0.4955853855163152,Relevancia absoluta,0.0289550459840231,0.2693633694046488,0.2404083234206256,
308,0,0.0864975005388259,0.0084176491945981,-0.4955853855163152,Solo secciones positivas,0.6652238804560442,0.0059857254035215,-0.6592381550525226,13.0
309,0,0.0179676562547683,0.0084176491945981,-0.9442173268918927,Relevancia a secas,0.785868236536367,0.4153851475679808,-0.3704830889683861,
309,0,0.0179676562547683,0.0084176491945981,-0.9442173268918927,Relevancia absoluta,0.6417860412297564,0.7677035827396644,0.125917541509908,
309,0,0.0179676562547683,0.0084176491945981,-0.9442173268918927,Solo secciones positivas,0.7101178442438444,0.0193538324480565,-0.6907640117957878,12.0
310,1,0.8884986639022827,0.0084176491945981,-0.6525391933930363,Relevancia a secas,0.0477468679191115,0.772881010387625,0.7251341424685135,
310,1,0.8884986639022827,0.0084176491945981,-0.6525391933930363,Relevancia absoluta,0.3900767200717902,0.7403908690171583,0.3503141489453681,
310,1,0.8884986639022827,0.0084176491945981,-0.6525391933930363,Solo secciones positivas,0.028480334510856,0.76066325744614,0.732182922935284,16.0
311,0,0.007090285886079,0.0084176491945981,-1.5782948779871082,Relevancia a secas,0.3375378657494567,0.0840374678373336,-0.2535003979121231,
311,0,0.007090285886079,0.0084176491945981,-1.5782948779871082,Relevancia absoluta,0.0387336743426405,0.145649351270145,0.1069156769275044,
311,0,0.007090285886079,0.0084176491945981,-1.5782948779871082,Solo secciones positivas,0.5687238903483376,0.0980980056920088,-0.4706258846563287,16.0
312,0,0.0079953921958804,0.0084176491945981,0.3437188687549469,Relevancia a secas,0.0087223267958809,0.0083282867239581,-0.0003940400719228,
312,0,0.0079953921958804,0.0084176491945981,0.3437188687549469,Relevancia absoluta,0.0082286510280229,0.0086439193433357,0.0004152683153127,
312,0,0.0079953921958804,0.0084176491945981,0.3437188687549469,Solo secciones positivas,0.010054880939424,0.0071050689555704,-0.0029498119838535,5.0
313,1,1.0,0.0084176491945981,-0.4053734069306797,Relevancia a secas,0.0170333623092688,0.856109070048357,0.8390757077390882,
313,1,1.0,0.0084176491945981,-0.4053734069306797,Relevancia absoluta,0.3476419432281759,0.8935936027879102,0.5459516595597342,
313,1,1.0,0.0084176491945981,-0.4053734069306797,Solo secciones positivas,0.0243204133432036,0.9287699904026728,0.9044495770594692,21.0
314,0,0.0767430737614631,0.0084176491945981,-0.4169034437374915,Relevancia a secas,0.8094178532353706,0.1875923712411109,-0.6218254819942597,
314,0,0.0767430737614631,0.0084176491945981,-0.4169034437374915,Relevancia absoluta,0.8210189996494187,0.7600584941295286,-0.06096050551989,
314,0,0.0767430737614631,0.0084176491945981,-0.4169034437374915,Solo secciones positivas,0.9742109643088448,0.1111445708407296,-0.8630663934681151,18.0
315,0,0.014131061732769,0.0084176491945981,-0.9426422015587296,Relevancia a secas,0.5464757388043736,0.0747229476950855,-0.471752791109288,
315,0,0.014131061732769,0.0084176491945981,-0.9426422015587296,Relevancia absoluta,0.3185230915227698,0.6462631967798289,0.3277401052570591,
315,0,0.014131061732769,0.0084176491945981,-0.9426422015587296,Solo secciones positivas,0.8785158753395083,0.1325847775985797,-0.7459310977409285,15.0
316,0,0.0072556887753307,0.0084176491945981,0.6907814152182735,Relevancia a secas,0.0118792241490963,0.0061973036629044,-0.0056819204861919,
316,0,0.0072556887753307,0.0084176491945981,0.6907814152182735,Relevancia absoluta,0.0086064221492658,0.0077378120687272,-0.0008686100805385,
316,0,0.0072556887753307,0.0084176491945981,0.6907814152182735,Solo secciones positivas,0.0156540792169315,0.0048536507944975,-0.0108004284224339,14.0
317,0,0.0109803844243288,0.0084176491945981,-1.0071631441936395,Relevancia a secas,0.5324126843156086,0.1221813603252586,-0.4102313239903499,
317,0,0.0109803844243288,0.0084176491945981,-1.0071631441936395,Relevancia absoluta,0.0916819230705085,0.3163825397431436,0.224700616672635,
317,0,0.0109803844243288,0.0084176491945981,-1.0071631441936395,Solo secciones positivas,0.4876935741631314,0.0114119838399346,-0.4762815903231967,16.0
318,1,0.9357205033302308,0.0084176491945981,-0.6258295065720354,Relevancia a secas,0.3039789701708494,0.8108565978602402,0.5068776276893907,
318,1,0.9357205033302308,0.0084176491945981,-0.6258295065720354,Relevancia absoluta,0.6128767321610625,0.8377157492213885,0.2248390170603259,
318,1,0.9357205033302308,0.0084176491945981,-0.6258295065720354,Solo secciones positivas,0.0823069028556359,0.9068635581352282,0.8245566552795923,16.0
319,0,0.008889821358025,0.0084176491945981,0.4728821979293826,Relevancia a secas,0.0104872272608594,0.0078439782632307,-0.0026432489976286,
319,0,0.008889821358025,0.0084176491945981,0.4728821979293826,Relevancia absoluta,0.0085682111999226,0.0091020707817127,0.00053385958179,
319,0,0.008889821358025,0.0084176491945981,0.4728821979293826,Solo secciones positivas,0.0133649791506203,0.006301776971668,-0.0070632021789523,11.0
320,0,0.4136177897453308,0.0084176491945981,-0.1109964876542101,Relevancia a secas,0.9311439829826768,0.0364637698614875,-0.8946802131211893,
320,0,0.4136177897453308,0.0084176491945981,-0.1109964876542101,Relevancia absoluta,0.2955897210717383,0.4439827138210083,0.1483929927492699,
320,0,0.4136177897453308,0.0084176491945981,-0.1109964876542101,Solo secciones positivas,0.983577503098382,0.0002338235887388,-0.9833436795096432,18.0
321,0,0.0080534843727946,0.0084176491945981,0.0211860205450402,Relevancia a secas,0.0079620639767704,0.0085369559625784,0.0005748919858079,
321,0,0.0080534843727946,0.0084176491945981,0.0211860205450402,Relevancia absoluta,0.0079620639767704,0.0085369559625784,0.0005748919858079,
321,0,0.0080534843727946,0.0084176491945981,0.0211860205450402,Solo secciones positivas,,,,0.0
322,0,0.0085799507796764,0.0084176491945981,-0.0451750833794241,Relevancia a secas,0.0086837042655263,0.0086949565580913,1.1252292564937344e-05,
322,0,0.0085799507796764,0.0084176491945981,-0.0451750833794241,Relevancia absoluta,0.0086837042655263,0.0086949565580913,1.1252292564937344e-05,
322,0,0.0085799507796764,0.0084176491945981,-0.0451750833794241,Solo secciones positivas,,,,0.0
323,0,0.0081143472343683,0.0084176491945981,0.3773178523681426,Relevancia a secas,0.0085489849959101,0.0083053076772817,-0.0002436773186283,
323,0,0.0081143472343683,0.0084176491945981,0.3773178523681426,Relevancia absoluta,0.0084815654105373,0.0083368146525962,-0.0001447507579411,
323,0,0.0081143472343683,0.0084176491945981,0.3773178523681426,Solo secciones positivas,0.0090657230466604,0.0077821755160888,-0.0012835475305716,3.0
324,0,0.0106254378333687,0.0084176491945981,0.3652184358992022,Relevancia a secas,0.017094354947201,0.0066495744847796,-0.0104447804624214,
324,0,0.0106254378333687,0.0084176491945981,0.3652184358992022,Relevancia absoluta,0.0074386944244098,0.0105084146424714,0.0030697202180615,
324,0,0.0106254378333687,0.0084176491945981,0.3652184358992022,Solo secciones positivas,0.0237574622801998,0.0036084232851862,-0.0201490389950135,17.0
325,1,0.9999998807907104,0.0084176491945981,-0.8968924167436885,Relevancia a secas,0.3747151326157145,0.9835975037680732,0.6088823711523588,
325,1,0.9999998807907104,0.0084176491945981,-0.8968924167436885,Relevancia absoluta,0.8191295746300407,0.8657546844292988,0.0466251097992581,
325,1,0.9999998807907104,0.0084176491945981,-0.8968924167436885,Solo secciones positivas,0.1470586938016554,0.9708143227240618,0.8237556289224063,17.0
326,1,0.9999983310699464,0.0084176491945981,-0.4412629853533111,Relevancia a secas,0.2086499197376023,0.7702824383223843,0.5616325185847819,
326,1,0.9999983310699464,0.0084176491945981,-0.4412629853533111,Relevancia absoluta,0.5862600025627613,0.3277381936964553,-0.258521808866306,
326,1,0.9999983310699464,0.0084176491945981,-0.4412629853533111,Solo secciones positivas,0.0263613141843016,0.9062948285504,0.8799335143660983,19.0
327,1,1.0,0.0084176491945981,-0.4273108230200882,Relevancia a secas,0.5939804509343398,0.986198698480924,0.3922182475465842,
327,1,1.0,0.0084176491945981,-0.4273108230200882,Relevancia absoluta,0.9311825727733472,0.9862280189990996,0.0550454462257524,
327,1,1.0,0.0084176491945981,-0.4273108230200882,Solo secciones positivas,0.3809413727655342,0.9763408189728148,0.5953994462072805,21.0
328,1,0.9996920824050904,0.0084176491945981,-0.7350834077710697,Relevancia a secas,0.1477130846968,0.9862236860725616,0.8385106013757616,
328,1,0.9996920824050904,0.0084176491945981,-0.7350834077710697,Relevancia absoluta,0.5182431319259311,0.9699709647231632,0.451727832797232,
328,1,0.9996920824050904,0.0084176491945981,-0.7350834077710697,Solo secciones positivas,0.1612215196026991,0.9708358119515812,0.809614292348882,17.0
329,0,0.4347475469112396,0.0084176491945981,-1.4257057070921686,Relevancia a secas,0.5968325512690678,0.3318425573889937,-0.264989993880074,
329,0,0.4347475469112396,0.0084176491945981,-1.4257057070921686,Relevancia absoluta,0.3847422376792463,0.6139176012689456,0.2291753635896992,
329,0,0.4347475469112396,0.0084176491945981,-1.4257057070921686,Solo secciones positivas,0.8111507829866911,0.0002229770940193,-0.8109278058926718,19.0
330,0,0.0084978491067886,0.0084176491945981,-14.337519662926104,Relevancia a secas,0.1150255035091605,0.0116263279277417,-0.1033991755814188,
330,0,0.0084978491067886,0.0084176491945981,-14.337519662926104,Relevancia absoluta,0.0502311073812759,0.0082884645218857,-0.0419426428593902,
330,0,0.0084978491067886,0.0084176491945981,-14.337519662926104,Solo secciones positivas,0.1164826760616372,0.008925554835621,-0.1075571212260162,17.0
331,0,0.0130107207223773,0.0084176491945981,-0.4764681604236297,Relevancia a secas,0.0355356890035586,0.0067635452465361,-0.0287721437570225,
331,0,0.0130107207223773,0.0084176491945981,-0.4764681604236297,Relevancia absoluta,0.0129646005678094,0.0133637756678379,0.0003991751000285,
331,0,0.0130107207223773,0.0084176491945981,-0.4764681604236297,Solo secciones positivas,0.058940794209347,0.004961470457013,-0.053979323752334,17.0
332,0,0.0903219506144523,0.0084176491945981,-0.6983974153805761,Relevancia a secas,0.5518599592097518,0.0640029941743907,-0.4878569650353611,
332,0,0.0903219506144523,0.0084176491945981,-0.6983974153805761,Relevancia absoluta,0.3835383121234675,0.2151873755307557,-0.1683509365927118,
332,0,0.0903219506144523,0.0084176491945981,-0.6983974153805761,Solo secciones positivas,0.7634738540420166,0.0004653009426384,-0.7630085530993781,13.0
333,0,0.0104592991992831,0.0084176491945981,-0.8214995066252243,Relevancia a secas,0.4605898348769793,0.0172850743531145,-0.4433047605238647,
333,0,0.0104592991992831,0.0084176491945981,-0.8214995066252243,Relevancia absoluta,0.0147366229082561,0.10474685817543,0.0900102352671739,
333,0,0.0104592991992831,0.0084176491945981,-0.8214995066252243,Solo secciones positivas,0.7654131040686654,0.0223427720900092,-0.7430703319786561,21.0
334,0,0.1635395139455795,0.0084176491945981,-1.5747620617581437,Relevancia a secas,0.723471565430777,0.3326900129759468,-0.3907815524548301,
334,0,0.1635395139455795,0.0084176491945981,-1.5747620617581437,Relevancia absoluta,0.5341557512122558,0.5109861263735272,-0.0231696248387285,
334,0,0.1635395139455795,0.0084176491945981,-1.5747620617581437,Solo secciones positivas,0.9739865760008494,0.3377619169151684,-0.6362246590856809,18.0
335,1,1.0,0.0084176491945981,-0.8745125841873129,Relevancia a secas,0.3504480812841539,0.9032603630149022,0.5528122817307483,
335,1,1.0,0.0084176491945981,-0.8745125841873129,Relevancia absoluta,0.8201752750109236,0.680619012021149,-0.1395562629897745,
335,1,1.0,0.0084176491945981,-0.8745125841873129,Solo secciones positivas,0.0357143262343266,0.7512430365263111,0.7155287102919845,14.0
336,0,0.007713605184108,0.0084176491945981,0.1149082528270067,Relevancia a secas,0.0159463726191057,0.0075892308959737,-0.0083571417231319,
336,0,0.007713605184108,0.0084176491945981,0.1149082528270067,Relevancia absoluta,0.0097376561801259,0.0120943017278073,0.0023566455476813,
336,0,0.007713605184108,0.0084176491945981,0.1149082528270067,Solo secciones positivas,0.0190426983233345,0.0069736291801458,-0.0120690691431886,19.0
337,0,0.0124600045382976,0.0084176491945981,-0.5115827595245435,Relevancia a secas,0.7623193638606204,0.2579425524549841,-0.5043768114056363,
337,0,0.0124600045382976,0.0084176491945981,-0.5115827595245435,Relevancia absoluta,0.1172299999937725,0.4911920643515056,0.3739620643577331,
337,0,0.0124600045382976,0.0084176491945981,-0.5115827595245435,Solo secciones positivas,0.9351433547479766,0.231583862659401,-0.7035594920885756,21.0
338,1,0.9999983310699464,0.0084176491945981,-0.5056971020945864,Relevancia a secas,0.3217252772824635,0.9590121077166665,0.637286830434203,
338,1,0.9999983310699464,0.0084176491945981,-0.5056971020945864,Relevancia absoluta,0.446588549079605,0.985033705830574,0.538445156750969,
338,1,0.9999983310699464,0.0084176491945981,-0.5056971020945864,Solo secciones positivas,0.2954544045708664,0.9329289414665916,0.6374745368957251,22.0
339,1,1.0,0.0084176491945981,-0.4874163210509746,Relevancia a secas,0.209433525371481,0.9862280223104688,0.7767944969389878,
339,1,1.0,0.0084176491945981,-0.4874163210509746,Relevancia absoluta,0.6941741007865307,0.7639327081857764,0.0697586073992456,
339,1,1.0,0.0084176491945981,-0.4874163210509746,Solo secciones positivas,0.079317968694101,0.9739057264829936,0.8945877577888927,19.0
340,0,0.0077760899439454,0.0084176491945981,-5.25782573563308,Relevancia a secas,0.2489587637699313,0.0108810793349726,-0.2380776844349587,
340,0,0.0077760899439454,0.0084176491945981,-5.25782573563308,Relevancia absoluta,0.0093683543511562,0.0124234137927285,0.0030550594415722,
340,0,0.0077760899439454,0.0084176491945981,-5.25782573563308,Solo secciones positivas,0.4230810006296164,0.0127220333210731,-0.4103589673085432,19.0
341,0,0.0430228412151336,0.0084176491945981,-0.5640033407519207,Relevancia a secas,0.8717974750325084,0.6191472802828583,-0.2526501947496501,
341,0,0.0430228412151336,0.0084176491945981,-0.5640033407519207,Relevancia absoluta,0.6120499467425462,0.8723224678801165,0.2602725211375702,
341,0,0.0430228412151336,0.0084176491945981,-0.5640033407519207,Solo secciones positivas,0.9079170889324611,0.3580590346828103,-0.549858054249651,18.0
342,1,0.9999998807907104,0.0084176491945981,-0.8555140883960306,Relevancia a secas,0.9559192061424256,0.981301368938552,0.0253821627961264,
342,1,0.9999998807907104,0.0084176491945981,-0.8555140883960306,Relevancia absoluta,0.663466140627861,0.9792799138360552,0.3158137732081942,
342,1,0.9999998807907104,0.0084176491945981,-0.8555140883960306,Solo secciones positivas,0.9358192261527566,0.9604029725579656,0.0245837464052088,17.0
343,1,1.0,0.0084176491945981,-0.8676945720325643,Relevancia a secas,0.4587677065964212,0.9390222113579512,0.48025450476153,
343,1,1.0,0.0084176491945981,-0.8676945720325643,Relevancia absoluta,0.3499718074314877,0.3099380380858285,-0.0400337693456592,
343,1,1.0,0.0084176491945981,-0.8676945720325643,Solo secciones positivas,0.3946513470855239,0.8844631373098022,0.4898117902242783,19.0
344,0,0.0082907900214195,0.0084176491945981,0.4893581709870164,Relevancia a secas,0.0154903249608145,0.0067642132182502,-0.0087261117425643,
344,0,0.0082907900214195,0.0084176491945981,0.4893581709870164,Relevancia absoluta,0.0104020207395984,0.0091787073502524,-0.001223313389346,
344,0,0.0082907900214195,0.0084176491945981,0.4893581709870164,Solo secciones positivas,0.0236162290406914,0.0053478164168504,-0.018268412623841,13.0
345,0,0.0084290392696857,0.0084176491945981,-0.5134006543775917,Relevancia a secas,0.2249608210081028,0.0076961174426186,-0.2172647035654841,
345,0,0.0084290392696857,0.0084176491945981,-0.5134006543775917,Relevancia absoluta,0.0100728810971809,0.0120461201295256,0.0019732390323446,
345,0,0.0084290392696857,0.0084176491945981,-0.5134006543775917,Solo secciones positivas,0.4093679968561781,0.0064623242881345,-0.4029056725680435,19.0
346,1,1.0,0.0084176491945981,-0.5848968614275568,Relevancia a secas,0.2109822038110003,0.9862149821387396,0.7752327783277394,
346,1,1.0,0.0084176491945981,-0.5848968614275568,Relevancia absoluta,0.723708316984673,0.9028943376429386,0.1791860206582656,
346,1,1.0,0.0084176491945981,-0.5848968614275568,Solo secciones positivas,0.0960633857897547,0.9708086743074305,0.8747452885176757,17.0
347,1,1.0,0.0084176491945981,-1.236106658677622,Relevancia a secas,0.302700849240449,0.8668071626323378,0.5641063133918888,
347,1,1.0,0.0084176491945981,-1.236106658677622,Relevancia absoluta,0.5386027882211945,0.8459832126067744,0.30738042438558,
347,1,1.0,0.0084176491945981,-1.236106658677622,Solo secciones positivas,0.1160414373215256,0.8130278603972069,0.6969864230756813,14.0
348,0,0.0086625851690769,0.0084176491945981,-0.5175522594928064,Relevancia a secas,0.0316785438784531,0.0098214953472571,-0.0218570485311959,
348,0,0.0086625851690769,0.0084176491945981,-0.5175522594928064,Relevancia absoluta,0.007722049485892,0.0124137807903545,0.0046917313044624,
348,0,0.0086625851690769,0.0084176491945981,-0.5175522594928064,Solo secciones positivas,0.0374276520839581,0.0097043204392927,-0.0277233316446654,24.0
349,0,0.0136983469128608,0.0084176491945981,-5.57544094900114,Relevancia a secas,0.1786549406048531,0.0132177330346571,-0.165437207570196,
349,0,0.0136983469128608,0.0084176491945981,-5.57544094900114,Relevancia absoluta,0.0089770885339627,0.0215088401455432,0.0125317516115804,
349,0,0.0136983469128608,0.0084176491945981,-5.57544094900114,Solo secciones positivas,0.3672666067723185,0.0136142548290081,-0.3536523519433103,16.0
350,1,0.9999885559082032,0.0084176491945981,-0.6524041147521982,Relevancia a secas,0.3607363154749625,0.787794820434,0.4270585049590374,
350,1,0.9999885559082032,0.0084176491945981,-0.6524041147521982,Relevancia absoluta,0.7627627472134514,0.6255707583364306,-0.1371919888770207,
350,1,0.9999885559082032,0.0084176491945981,-0.6524041147521982,Solo secciones positivas,0.0923629477620396,0.805911952649088,0.7135490048870484,18.0
351,1,0.9999240636825562,0.0084176491945981,-0.8759737903785695,Relevancia a secas,0.0729418606882471,0.9307493001623596,0.8578074394741125,
351,1,0.9999240636825562,0.0084176491945981,-0.8759737903785695,Relevancia absoluta,0.3968310777760736,0.3219628232613896,-0.074868254514684,
351,1,0.9999240636825562,0.0084176491945981,-0.8759737903785695,Solo secciones positivas,0.025059084512821,0.8753506387001835,0.8502915541873624,20.0
352,1,0.8994002342224121,0.0084176491945981,-0.9263114102121164,Relevancia a secas,0.185964236103139,0.9260734325895704,0.7401091964864315,
352,1,0.8994002342224121,0.0084176491945981,-0.9263114102121164,Relevancia absoluta,0.4631329257702722,0.8023067109493746,0.3391737851791023,
352,1,0.8994002342224121,0.0084176491945981,-0.9263114102121164,Solo secciones positivas,0.2799706143751191,0.907278352133606,0.6273077377584868,23.0
353,0,0.011611652560532,0.0084176491945981,-0.3617088978264534,Relevancia a secas,0.4770600605083422,0.098938886444153,-0.3781211740641891,
353,0,0.011611652560532,0.0084176491945981,-0.3617088978264534,Relevancia absoluta,0.0570022434824042,0.0905425444814479,0.0335403009990437,
353,0,0.011611652560532,0.0084176491945981,-0.3617088978264534,Solo secciones positivas,0.558205909893981,0.0038868068700789,-0.5543191030239021,14.0
354,0,0.0103728640824556,0.0084176491945981,-0.6163242603763097,Relevancia a secas,0.5211934066739761,0.0632678430127966,-0.4579255636611794,
354,0,0.0103728640824556,0.0084176491945981,-0.6163242603763097,Relevancia absoluta,0.0365571744955054,0.1792716710673024,0.142714496571797,
354,0,0.0103728640824556,0.0084176491945981,-0.6163242603763097,Solo secciones positivas,0.7441549982177094,0.003265934673651,-0.7408890635440583,16.0
355,0,0.0085805635899305,0.0084176491945981,-0.464057767186267,Relevancia a secas,0.023012342940395,0.0089287204124654,-0.0140836225279296,
355,0,0.0085805635899305,0.0084176491945981,-0.464057767186267,Relevancia absoluta,0.009818097977485,0.0101956912161161,0.000377593238631,
355,0,0.0085805635899305,0.0084176491945981,-0.464057767186267,Solo secciones positivas,0.0323232194408774,0.009168282453902,-0.0231549369869753,20.0
356,0,0.0098208934068679,0.0084176491945981,-0.546644571662249,Relevancia a secas,0.572983897342864,0.0317684123551266,-0.5412154849877374,
356,0,0.0098208934068679,0.0084176491945981,-0.546644571662249,Relevancia absoluta,0.2530371949542314,0.0714385358668449,-0.1815986590873864,
356,0,0.0098208934068679,0.0084176491945981,-0.546644571662249,Solo secciones positivas,0.6584662434955438,0.0347010482634816,-0.6237651952320622,21.0
357,0,0.0140257189050316,0.0084176491945981,-4.299093122872843,Relevancia a secas,0.225232298240169,0.0108500194554734,-0.2143822787846956,
357,0,0.0140257189050316,0.0084176491945981,-4.299093122872843,Relevancia absoluta,0.0166400989207128,0.0315018714819517,0.0148617725612388,
357,0,0.0140257189050316,0.0084176491945981,-4.299093122872843,Solo secciones positivas,0.3316972683305325,0.0122995830707899,-0.3193976852597425,23.0
358,1,1.0,0.0084176491945981,-0.4645878072933923,Relevancia a secas,0.3811197643141977,0.9589356548256344,0.5778158905114368,
358,1,1.0,0.0084176491945981,-0.4645878072933923,Relevancia absoluta,0.7748896477019621,0.7287181636802162,-0.0461714840217458,
358,1,1.0,0.0084176491945981,-0.4645878072933923,Solo secciones positivas,0.1797934824969819,0.9549258622256191,0.7751323797286374,11.0
359,1,1.0,0.0084176491945981,-1.14014757836919,Relevancia a secas,0.3209094712834081,0.9581424130333794,0.6372329417499714,
359,1,1.0,0.0084176491945981,-1.14014757836919,Relevancia absoluta,0.4030337926566597,0.613312826257647,0.2102790336009873,
359,1,1.0,0.0084176491945981,-1.14014757836919,Solo secciones positivas,0.0909090204672379,0.9315057667818936,0.8405967463146558,22.0
360,1,0.9999996423721312,0.0084176491945981,-0.553908768791783,Relevancia a secas,0.2829569165043221,0.9839718772305384,0.7010149607262163,
360,1,0.9999996423721312,0.0084176491945981,-0.553908768791783,Relevancia absoluta,0.6557738438196894,0.7426662858148727,0.0868924419951833,
360,1,0.9999996423721312,0.0084176491945981,-0.553908768791783,Solo secciones positivas,0.0323662282694731,0.9696311166411952,0.937264888371722,19.0
361,0,0.0100460881367325,0.0084176491945981,-1.0934214852904247,Relevancia a secas,0.3150307270568899,0.0228670045940412,-0.2921637224628487,
361,0,0.0100460881367325,0.0084176491945981,-1.0934214852904247,Relevancia absoluta,0.0258187897787946,0.0232968998607248,-0.0025218899180698,
361,0,0.0100460881367325,0.0084176491945981,-1.0934214852904247,Solo secciones positivas,0.4952851126068517,0.0179031696170568,-0.4773819429897948,19.0
362,0,0.0077902083285152,0.0084176491945981,0.2300407842655599,Relevancia a secas,0.0121797115748955,0.0070521315663225,-0.005127580008573,
362,0,0.0077902083285152,0.0084176491945981,0.2300407842655599,Relevancia absoluta,0.0085739743274947,0.0089783497387543,0.0004043754112596,
362,0,0.0077902083285152,0.0084176491945981,0.2300407842655599,Solo secciones positivas,0.0149168364910615,0.0063951525888923,-0.0085216839021692,18.0
363,0,0.0064652259461581,0.0084176491945981,-116.95334412143788,Relevancia a secas,0.4058367500613842,0.0198635205094303,-0.3859732295519539,
363,0,0.0064652259461581,0.0084176491945981,-116.95334412143788,Relevancia absoluta,0.0112521206693989,0.0183119299954601,0.0070598093260611,
363,0,0.0064652259461581,0.0084176491945981,-116.95334412143788,Solo secciones positivas,0.7222648142886005,0.0270056010370976,-0.6952592132515029,19.0
364,1,0.9255394339561462,0.0084176491945981,-1.0478713603344796,Relevancia a secas,0.8730393762493298,0.7658778994256057,-0.1071614768237241,
364,1,0.9255394339561462,0.0084176491945981,-1.0478713603344796,Relevancia absoluta,0.797910074910356,0.9089065083406038,0.1109964334302477,
364,1,0.9255394339561462,0.0084176491945981,-1.0478713603344796,Solo secciones positivas,0.9406036313842324,0.833050839822082,-0.1075527915621505,17.0
365,0,0.0102901654317975,0.0084176491945981,-23.466667055070136,Relevancia a secas,0.3703949509007443,0.0218035649235793,-0.3485913859771649,
365,0,0.0102901654317975,0.0084176491945981,-23.466667055070136,Relevancia absoluta,0.0063965525607474,0.0103983043097994,0.0040017517490519,
365,0,0.0102901654317975,0.0084176491945981,-23.466667055070136,Solo secciones positivas,0.893920859321952,0.0421493224629167,-0.8517715368590352,14.0
366,0,0.0136880809441208,0.0084176491945981,-0.7288218513906713,Relevancia a secas,0.4279625436239359,0.0828284654417075,-0.3451340781822283,
366,0,0.0136880809441208,0.0084176491945981,-0.7288218513906713,Relevancia absoluta,0.4092185197708507,0.7889540247205231,0.3797355049496724,
366,0,0.0136880809441208,0.0084176491945981,-0.7288218513906713,Solo secciones positivas,0.6904924667495139,0.1086333141223911,-0.5818591526271228,17.0
367,0,0.0098857721313834,0.0084176491945981,-0.4314386266623252,Relevancia a secas,0.1878587768620087,0.0145138786045006,-0.173344898257508,
367,0,0.0098857721313834,0.0084176491945981,-0.4314386266623252,Relevancia absoluta,0.0164677066366291,0.0111480498453602,-0.0053196567912689,
367,0,0.0098857721313834,0.0084176491945981,-0.4314386266623252,Solo secciones positivas,0.3467249548476603,0.0200146635890834,-0.3267102912585768,18.0
368,0,0.0080054281279444,0.0084176491945981,0.6214380882124496,Relevancia a secas,0.0091035853967898,0.0075745472115361,-0.0015290381852537,
368,0,0.0080054281279444,0.0084176491945981,0.6214380882124496,Relevancia absoluta,0.008370212951882,0.008030537658164,-0.0003396752937179,
368,0,0.0080054281279444,0.0084176491945981,0.6214380882124496,Solo secciones positivas,0.0109364140246595,0.0066601306066981,-0.0042762834179614,7.0
369,0,0.0083038248121738,0.0084176491945981,0.2074462122332043,Relevancia a secas,0.0115462790708988,0.0077021311606383,-0.0038441479102604,
369,0,0.0083038248121738,0.0084176491945981,0.2074462122332043,Relevancia absoluta,0.0086704594755752,0.0086506806417471,-1.977883382803768e-05,
369,0,0.0083038248121738,0.0084176491945981,0.2074462122332043,Solo secciones positivas,0.0144127664389088,0.0072569392214063,-0.0071558272175025,16.0
370,0,0.008260597474873,0.0084176491945981,0.0613170445872628,Relevancia a secas,0.0087207902171131,0.0081110655381861,-0.0006097246789269,
370,0,0.008260597474873,0.0084176491945981,0.0613170445872628,Relevancia absoluta,0.0085481248485545,0.0082524764196326,-0.0002956484289218,
370,0,0.008260597474873,0.0084176491945981,0.0613170445872628,Solo secciones positivas,0.0090919390786439,0.0078067991416901,-0.0012851399369537,4.0
371,1,0.6257588863372803,0.0084176491945981,-0.3961554908662187,Relevancia a secas,0.101878505997206,0.8098570013211833,0.7079784953239773,
371,1,0.6257588863372803,0.0084176491945981,-0.3961554908662187,Relevancia absoluta,0.4229001278161174,0.5179656741416289,0.0950655463255114,
371,1,0.6257588863372803,0.0084176491945981,-0.3961554908662187,Solo secciones positivas,0.0192722300811082,0.9515380964559668,0.9322658663748584,17.0
372,0,0.0130717623978853,0.0084176491945981,-0.044056298591072,Relevancia a secas,0.0197477381961006,0.0091252649565123,-0.0106224732395882,
372,0,0.0130717623978853,0.0084176491945981,-0.044056298591072,Relevancia absoluta,0.007671212674015,0.0151044281406535,0.0074332154666384,
372,0,0.0130717623978853,0.0084176491945981,-0.044056298591072,Solo secciones positivas,0.0338047335390001,0.0069230656954459,-0.0268816678435541,16.0
373,1,0.9746784567832948,0.0084176491945981,-0.7833339712219811,Relevancia a secas,0.2654909742623657,0.8699210701096388,0.604430095847273,
373,1,0.9746784567832948,0.0084176491945981,-0.7833339712219811,Relevancia absoluta,0.4335518148913656,0.681139175637832,0.2475873607464663,
373,1,0.9746784567832948,0.0084176491945981,-0.7833339712219811,Solo secciones positivas,0.1432415198680723,0.9738138757253948,0.8305723558573225,19.0
374,1,1.0,0.0084176491945981,-0.4376271586228826,Relevancia a secas,0.2030164207858003,0.9862280223104688,0.7832116015246685,
374,1,1.0,0.0084176491945981,-0.4376271586228826,Relevancia absoluta,0.5255677958226038,0.6756194944839915,0.1500516986613876,
374,1,1.0,0.0084176491945981,-0.4376271586228826,Solo secciones positivas,0.1403476230813871,0.9784438610076904,0.8380962379263033,23.0
375,0,0.0083630513399839,0.0084176491945981,-328.2908928773816,Relevancia a secas,0.3995419459469202,0.012026922014128,-0.3875150239327922,
375,0,0.0083630513399839,0.0084176491945981,-328.2908928773816,Relevancia absoluta,0.0429823512677103,0.0099766530976113,-0.0330056981700989,
375,0,0.0083630513399839,0.0084176491945981,-328.2908928773816,Solo secciones positivas,0.8073243218857575,0.0163670510108418,-0.7909572708749157,17.0
376,0,0.0080313365906476,0.0084176491945981,-5.538400334722208,Relevancia a secas,0.0145296595680216,0.0069930478995148,-0.0075366116685068,
376,0,0.0080313365906476,0.0084176491945981,-5.538400334722208,Relevancia absoluta,0.0060676041482818,0.0149520781253361,0.0088844739770542,
376,0,0.0080313365906476,0.0084176491945981,-5.538400334722208,Solo secciones positivas,0.0175161761182703,0.0076186218249954,-0.0098975542932748,19.0
377,0,0.0081880604848265,0.0084176491945981,-0.8208513128466025,Relevancia a secas,0.016267273419847,0.0085475831939321,-0.0077196902259149,
377,0,0.0081880604848265,0.0084176491945981,-0.8208513128466025,Relevancia absoluta,0.0080770272114831,0.0092987548559904,0.0012217276445072,
377,0,0.0081880604848265,0.0084176491945981,-0.8208513128466025,Solo secciones positivas,0.0258103783125989,0.0083535411977209,-0.017456837114878,16.0
378,1,1.0,0.0084176491945981,-0.6429581451473523,Relevancia a secas,0.1457023386773453,0.9862280223104688,0.8405256836331236,
378,1,1.0,0.0084176491945981,-0.6429581451473523,Relevancia absoluta,0.1182106650214566,0.8580978350962849,0.7398871700748283,
378,1,1.0,0.0084176491945981,-0.6429581451473523,Solo secciones positivas,0.0280683166088743,0.9724560446209378,0.9443877280120636,18.0
379,1,0.9999896287918092,0.0084176491945981,-0.5428529274658193,Relevancia a secas,0.4304298357314634,0.986013799905777,0.5555839641743135,
379,1,0.9999896287918092,0.0084176491945981,-0.5428529274658193,Relevancia absoluta,0.6239713707214428,0.9009235321492371,0.2769521614277943,
379,1,0.9999896287918092,0.0084176491945981,-0.5428529274658193,Solo secciones positivas,0.3781650779186963,0.9748250991106032,0.596660021191907,20.0
380,0,0.0089287720620632,0.0084176491945981,-3.7462576635665066,Relevancia a secas,0.051356563060027,0.0137205339011011,-0.0376360291589258,
380,0,0.0089287720620632,0.0084176491945981,-3.7462576635665066,Relevancia absoluta,0.121566822959317,0.0602446473721,-0.061322175587217,
380,0,0.0089287720620632,0.0084176491945981,-3.7462576635665066,Solo secciones positivas,0.0855659311637282,0.0167781505500897,-0.0687877806136384,20.0
381,0,0.0082548884674906,0.0084176491945981,-0.0091699427333292,Relevancia a secas,0.0087699995169209,0.0081112621248596,-0.0006587373920612,
381,0,0.0082548884674906,0.0084176491945981,-0.0091699427333292,Relevancia absoluta,0.0087317944142139,0.0081198339402261,-0.0006119604739877,
381,0,0.0082548884674906,0.0084176491945981,-0.0091699427333292,Solo secciones positivas,0.0086446497589349,0.0081970999017357,-0.0004475498571991,2.0
382,0,0.3489076793193817,0.0084176491945981,-0.7748441956300798,Relevancia a secas,0.8646022449764941,0.5232303068491684,-0.3413719381273257,
382,0,0.3489076793193817,0.0084176491945981,-0.7748441956300798,Relevancia absoluta,0.808813120626534,0.9028527213053572,0.0940396006788231,
382,0,0.3489076793193817,0.0084176491945981,-0.7748441956300798,Solo secciones positivas,0.9808484105502856,0.1767211958404077,-0.8041272147098779,17.0
383,0,0.0078378170728683,0.0084176491945981,0.352233884713463,Relevancia a secas,0.0089622139283973,0.0078720055365314,-0.0010902083918659,
383,0,0.0078378170728683,0.0084176491945981,0.352233884713463,Relevancia absoluta,0.0083993920383767,0.0083359063913424,-6.348564703431529e-05,
383,0,0.0078378170728683,0.0084176491945981,0.352233884713463,Solo secciones positivas,0.0102416340054737,0.0068915336289339,-0.0033501003765397,9.0
384,0,0.0095440112054348,0.0084176491945981,-0.8259912542004887,Relevancia a secas,0.7143135929428455,0.0769036652394182,-0.6374099277034272,
384,0,0.0095440112054348,0.0084176491945981,-0.8259912542004887,Relevancia absoluta,0.4662440849545722,0.2738668883907343,-0.1923771965638379,
384,0,0.0095440112054348,0.0084176491945981,-0.8259912542004887,Solo secciones positivas,0.8936478357229914,0.1404075427396622,-0.7532402929833293,14.0
385,0,0.0079839527606964,0.0084176491945981,-2.271192781926927,Relevancia a secas,0.5191044919710192,0.0093573919859611,-0.5097470999850581,
385,0,0.0079839527606964,0.0084176491945981,-2.271192781926927,Relevancia absoluta,0.2280200116155255,0.2052205047414949,-0.0227995068740306,
385,0,0.0079839527606964,0.0084176491945981,-2.271192781926927,Solo secciones positivas,0.6284345805438027,0.0115464686467829,-0.6168881118970198,18.0
386,1,0.9999997615814208,0.0084176491945981,-0.5273973291967022,Relevancia a secas,0.2682413570770287,0.9584502121174914,0.6902088550404626,
386,1,0.9999997615814208,0.0084176491945981,-0.5273973291967022,Relevancia absoluta,0.6104231706470385,0.9584377116989344,0.3480145410518959,
386,1,0.9999997615814208,0.0084176491945981,-0.5273973291967022,Solo secciones positivas,0.0238292153713811,0.9287718376144768,0.9049426222430956,21.0
387,0,0.0094571048393845,0.0084176491945981,-0.1602786117428266,Relevancia a secas,0.0186590823707067,0.0074557630448705,-0.0112033193258361,
387,0,0.0094571048393845,0.0084176491945981,-0.1602786117428266,Relevancia absoluta,0.0087779716381596,0.0100649879314005,0.0012870162932409,
387,0,0.0094571048393845,0.0084176491945981,-0.1602786117428266,Solo secciones positivas,0.0249530707338922,0.0068002525030782,-0.018152818230814,19.0
388,1,0.9960739612579346,0.0084176491945981,-0.6753814248240595,Relevancia a secas,0.5950090624644354,0.887084411832297,0.2920753493678616,
388,1,0.9960739612579346,0.0084176491945981,-0.6753814248240595,Relevancia absoluta,0.6639161126222461,0.6087849796486424,-0.0551311329736037,
388,1,0.9960739612579346,0.0084176491945981,-0.6753814248240595,Solo secciones positivas,0.6353898102935068,0.8072637386309605,0.1718739283374536,21.0
389,0,0.0085335234180092,0.0084176491945981,-0.0309965483280314,Relevancia a secas,0.0084072768739942,0.0086520455725904,0.0002447686985962,
389,0,0.0085335234180092,0.0084176491945981,-0.0309965483280314,Relevancia absoluta,0.0084072768739942,0.0086520455725904,0.0002447686985962,
389,0,0.0085335234180092,0.0084176491945981,-0.0309965483280314,Solo secciones positivas,,,,0.0
390,1,0.9923449158668518,0.0084176491945981,-0.2216817499336423,Relevancia a secas,0.024709894360529,0.9841344389650556,0.9594245446045266,
390,1,0.9923449158668518,0.0084176491945981,-0.2216817499336423,Relevancia absoluta,0.0211509029163586,0.8484429741899172,0.8272920712735585,
390,1,0.9923449158668518,0.0084176491945981,-0.2216817499336423,Solo secciones positivas,0.031013907166793,0.9647632837295532,0.93374937656276,16.0
391,1,0.9999948740005492,0.0084176491945981,-1.0572891377995246,Relevancia a secas,0.9031772236339748,0.9576222300917532,0.0544450064577783,
391,1,0.9999948740005492,0.0084176491945981,-1.0572891377995246,Relevancia absoluta,0.9030556036676798,0.7084682526590955,-0.1945873510085842,
391,1,0.9999948740005492,0.0084176491945981,-1.0572891377995246,Solo secciones positivas,0.8948317985785634,0.919705682752752,0.0248738841741884,19.0
392,1,0.9999996423721312,0.0084176491945981,-0.4534059280919925,Relevancia a secas,0.2370836578344207,0.9853322721189924,0.7482486142845716,
392,1,0.9999996423721312,0.0084176491945981,-0.4534059280919925,Relevancia absoluta,0.6980766804671255,0.8470990409457749,0.1490223604786494,
392,1,0.9999996423721312,0.0084176491945981,-0.4534059280919925,Solo secciones positivas,0.0294243659062045,0.9689598644480986,0.939535498541894,17.0
393,0,0.0459775775671005,0.0084176491945981,-1.049223600819737,Relevancia a secas,0.4939609193760488,0.0480667561910826,-0.4458941631849661,
393,0,0.0459775775671005,0.0084176491945981,-1.049223600819737,Relevancia absoluta,0.7507710005415396,0.8837110511958599,0.1329400506543203,
393,0,0.0459775775671005,0.0084176491945981,-1.049223600819737,Solo secciones positivas,0.806952927261591,0.0152359757272506,-0.7917169515343403,16.0
394,1,0.7327257394790649,0.0084176491945981,-0.4508407667233353,Relevancia a secas,0.3461621553699379,0.7757466509938241,0.4295844956238862,
394,1,0.7327257394790649,0.0084176491945981,-0.4508407667233353,Relevancia absoluta,0.7962895210411033,0.3860006130371908,-0.4102889080039124,
394,1,0.7327257394790649,0.0084176491945981,-0.4508407667233353,Solo secciones positivas,0.1373397199458006,0.9233848750591278,0.7860451551133272,16.0
395,0,0.0082344654947519,0.0084176491945981,-3.1764368355314945,Relevancia a secas,0.0129703647560543,0.0080630479949629,-0.0049073167610913,
395,0,0.0082344654947519,0.0084176491945981,-3.1764368355314945,Relevancia absoluta,0.0106632111128419,0.0072062207618728,-0.0034569903509691,
395,0,0.0082344654947519,0.0084176491945981,-3.1764368355314945,Solo secciones positivas,0.015102592180483,0.0083374541427474,-0.0067651380377355,16.0
396,0,0.0101738441735506,0.0084176491945981,-1.5804062438654527,Relevancia a secas,0.0220364865898672,0.0094899780298065,-0.0125465085600606,
396,0,0.0101738441735506,0.0084176491945981,-1.5804062438654527,Relevancia absoluta,0.0105445554945617,0.0157644690997484,0.0052199136051866,
396,0,0.0101738441735506,0.0084176491945981,-1.5804062438654527,Solo secciones positivas,0.0316218617682655,0.0060693741465608,-0.0255524876217047,15.0
397,0,0.008672003634274,0.0084176491945981,-1.8047968337786144,Relevancia a secas,0.2197062531874204,0.0108398945821035,-0.2088663586053169,
397,0,0.008672003634274,0.0084176491945981,-1.8047968337786144,Relevancia absoluta,0.0107141918011216,0.0133498514122847,0.002635659611163,
397,0,0.008672003634274,0.0084176491945981,-1.8047968337786144,Solo secciones positivas,0.3750935261578936,0.0104621900000462,-0.3646313361578474,19.0
398,0,0.0156253911554813,0.0084176491945981,-0.611890834869706,Relevancia a secas,0.8570967591885065,0.548355407893218,-0.3087413512952884,
398,0,0.0156253911554813,0.0084176491945981,-0.611890834869706,Relevancia absoluta,0.4368095777920568,0.7540280568516917,0.3172184790596349,
398,0,0.0156253911554813,0.0084176491945981,-0.611890834869706,Solo secciones positivas,0.8868200370953196,0.4074356770752708,-0.4793843600200488,21.0
399,0,0.0099991299211978,0.0084176491945981,-0.3016700795880799,Relevancia a secas,0.6283198518988986,0.0271218022329748,-0.6011980496659237,
399,0,0.0099991299211978,0.0084176491945981,-0.3016700795880799,Relevancia absoluta,0.1578987000882507,0.1702574959490448,0.012358795860794,
399,0,0.0099991299211978,0.0084176491945981,-0.3016700795880799,Solo secciones positivas,0.8942020416259766,0.0082157185423394,-0.8859863230836371,20.0
400,1,0.9999992847442628,0.0084176491945981,-0.4196346967705578,Relevancia a secas,0.0443025664989383,0.9582647568701456,0.9139621903712072,
400,1,0.9999992847442628,0.0084176491945981,-0.4196346967705578,Relevancia absoluta,0.6754281768151282,0.9368954627102032,0.261467285895075,
400,1,0.9999992847442628,0.0084176491945981,-0.4196346967705578,Solo secciones positivas,0.0276171594162157,0.928453993806172,0.9008368343899562,21.0
401,0,0.012929287739098,0.0084176491945981,-0.3504769435441547,Relevancia a secas,0.3686829766569038,0.036690409185313,-0.3319925674715908,
401,0,0.012929287739098,0.0084176491945981,-0.3504769435441547,Relevancia absoluta,0.0401806200647519,0.0829678810615506,0.0427872609967986,
401,0,0.012929287739098,0.0084176491945981,-0.3504769435441547,Solo secciones positivas,0.6302240749821068,0.0058354775886982,-0.6243885973934085,15.0
402,1,0.9999903440475464,0.0084176491945981,-0.433556882617805,Relevancia a secas,0.1431421483401375,0.9859597285588584,0.8428175802187208,
402,1,0.9999903440475464,0.0084176491945981,-0.433556882617805,Relevancia absoluta,0.3581621588673442,0.9824183798498578,0.6242562209825135,
402,1,0.9999903440475464,0.0084176491945981,-0.433556882617805,Solo secciones positivas,0.0833303231810433,0.9721925887796614,0.888862265598618,18.0
403,0,0.0172588005661964,0.0084176491945981,-4.908528029976743,Relevancia a secas,0.0333008424948073,0.0163167327603635,-0.0169841097344437,
403,0,0.0172588005661964,0.0084176491945981,-4.908528029976743,Relevancia absoluta,0.0254573447321793,0.0490705768008612,0.0236132320686819,
403,0,0.0172588005661964,0.0084176491945981,-4.908528029976743,Solo secciones positivas,0.0624295483742441,0.0066288570773654,-0.0558006912968786,14.0
404,0,0.0079202139750123,0.0084176491945981,0.1450835234132856,Relevancia a secas,0.0084467871476792,0.0080102572553894,-0.0004365298922898,
404,0,0.0079202139750123,0.0084176491945981,0.1450835234132856,Relevancia absoluta,0.0083256086024145,0.0081040996592491,-0.0002215089431653,
404,0,0.0079202139750123,0.0084176491945981,0.1450835234132856,Solo secciones positivas,0.0087041265020767,0.007825650429974,-0.0008784760721027,3.0
405,0,0.1025018319487571,0.0084176491945981,-1.1229869643128834,Relevancia a secas,0.6871531740548057,0.7590809837501081,0.0719278096953024,
405,0,0.1025018319487571,0.0084176491945981,-1.1229869643128834,Relevancia absoluta,0.3081645939787589,0.6318377671349378,0.3236731731561788,
405,0,0.1025018319487571,0.0084176491945981,-1.1229869643128834,Solo secciones positivas,0.8731263861769721,0.88775786695381,0.0146314807768378,21.0
406,0,0.0083664804697036,0.0084176491945981,-3.1697469612990603,Relevancia a secas,0.0603171721256027,0.0073125914075515,-0.0530045807180512,
406,0,0.0083664804697036,0.0084176491945981,-3.1697469612990603,Relevancia absoluta,0.0089508768998914,0.0118983142052052,0.0029474373053138,
406,0,0.0083664804697036,0.0084176491945981,-3.1697469612990603,Solo secciones positivas,0.1217940434192617,0.0071454091928899,-0.1146486342263718,15.0
407,0,0.0164267364889383,0.0084176491945981,-0.5629295617706254,Relevancia a secas,0.8216357313924366,0.094314837901229,-0.7273208934912075,
407,0,0.0164267364889383,0.0084176491945981,-0.5629295617706254,Relevancia absoluta,0.2695445517957624,0.1417371256199354,-0.1278074261758269,
407,0,0.0164267364889383,0.0084176491945981,-0.5629295617706254,Solo secciones positivas,0.973971100229966,0.0413252675425398,-0.9326458326874262,19.0
408,1,0.9999995231628418,0.0084176491945981,-0.5238679886651865,Relevancia a secas,0.4876319617809106,0.9582116347220208,0.4705796729411102,
408,1,0.9999995231628418,0.0084176491945981,-0.5238679886651865,Relevancia absoluta,0.8225003164714306,0.9582116214765444,0.1357113050051136,
408,1,0.9999995231628418,0.0084176491945981,-0.5238679886651865,Solo secciones positivas,0.294577246629878,0.920822107478192,0.6262448608483139,19.0
409,0,0.0082978187128901,0.0084176491945981,0.5739775024817291,Relevancia a secas,0.0091053833408902,0.0079442879392041,-0.0011610954016861,
409,0,0.0082978187128901,0.0084176491945981,0.5739775024817291,Relevancia absoluta,0.0087305106895251,0.0081898051495146,-0.0005407055400105,
409,0,0.0082978187128901,0.0084176491945981,0.5739775024817291,Solo secciones positivas,0.010555206798017,0.0070428078062832,-0.0035123989917337,5.0
410,1,1.0,0.0084176491945981,-1.574745572686023,Relevancia a secas,0.2484225285027394,0.9861949251757728,0.7377723966730333,
410,1,1.0,0.0084176491945981,-1.574745572686023,Relevancia absoluta,0.6308308015353153,0.8239889205005271,0.1931581189652117,
410,1,1.0,0.0084176491945981,-1.574745572686023,Solo secciones positivas,0.0279223467563631,0.9724550247192384,0.9445326779628752,18.0
411,0,0.0132512301206588,0.0084176491945981,-4.483901553535546,Relevancia a secas,0.3867099092652401,0.0067300925956159,-0.3799798166696241,
411,0,0.0132512301206588,0.0084176491945981,-4.483901553535546,Relevancia absoluta,0.014532988735785,0.0159742653421643,0.0014412766063792,
411,0,0.0132512301206588,0.0084176491945981,-4.483901553535546,Solo secciones positivas,0.7745032841887545,0.0016725799907683,-0.772830704197986,17.0
412,1,0.9878627061843872,0.0084176491945981,-0.9804626413142052,Relevancia a secas,0.2420820556695314,0.8696178187512689,0.6275357630817375,
412,1,0.9878627061843872,0.0084176491945981,-0.9804626413142052,Relevancia absoluta,0.8985652964976099,0.8762459043128831,-0.0223193921847267,
412,1,0.9878627061843872,0.0084176491945981,-0.9804626413142052,Solo secciones positivas,0.0235571908472637,0.7938440339196297,0.770286843072366,21.0
413,0,0.0095468023791909,0.0084176491945981,-14.33063656600603,Relevancia a secas,0.0844868439663615,0.0111888256506063,-0.0732980183157552,
413,0,0.0095468023791909,0.0084176491945981,-14.33063656600603,Relevancia absoluta,0.0131451452875302,0.0086720733670517,-0.0044730719204785,
413,0,0.0095468023791909,0.0084176491945981,-14.33063656600603,Solo secciones positivas,0.1708331328323659,0.0172200711334452,-0.1536130616989206,17.0
414,0,0.0077864802442491,0.0084176491945981,0.371150447550316,Relevancia a secas,0.0104414746423976,0.007661145283944,-0.0027803293584535,
414,0,0.0077864802442491,0.0084176491945981,0.371150447550316,Relevancia absoluta,0.0094953763117599,0.0089092217644469,-0.000586154547313,
414,0,0.0077864802442491,0.0084176491945981,0.371150447550316,Solo secciones positivas,0.0113529705752929,0.0063394866883754,-0.0050134838869174,12.0
415,1,1.0,0.0084176491945981,-0.5485876289024176,Relevancia a secas,0.3202691928549185,0.9862170103523468,0.665947817497428,
415,1,1.0,0.0084176491945981,-0.5485876289024176,Relevancia absoluta,0.7628273230220658,0.8636886493131075,0.1008613262910417,
415,1,1.0,0.0084176491945981,-0.5485876289024176,Solo secciones positivas,0.0790122126805056,0.9738848617202356,0.89487264903973,19.0
416,0,0.0083757191896438,0.0084176491945981,0.0785495289395896,Relevancia a secas,0.0087907334737893,0.0085639027076669,-0.0002268307661223,
416,0,0.0083757191896438,0.0084176491945981,0.0785495289395896,Relevancia absoluta,0.0087575985429187,0.008593165445038,-0.0001644330978807,
416,0,0.0083757191896438,0.0084176491945981,0.0785495289395896,Solo secciones positivas,0.0095431553199887,0.0072764591313898,-0.0022666961885988,4.0
417,0,0.0067080170847475,0.0084176491945981,-1.0106750194508394,Relevancia a secas,0.4495704689890974,0.0064319388022542,-0.4431385301868432,
417,0,0.0067080170847475,0.0084176491945981,-1.0106750194508394,Relevancia absoluta,0.1847845940178052,0.0052360938861966,-0.1795485001316086,
417,0,0.0067080170847475,0.0084176491945981,-1.0106750194508394,Solo secciones positivas,0.844908025697805,0.007183199893916,-0.837724825803889,16.0
418,0,0.0075871837325394,0.0084176491945981,-4.71618947479705,Relevancia a secas,0.206119417756175,0.0542851977774666,-0.1518342199787083,
418,0,0.0075871837325394,0.0084176491945981,-4.71618947479705,Relevancia absoluta,0.0197442678424219,0.050344202770955,0.0305999349285331,
418,0,0.0075871837325394,0.0084176491945981,-4.71618947479705,Solo secciones positivas,0.3500323570333421,0.0818764386232942,-0.2681559184100479,20.0
419,0,0.0085732489824295,0.0084176491945981,-3.600436663566472,Relevancia a secas,0.0559547497994369,0.050539387208927,-0.0054153625905099,
419,0,0.0085732489824295,0.0084176491945981,-3.600436663566472,Relevancia absoluta,0.056729181514432,0.0215958734819044,-0.0351333080325275,
419,0,0.0085732489824295,0.0084176491945981,-3.600436663566472,Solo secciones positivas,0.021493392297998,0.0240369320963509,0.0025435397983528,16.0
420,0,0.0089403623715043,0.0084176491945981,0.396965392252093,Relevancia a secas,0.0093862959183752,0.0087982632426752,-0.0005880326757,
420,0,0.0089403623715043,0.0084176491945981,0.396965392252093,Relevancia absoluta,0.0085115960230016,0.0094834684859961,0.0009718724629945,
420,0,0.0089403623715043,0.0084176491945981,0.396965392252093,Solo secciones positivas,0.011220151026334,0.0069481494969555,-0.0042720015293785,7.0
421,1,0.9957683086395264,0.0084176491945981,-0.5433004661040284,Relevancia a secas,0.2957174121584928,0.9840976032945844,0.6883801911360917,
421,1,0.9957683086395264,0.0084176491945981,-0.5433004661040284,Relevancia absoluta,0.5997446703444843,0.9839259386062622,0.3841812682617779,
421,1,0.9957683086395264,0.0084176491945981,-0.5433004661040284,Solo secciones positivas,0.0311178114327485,0.969013050198555,0.9378952387658064,16.0
422,1,1.0,0.0084176491945981,-0.6736701244104495,Relevancia a secas,0.1279004168412901,0.7917515757618653,0.6638511589205751,
422,1,1.0,0.0084176491945981,-0.6736701244104495,Relevancia absoluta,0.3076468906167571,0.2214503640647264,-0.0861965265520307,
422,1,1.0,0.0084176491945981,-0.6736701244104495,Solo secciones positivas,0.2500005957015534,0.9169004890653822,0.6668998933638288,18.0
423,0,0.0078024296090006,0.0084176491945981,-1.1370621601628663,Relevancia a secas,0.0121823779440351,0.0068931930033223,-0.0052891849407127,
423,0,0.0078024296090006,0.0084176491945981,-1.1370621601628663,Relevancia absoluta,0.009400511666068,0.0077383455820381,-0.0016621660840298,
423,0,0.0078024296090006,0.0084176491945981,-1.1370621601628663,Solo secciones positivas,0.0132528553949669,0.0063171973160933,-0.0069356580788735,16.0
424,1,0.9023417234420776,0.0084176491945981,-0.4836537341835693,Relevancia a secas,0.1217849396946297,0.9816156228383384,0.8598306831437085,
424,1,0.9023417234420776,0.0084176491945981,-0.4836537341835693,Relevancia absoluta,0.6057406138129914,0.969199417365922,0.3634588035529305,
424,1,0.9023417234420776,0.0084176491945981,-0.4836537341835693,Solo secciones positivas,0.0537470092512627,0.9784438350926274,0.9246968258413648,23.0
425,1,0.999652624130249,0.0084176491945981,-0.6441432048943521,Relevancia a secas,0.2016940851845089,0.9861909051736196,0.7844968199891107,
425,1,0.999652624130249,0.0084176491945981,-0.6441432048943521,Relevancia absoluta,0.1097134547720886,0.6815272774447735,0.5718138226726849,
425,1,0.999652624130249,0.0084176491945981,-0.6441432048943521,Solo secciones positivas,0.2959374555752826,0.9668738842010498,0.6709364286257672,15.0
426,0,0.0098418705165386,0.0084176491945981,-0.6871450170569771,Relevancia a secas,0.0682820753362547,0.0062537926714867,-0.0620282826647679,
426,0,0.0098418705165386,0.0084176491945981,-0.6871450170569771,Relevancia absoluta,0.0119037947992587,0.0103382648408619,-0.0015655299583967,
426,0,0.0098418705165386,0.0084176491945981,-0.6871450170569771,Solo secciones positivas,0.1146508459933102,0.0048788853688165,-0.1097719606244936,20.0
427,1,1.0,0.0084176491945981,-0.7592486324253199,Relevancia a secas,0.2813569892037691,0.9821142165197266,0.7007572273159575,
427,1,1.0,0.0084176491945981,-0.7592486324253199,Relevancia absoluta,0.6115911048671403,0.9546461595843236,0.3430550547171832,
427,1,1.0,0.0084176491945981,-0.7592486324253199,Solo secciones positivas,0.4062500613000414,0.959757000207901,0.5535069389078595,16.0
428,1,1.0,0.0084176491945981,-0.7558288840118172,Relevancia a secas,0.1940015897402664,0.9812182229426172,0.7872166332023508,
428,1,1.0,0.0084176491945981,-0.7558288840118172,Relevancia absoluta,0.959150039487415,0.9786758290396796,0.0195257895522646,
428,1,1.0,0.0084176491945981,-0.7558288840118172,Solo secciones positivas,0.0882336532368379,0.967473648926791,0.879239995689953,17.0
429,0,0.0081372680142521,0.0084176491945981,0.1800261731602332,Relevancia a secas,0.0085171069949865,0.008270330985801,-0.0002467760091854,
429,0,0.0081372680142521,0.0084176491945981,0.1800261731602332,Relevancia absoluta,0.0085311870401104,0.0083019871575136,-0.0002291998825967,
429,0,0.0081372680142521,0.0084176491945981,0.1800261731602332,Solo secciones positivas,0.008863435126841,0.0081422976218163,-0.0007211375050246,2.0
430,0,0.00781409163028,0.0084176491945981,0.3892138100046673,Relevancia a secas,0.0083658532368847,0.008153215684514,-0.0002126375523706,
430,0,0.00781409163028,0.0084176491945981,0.3892138100046673,Relevancia absoluta,0.0080730565176862,0.0084381498551617,0.0003650933374754,
430,0,0.00781409163028,0.0084176491945981,0.3892138100046673,Solo secciones positivas,0.009341982503732,0.0072229791743059,-0.002119003329426,6.0
431,1,0.9999836683273317,0.0084176491945981,-0.5583651939625318,Relevancia a secas,0.2919009815010877,0.734803367259398,0.4429023857583102,
431,1,0.9999836683273317,0.0084176491945981,-0.5583651939625318,Relevancia absoluta,0.8731051853618637,0.8057615689920365,-0.0673436163698271,
431,1,0.9999836683273317,0.0084176491945981,-0.5583651939625318,Solo secciones positivas,0.0249996260719957,0.52302652049475,0.4980268944227543,20.0
432,1,0.9999560117721558,0.0084176491945981,-1.0697222813538314,Relevancia a secas,0.4686611534821016,0.6240438306188958,0.1553826771367942,
432,1,0.9999560117721558,0.0084176491945981,-1.0697222813538314,Relevancia absoluta,0.9022675284714852,0.4201938251290846,-0.4820737033424006,
432,1,0.9999560117721558,0.0084176491945981,-1.0697222813538314,Solo secciones positivas,0.3576178510080684,0.8411004205364521,0.4834825695283836,22.0
433,1,1.0,0.0084176491945981,-0.5542275057456958,Relevancia a secas,0.0697977390961547,0.9584709107875824,0.8886731716914278,
433,1,1.0,0.0084176491945981,-0.5542275057456958,Relevancia absoluta,0.4880806892824741,0.9228632924787236,0.4347826031962493,
433,1,1.0,0.0084176491945981,-0.5542275057456958,Solo secciones positivas,0.0789473119534944,0.921313530520389,0.8423662185668945,19.0
434,0,0.0098179960623383,0.0084176491945981,-0.4552692214742936,Relevancia a secas,0.4125000369450491,0.0421403663543363,-0.3703596705907128,
434,0,0.0098179960623383,0.0084176491945981,-0.4552692214742936,Relevancia absoluta,0.0503135170373651,0.0241365897883143,-0.0261769272490508,
434,0,0.0098179960623383,0.0084176491945981,-0.4552692214742936,Solo secciones positivas,0.686191330418775,0.0284192626805681,-0.6577720677382068,19.0
435,0,0.4806101620197296,0.0084176491945981,-0.5597425330169615,Relevancia a secas,0.4353213842001019,0.3104933990463097,-0.1248279851537922,
435,0,0.4806101620197296,0.0084176491945981,-0.5597425330169615,Relevancia absoluta,0.0516840019586702,0.7513376068737772,0.6996536049151069,
435,0,0.4806101620197296,0.0084176491945981,-0.5597425330169615,Solo secciones positivas,0.7423857642071587,0.0071428222914359,-0.7352429419157228,14.0
436,1,0.999991536140442,0.0084176491945981,-1.212940795944561,Relevancia a secas,0.2282048617812985,0.8737052637669774,0.6455004019856789,
436,1,0.999991536140442,0.0084176491945981,-1.212940795944561,Relevancia absoluta,0.597187544385045,0.7914575851202577,0.1942700407352127,
436,1,0.999991536140442,0.0084176491945981,-1.212940795944561,Solo secciones positivas,0.0238093223135091,0.9763908953893752,0.952581573075866,21.0
437,0,0.0088067995384335,0.0084176491945981,0.4242134105467009,Relevancia a secas,0.0091415887646791,0.0080913675224615,-0.0010502212422175,
437,0,0.0088067995384335,0.0084176491945981,0.4242134105467009,Relevancia absoluta,0.0088091063727107,0.0084045009635802,-0.0004046054091304,
437,0,0.0088067995384335,0.0084176491945981,0.4242134105467009,Solo secciones positivas,0.0101377004757523,0.0073367752134799,-0.0028009252622723,5.0
438,0,0.0176085960119962,0.0084176491945981,-1.2561183932779951,Relevancia a secas,0.7799118072208432,0.8404031675308943,0.060491360310051,
438,0,0.0176085960119962,0.0084176491945981,-1.2561183932779951,Relevancia absoluta,0.5746416314505041,0.6950920246955422,0.1204503932450381,
438,0,0.0176085960119962,0.0084176491945981,-1.2561183932779951,Solo secciones positivas,0.5876634181203211,0.7220843992579509,0.1344209811376298,17.0
439,1,0.9815984964370728,0.0084176491945981,-0.494068197237184,Relevancia a secas,0.018518596262506,0.9456834868114028,0.9271648905488968,
439,1,0.9815984964370728,0.0084176491945981,-0.494068197237184,Relevancia absoluta,0.1054630156383416,0.581873316447147,0.4764103008088053,
439,1,0.9815984964370728,0.0084176491945981,-0.494068197237184,Solo secciones positivas,0.0248721152295937,0.9251219795085488,0.9002498642789551,20.0
440,1,1.0,0.0084176491945981,-0.5151365425444997,Relevancia a secas,0.0335304190511597,0.9014693701626908,0.8679389511115312,
440,1,1.0,0.0084176491945981,-0.5151365425444997,Relevancia absoluta,0.5354379860176804,0.908145214405125,0.3727072283874445,
440,1,1.0,0.0084176491945981,-0.5151365425444997,Solo secciones positivas,0.0250044977761615,0.822644931857953,0.7976404340817914,20.0
441,0,0.0082151424139738,0.0084176491945981,-0.0285162551995121,Relevancia a secas,0.0084006283949646,0.0082463721434275,-0.0001542562515371,
441,0,0.0082151424139738,0.0084176491945981,-0.0285162551995121,Relevancia absoluta,0.0084020359596858,0.0082450266410079,-0.0001570093186779,
441,0,0.0082151424139738,0.0084176491945981,-0.0285162551995121,Solo secciones positivas,0.0083493497222661,0.008268803358078,-8.054636418819427e-05,1.0
442,0,0.0157063473016023,0.0084176491945981,-0.2822140123613881,Relevancia a secas,0.6378548651700838,0.2012541003127087,-0.4366007648573751,
442,0,0.0157063473016023,0.0084176491945981,-0.2822140123613881,Relevancia absoluta,0.5098382581232322,0.7238581104514501,0.2140198523282178,
442,0,0.0157063473016023,0.0084176491945981,-0.2822140123613881,Solo secciones positivas,0.8738573484122754,0.0854352465952228,-0.7884221018170525,20.0
443,0,0.1697230041027069,0.0084176491945981,-0.9119208266264328,Relevancia a secas,0.3827194360912674,0.1724635897389785,-0.2102558463522888,
443,0,0.1697230041027069,0.0084176491945981,-0.9119208266264328,Relevancia absoluta,0.3182472342321287,0.3768000718790871,0.0585528376469584,
443,0,0.1697230041027069,0.0084176491945981,-0.9119208266264328,Solo secciones positivas,0.4445487078988836,0.1907625975848781,-0.2537861103140055,21.0
444,0,0.0087834373116493,0.0084176491945981,0.2799370349505858,Relevancia a secas,0.0152761971629742,0.0068308175153409,-0.0084453796476332,
444,0,0.0087834373116493,0.0084176491945981,0.2799370349505858,Relevancia absoluta,0.0089708292442891,0.0088083509795574,-0.0001624782647316,
444,0,0.0087834373116493,0.0084176491945981,0.2799370349505858,Solo secciones positivas,0.0202014318977793,0.0059881036790708,-0.0142133282187084,15.0
445,1,1.0,0.0084176491945981,-0.5461852689410766,Relevancia a secas,0.5387392924109698,0.9333333839507152,0.3945940915397454,
445,1,1.0,0.0084176491945981,-0.5461852689410766,Relevancia absoluta,0.7799375298200176,0.8753201151012441,0.0953825852812264,
445,1,1.0,0.0084176491945981,-0.5461852689410766,Solo secciones positivas,0.4583294715956502,0.9000000759260729,0.4416706043304227,24.0
446,0,0.2813253104686737,0.0084176491945981,-0.6315769857624216,Relevancia a secas,0.3913062509252792,0.0569891933377625,-0.3343170575875167,
446,0,0.2813253104686737,0.0084176491945981,-0.6315769857624216,Relevancia absoluta,0.1625363457585788,0.218214929750603,0.0556785839920242,
446,0,0.2813253104686737,0.0084176491945981,-0.6315769857624216,Solo secciones positivas,0.4767348298004695,0.0046538396827166,-0.4720809901177528,21.0
447,0,0.0081788720563054,0.0084176491945981,0.4579169487868218,Relevancia a secas,0.0088695786220745,0.0078899309478907,-0.0009796476741838,
447,0,0.0081788720563054,0.0084176491945981,0.4579169487868218,Relevancia absoluta,0.0085569437748442,0.0081794117318673,-0.0003775320429768,
447,0,0.0081788720563054,0.0084176491945981,0.4579169487868218,Solo secciones positivas,0.0100042291451245,0.0071313086664304,-0.0028729204786941,4.0
448,1,0.9999991655349731,0.0084176491945981,-1.0892711663345485,Relevancia a secas,0.4576538495926424,0.9862280040979384,0.5285741545052961,
448,1,0.9999991655349731,0.0084176491945981,-1.0892711663345485,Relevancia absoluta,0.6860014340807534,0.5808540550064463,-0.1051473790743071,
448,1,0.9999991655349731,0.0084176491945981,-1.0892711663345485,Solo secciones positivas,0.1749767333269176,0.975210440158844,0.8002337068319263,20.0
449,0,0.0326257906854152,0.0084176491945981,-0.4491432104332521,Relevancia a secas,0.7480101097737335,0.3311658350285143,-0.4168442747452192,
449,0,0.0326257906854152,0.0084176491945981,-0.4491432104332521,Relevancia absoluta,0.4066560632652706,0.3872915021040374,-0.0193645611612332,
449,0,0.0326257906854152,0.0084176491945981,-0.4491432104332521,Solo secciones positivas,0.9462880462408064,0.1966127382125705,-0.7496753080282359,20.0
450,0,0.0072432551532983,0.0084176491945981,-11.820138117883085,Relevancia a secas,0.5075148138114147,0.0062449757614457,-0.5012698380499689,
450,0,0.0072432551532983,0.0084176491945981,-11.820138117883085,Relevancia absoluta,0.0089988674347599,0.0228715304207677,0.0138726629860078,
450,0,0.0072432551532983,0.0084176491945981,-11.820138117883085,Solo secciones positivas,0.7961414716672153,0.0042428846907569,-0.7918985869764583,20.0
451,0,0.0062879654578864,0.0084176491945981,-0.6835682924877519,Relevancia a secas,0.4357432792761496,0.0031507284769239,-0.4325925507992256,
451,0,0.0062879654578864,0.0084176491945981,-0.6835682924877519,Relevancia absoluta,0.1181062051228114,0.0138946716806718,-0.1042115334421396,
451,0,0.0062879654578864,0.0084176491945981,-0.6835682924877519,Solo secciones positivas,0.7199439688378738,0.0012992764499762,-0.7186446923878975,18.0
452,1,1.0,0.0084176491945981,-0.9548984978941304,Relevancia a secas,0.2605910037891056,0.9862126062313716,0.7256216024422659,
452,1,1.0,0.0084176491945981,-0.9548984978941304,Relevancia absoluta,0.1774601159021014,0.8986687897187141,0.7212086738166127,
452,1,1.0,0.0084176491945981,-0.9548984978941304,Solo secciones positivas,0.0752306162393274,0.9751826912164688,0.8999520749771412,20.0
453,0,0.0463490895926952,0.0084176491945981,-0.8189457754465858,Relevancia a secas,0.5262042223993275,0.2126003473371788,-0.3136038750621486,
453,0,0.0463490895926952,0.0084176491945981,-0.8189457754465858,Relevancia absoluta,0.200926931682261,0.4752052729535434,0.2742783412712823,
453,0,0.0463490895926952,0.0084176491945981,-0.8189457754465858,Solo secciones positivas,0.907661587993304,0.0051922838581958,-0.902469304135108,15.0
454,0,0.0081845102831721,0.0084176491945981,0.0315230412258036,Relevancia a secas,0.0089264372363686,0.0082661319657095,-0.000660305270659,
454,0,0.0081845102831721,0.0084176491945981,0.0315230412258036,Relevancia absoluta,0.0081782462075352,0.0085898198985627,0.0004115736910275,
454,0,0.0081845102831721,0.0084176491945981,0.0315230412258036,Solo secciones positivas,0.0100440119526215,0.0077240245549806,-0.0023199873976409,7.0
455,0,0.0084455907344818,0.0084176491945981,0.0396615892151691,Relevancia a secas,0.0132614165130588,0.007691918225545,-0.0055694982875138,
455,0,0.0084455907344818,0.0084176491945981,0.0396615892151691,Relevancia absoluta,0.0097078791198631,0.0082715712358347,-0.0014363078840283,
455,0,0.0084455907344818,0.0084176491945981,0.0396615892151691,Solo secciones positivas,0.0167345182659725,0.0073362175996104,-0.009398300666362,18.0
456,0,0.008320695720613,0.0084176491945981,-0.0263416187076387,Relevancia a secas,0.008762866931243,0.0081607266329228,-0.0006021402983201,
456,0,0.008320695720613,0.0084176491945981,-0.0263416187076387,Relevancia absoluta,0.0087018311282412,0.0081949780384699,-0.0005068530897713,
456,0,0.008320695720613,0.0084176491945981,-0.0263416187076387,Solo secciones positivas,0.0085343997925519,0.0083163399249315,-0.0002180598676204,1.0
457,1,1.0,0.0084176491945981,-1.495031540742244,Relevancia a secas,0.4309139891603873,0.8772007726809006,0.4462867835205132,
457,1,1.0,0.0084176491945981,-1.495031540742244,Relevancia absoluta,0.7937659901900894,0.627507496623881,-0.1662584935662084,
457,1,1.0,0.0084176491945981,-1.495031540742244,Solo secciones positivas,0.0357142857804667,0.8216674987900998,0.7859532130096331,14.0
458,0,0.0106297144666314,0.0084176491945981,-3.795926159923114,Relevancia a secas,0.5263460939362026,0.0116420384082529,-0.5147040555279496,
458,0,0.0106297144666314,0.0084176491945981,-3.795926159923114,Relevancia absoluta,0.0164967038565211,0.2333065897433294,0.2168098858868082,
458,0,0.0106297144666314,0.0084176491945981,-3.795926159923114,Solo secciones positivas,0.8686738606076687,0.0108099759090691,-0.8578638846985995,20.0
459,1,0.8962556719779968,0.0084176491945981,-0.8221815369379772,Relevancia a secas,0.1590367974191194,0.9785612755351596,0.8195244781160402,
459,1,0.8962556719779968,0.0084176491945981,-0.8221815369379772,Relevancia absoluta,0.780484744373502,0.9539566189050674,0.1734718745315654,
459,1,0.8962556719779968,0.0084176491945981,-0.8221815369379772,Solo secciones positivas,0.0257263099430813,0.9769251683483952,0.951198858405314,23.0
460,0,0.0082425503060221,0.0084176491945981,0.3038509657786469,Relevancia a secas,0.0236340399779793,0.0068571576331224,-0.0167768823448568,
460,0,0.0082425503060221,0.0084176491945981,0.3038509657786469,Relevancia absoluta,0.0090406041514749,0.009490607267556,0.0004500031160811,
460,0,0.0082425503060221,0.0084176491945981,0.3038509657786469,Solo secciones positivas,0.0398717827474077,0.0049713170776764,-0.0349004656697313,15.0
461,1,0.9999977350234984,0.0084176491945981,-0.2860116125174433,Relevancia a secas,0.2006325157458221,0.984656168354882,0.78402365260906,
461,1,0.9999977350234984,0.0084176491945981,-0.2860116125174433,Relevancia absoluta,0.6497028547028592,0.978781633906894,0.3290787792040349,
461,1,0.9999977350234984,0.0084176491945981,-0.2860116125174433,Solo secciones positivas,0.0238104065754758,0.9736969612893605,0.9498865547138846,21.0
462,1,1.0,0.0084176491945981,-0.4092572442173129,Relevancia a secas,0.1561354866375466,0.9862186643812392,0.8300831777436926,
462,1,1.0,0.0084176491945981,-0.4092572442173129,Relevancia absoluta,0.7348359652819959,0.8770996847500403,0.1422637194680444,
462,1,1.0,0.0084176491945981,-0.4092572442173129,Solo secciones positivas,0.0251753788681317,0.9752008676528932,0.9500254887847616,20.0
463,0,0.0079962061718106,0.0084176491945981,0.2157954678097401,Relevancia a secas,0.0087597847384001,0.008448259825153,-0.0003115249132471,
463,0,0.0079962061718106,0.0084176491945981,0.2157954678097401,Relevancia absoluta,0.0079458798947078,0.0090443785967571,0.0010984987020492,
463,0,0.0079962061718106,0.0084176491945981,0.2157954678097401,Solo secciones positivas,0.0103936347489555,0.0075419173420717,-0.0028517174068838,6.0
464,0,0.0087115196511149,0.0084176491945981,0.4917916208539202,Relevancia a secas,0.0097559515335079,0.0077142969110152,-0.0020416546224926,
464,0,0.0087115196511149,0.0084176491945981,0.4917916208539202,Relevancia absoluta,0.008936362961928,0.0085002531349245,-0.0004361098270035,
464,0,0.0087115196511149,0.0084176491945981,0.4917916208539202,Solo secciones positivas,0.0114586231065914,0.0065312805818393,-0.004927342524752,8.0
465,1,0.9999995231628418,0.0084176491945981,-0.8247228464858043,Relevancia a secas,0.8509743797832117,0.9306610745229086,0.0796866947396969,
465,1,0.9999995231628418,0.0084176491945981,-0.8247228464858043,Relevancia absoluta,0.8563192944145864,0.7686114841813433,-0.0877078102332431,
465,1,0.9999995231628418,0.0084176491945981,-0.8247228464858043,Solo secciones positivas,0.8423337951167731,0.9739057264829936,0.1315719313662205,19.0
466,1,0.9994540810585022,0.0084176491945981,-0.4691007780043129,Relevancia a secas,0.039236843711104,0.9028071683779774,0.8635703246668733,
466,1,0.9994540810585022,0.0084176491945981,-0.4691007780043129,Relevancia absoluta,0.4426186007009127,0.898638837032277,0.4560202363313643,
466,1,0.9994540810585022,0.0084176491945981,-0.4691007780043129,Solo secciones positivas,0.0741167281476753,0.8161147968647511,0.7419980687170757,19.0
467,0,0.3387972712516784,0.0084176491945981,-1.8385935087464236,Relevancia a secas,0.8754396520089357,0.8633664357993339,-0.0120732162096017,
467,0,0.3387972712516784,0.0084176491945981,-1.8385935087464236,Relevancia absoluta,0.8398244329986885,0.8037914003097144,-0.036033032688974,
467,0,0.3387972712516784,0.0084176491945981,-1.8385935087464236,Solo secciones positivas,0.9793359450995922,0.969013050198555,-0.0103228949010372,16.0
468,0,0.0062902928330004,0.0084176491945981,-0.5300078473490066,Relevancia a secas,0.2226493978458974,0.0070438988517101,-0.2156054989941872,
468,0,0.0062902928330004,0.0084176491945981,-0.5300078473490066,Relevancia absoluta,0.0078741890352426,0.0114917633796317,0.0036175743443891,
468,0,0.0062902928330004,0.0084176491945981,-0.5300078473490066,Solo secciones positivas,0.4461708278669154,0.0042083970866395,-0.4419624307802758,17.0
469,1,1.0,0.0084176491945981,-0.8039035882848001,Relevancia a secas,0.0361579572848296,0.9286916739972576,0.892533716712428,
469,1,1.0,0.0084176491945981,-0.8039035882848001,Relevancia absoluta,0.6658992039478369,0.9001202488331668,0.2342210448853299,
469,1,1.0,0.0084176491945981,-0.8039035882848001,Solo secciones positivas,0.0625790224625498,0.875210429495201,0.8126314070326511,20.0
470,0,0.0078320419415831,0.0084176491945981,0.2824974033938326,Relevancia a secas,0.0096186237513191,0.0072287109861564,-0.0023899127651626,
470,0,0.0078320419415831,0.0084176491945981,0.2824974033938326,Relevancia absoluta,0.0091394613652179,0.0074910016394116,-0.0016484597258062,
470,0,0.0078320419415831,0.0084176491945981,0.2824974033938326,Solo secciones positivas,0.010152998513409,0.0066353275573679,-0.0035176709560411,7.0
471,0,0.0081393858417868,0.0084176491945981,0.3722464112152607,Relevancia a secas,0.0118159887691338,0.007029127019147,-0.0047868617499868,
471,0,0.0081393858417868,0.0084176491945981,0.3722464112152607,Relevancia absoluta,0.0089396329907079,0.0085901882913377,-0.0003494446993701,
471,0,0.0081393858417868,0.0084176491945981,0.3722464112152607,Solo secciones positivas,0.0144439351611903,0.0062130456125097,-0.0082308895486806,14.0
472,0,0.0081978915259242,0.0084176491945981,0.4038210160652289,Relevancia a secas,0.0093029525596648,0.0082648109075509,-0.0010381416521138,
472,0,0.0081978915259242,0.0084176491945981,0.4038210160652289,Relevancia absoluta,0.0081656363715107,0.0092035252859608,0.0010378889144501,
472,0,0.0081978915259242,0.0084176491945981,0.4038210160652289,Solo secciones positivas,0.0110250172308749,0.0068301810986465,-0.0041948361322283,9.0
473,0,0.0120630441233515,0.0084176491945981,-0.6954050334711624,Relevancia a secas,0.684602641591078,0.2806361219081042,-0.4039665196829737,
473,0,0.0120630441233515,0.0084176491945981,-0.6954050334711624,Relevancia absoluta,0.2148736000009295,0.2371694385850181,0.0222958385840886,
473,0,0.0120630441233515,0.0084176491945981,-0.6954050334711624,Solo secciones positivas,0.8823652375075552,0.3529732855682096,-0.5293919519393455,18.0
474,1,1.0,0.0084176491945981,-0.8348693588460655,Relevancia a secas,0.3196261908532499,0.9584212243919156,0.6387950335386657,
474,1,1.0,0.0084176491945981,-0.8348693588460655,Relevancia absoluta,0.7409248353798092,0.9584212210805466,0.2174963857007373,
474,1,1.0,0.0084176491945981,-0.8348693588460655,Solo secciones positivas,0.0228578831804819,0.9319620035504076,0.9091041203699256,22.0
475,0,0.0106010129675269,0.0084176491945981,-8.010202768485545,Relevancia a secas,0.3737570866942405,0.0293082780230583,-0.3444488086711822,
475,0,0.0106010129675269,0.0084176491945981,-8.010202768485545,Relevancia absoluta,0.1363841245959823,0.0187959184598488,-0.1175882061361335,
475,0,0.0106010129675269,0.0084176491945981,-8.010202768485545,Solo secciones positivas,0.5075136078521609,0.0418355537888904,-0.4656780540632705,18.0
476,0,0.028310690075159,0.0084176491945981,-0.610030002281811,Relevancia a secas,0.4491125172806075,0.0197658472275684,-0.429346670053039,
476,0,0.028310690075159,0.0084176491945981,-0.610030002281811,Relevancia absoluta,0.0498462989053223,0.0154279218598579,-0.0344183770454643,
476,0,0.028310690075159,0.0084176491945981,-0.610030002281811,Solo secciones positivas,0.968952190130949,0.0136904288710866,-0.9552617612598624,16.0
477,0,0.0137938074767589,0.0084176491945981,-2.0537603844783883,Relevancia a secas,0.1683771594091215,0.017783187375907,-0.1505939720332144,
477,0,0.0137938074767589,0.0084176491945981,-2.0537603844783883,Relevancia absoluta,0.0151132740623628,0.0208260952883089,0.0057128212259461,
477,0,0.0137938074767589,0.0084176491945981,-2.0537603844783883,Solo secciones positivas,0.3092203543178344,0.0227745873012162,-0.2864457670166183,19.0
478,0,0.0087012397125363,0.0084176491945981,-0.2482351814268686,Relevancia a secas,0.0255486636023436,0.0091870054203484,-0.0163616581819951,
478,0,0.0087012397125363,0.0084176491945981,-0.2482351814268686,Relevancia absoluta,0.0106045573151537,0.0096650604158639,-0.0009394968992897,
478,0,0.0087012397125363,0.0084176491945981,-0.2482351814268686,Solo secciones positivas,0.0323275956325233,0.0096137939641873,-0.0227138016683359,18.0
479,0,0.0080339470878243,0.0084176491945981,0.0987583570714812,Relevancia a secas,0.0088547259931349,0.0078738054984973,-0.0009809204946375,
479,0,0.0080339470878243,0.0084176491945981,0.0987583570714812,Relevancia absoluta,0.0087710053970416,0.0079218194069754,-0.0008491859900661,
479,0,0.0080339470878243,0.0084176491945981,0.0987583570714812,Solo secciones positivas,0.008803250035271,0.0078141741687431,-0.0009890758665278,4.0
480,1,1.0,0.0084176491945981,-1.1909714724815132,Relevancia a secas,0.6398063129466449,0.9589885510245544,0.3191822380779096,
480,1,1.0,0.0084176491945981,-1.1909714724815132,Relevancia absoluta,0.9687963550289472,0.9313133190541218,-0.0374830359748253,
480,1,1.0,0.0084176491945981,-1.1909714724815132,Solo secciones positivas,0.2555740776147051,0.9077242553466932,0.652150177731988,16.0
481,0,0.0085481563583016,0.0084176491945981,-25.497519572001515,Relevancia a secas,0.2956484282655375,0.0130203853095216,-0.2826280429560158,
481,0,0.0085481563583016,0.0084176491945981,-25.497519572001515,Relevancia absoluta,0.0167495962764535,0.1631474142894149,0.1463978180129613,
481,0,0.0085481563583016,0.0084176491945981,-25.497519572001515,Solo secciones positivas,0.5814649268217822,0.0159446536837255,-0.5655202731380566,17.0
482,1,0.9930877089500428,0.0084176491945981,-0.4309799893279628,Relevancia a secas,0.4747173992442908,0.967525550060802,0.4928081508165112,
482,1,0.9930877089500428,0.0084176491945981,-0.4309799893279628,Relevancia absoluta,0.9011634873329766,0.9087519905943838,0.0075885032614072,
482,1,0.9930877089500428,0.0084176491945981,-0.4309799893279628,Solo secciones positivas,0.4087708817167621,0.9483589855107392,0.5395881037939771,11.0
483,0,0.0089791174978017,0.0084176491945981,0.0717170135399072,Relevancia a secas,0.0384799956292327,0.0075694976452117,-0.030910497984021,
483,0,0.0089791174978017,0.0084176491945981,0.0717170135399072,Relevancia absoluta,0.0105867229867726,0.0104468478045115,-0.000139875182261,
483,0,0.0089791174978017,0.0084176491945981,0.0717170135399072,Solo secciones positivas,0.0498369517312808,0.0075791940431703,-0.0422577576881105,22.0
484,0,0.3861113786697387,0.0084176491945981,-0.3635004173194765,Relevancia a secas,0.6038385416484542,0.2897327130366579,-0.3141058286117962,
484,0,0.3861113786697387,0.0084176491945981,-0.3635004173194765,Relevancia absoluta,0.6077437698841095,0.4132129723907887,-0.1945307974933207,
484,0,0.3861113786697387,0.0084176491945981,-0.3635004173194765,Solo secciones positivas,0.868242570582558,0.0002476249488315,-0.8679949456337266,17.0
485,0,0.0079271905124187,0.0084176491945981,0.2766316068485513,Relevancia a secas,0.0119997491387443,0.0074056676692432,-0.004594081469501,
485,0,0.0079271905124187,0.0084176491945981,0.2766316068485513,Relevancia absoluta,0.0089827145630907,0.0086290006034283,-0.0003537139596624,
485,0,0.0079271905124187,0.0084176491945981,0.2766316068485513,Solo secciones positivas,0.0165719147771596,0.005830813731466,-0.0107411010456936,14.0
486,0,0.0104250852018594,0.0084176491945981,-1.1600430307638363,Relevancia a secas,0.435310737385104,0.0915473651208837,-0.3437633722642203,
486,0,0.0104250852018594,0.0084176491945981,-1.1600430307638363,Relevancia absoluta,0.030885592335835,0.0285784603717426,-0.0023071319640924,
486,0,0.0104250852018594,0.0084176491945981,-1.1600430307638363,Solo secciones positivas,0.6767460390925408,0.1502048857073532,-0.5265411533851876,20.0
487,1,0.8244845867156982,0.0084176491945981,-1.092718849224791,Relevancia a secas,0.0947094424508915,0.7948294958461904,0.7001200533952989,
487,1,0.8244845867156982,0.0084176491945981,-1.092718849224791,Relevancia absoluta,0.8431921839589147,0.7012705459621632,-0.1419216379967515,
487,1,0.8244845867156982,0.0084176491945981,-1.092718849224791,Solo secciones positivas,0.0241907745770782,0.7348887022817507,0.7106979277046724,24.0
488,1,0.9999997615814208,0.0084176491945981,-0.3077484248477412,Relevancia a secas,0.3306878856268549,0.9855410779515904,0.6548531923247354,
488,1,0.9999997615814208,0.0084176491945981,-0.3077484248477412,Relevancia absoluta,0.757764614549362,0.9854631796479224,0.2276985650985605,
488,1,0.9999997615814208,0.0084176491945981,-0.3077484248477412,Solo secciones positivas,0.029501851596407,0.9693812394843382,0.9398793878879312,17.0
489,0,0.0171054694801569,0.0084176491945981,-0.2807863231682859,Relevancia a secas,0.5632087589611829,0.0071395246715094,-0.5560692342896736,
489,0,0.0171054694801569,0.0084176491945981,-0.2807863231682859,Relevancia absoluta,0.5162605070379668,0.1791229975594199,-0.3371375094785468,
489,0,0.0171054694801569,0.0084176491945981,-0.2807863231682859,Solo secciones positivas,0.9186005828281244,0.0003039539173474,-0.9182966289107768,18.0
490,0,0.0079654231667518,0.0084176491945981,0.5667765201511376,Relevancia a secas,0.01209544398201,0.0071275418805372,-0.0049679021014728,
490,0,0.0079654231667518,0.0084176491945981,0.5667765201511376,Relevancia absoluta,0.0087720059996677,0.0086096418995617,-0.000162364100106,
490,0,0.0079654231667518,0.0084176491945981,0.5667765201511376,Solo secciones positivas,0.0161701770356068,0.0057445803943734,-0.0104255966412333,13.0
491,1,1.0,0.0084176491945981,-0.1048038378858437,Relevancia a secas,0.184571722231373,0.8524106210081502,0.6678388987767773,
491,1,1.0,0.0084176491945981,-0.1048038378858437,Relevancia absoluta,0.809673641694728,0.8069390684314487,-0.0027345732632793,
491,1,1.0,0.0084176491945981,-0.1048038378858437,Solo secciones positivas,0.068181823261814,0.9546702571890572,0.886488433927243,22.0
492,0,0.0119780553504824,0.0084176491945981,-8.262581243931933,Relevancia a secas,0.0550483778618702,0.0075892702702225,-0.0474591075916476,
492,0,0.0119780553504824,0.0084176491945981,-8.262581243931933,Relevancia absoluta,0.0042254995633912,0.0094944574456248,0.0052689578822335,
492,0,0.0119780553504824,0.0084176491945981,-8.262581243931933,Solo secciones positivas,0.1030808791518211,0.0087918554122249,-0.0942890237395962,15.0
493,0,0.0098746372386813,0.0084176491945981,-0.0314314933122559,Relevancia a secas,0.013813088596281,0.0061481565547486,-0.0076649320415324,
493,0,0.0098746372386813,0.0084176491945981,-0.0314314933122559,Relevancia absoluta,0.0065874494305009,0.0067929771935774,0.0002055277630764,
493,0,0.0098746372386813,0.0084176491945981,-0.0314314933122559,Solo secciones positivas,0.017228237974147,0.0056856840228041,-0.0115425539513429,15.0
494,1,1.0,0.0084176491945981,-0.7046114361646422,Relevancia a secas,0.4586896490066767,0.9854950639936658,0.5268054149869891,
494,1,1.0,0.0084176491945981,-0.7046114361646422,Relevancia absoluta,0.7602343645153775,0.8744979905572513,0.1142636260418737,
494,1,1.0,0.0084176491945981,-0.7046114361646422,Solo secciones positivas,0.1776737102440425,0.962701603770256,0.7850278935262135,14.0
495,0,0.0087966863065958,0.0084176491945981,-32.731951233796806,Relevancia a secas,0.3998539305691208,0.0069797532167285,-0.3928741773523923,
495,0,0.0087966863065958,0.0084176491945981,-32.731951233796806,Relevancia absoluta,0.01661459098437,0.009245312506599,-0.0073692784777709,
495,0,0.0087966863065958,0.0084176491945981,-32.731951233796806,Solo secciones positivas,0.622573145443485,0.0065250190174473,-0.6160481264260377,21.0
496,1,1.0,0.0084176491945981,-1.5568123195573087,Relevancia a secas,0.8751997925436525,0.985770167575942,0.1105703750322895,
496,1,1.0,0.0084176491945981,-1.5568123195573087,Relevancia absoluta,0.8195582826932272,0.9860618478722042,0.166503565178977,
496,1,1.0,0.0084176491945981,-1.5568123195573087,Solo secciones positivas,0.7658732855103582,0.9704437150674708,0.2045704295571125,17.0
497,0,0.0082302065566182,0.0084176491945981,0.3520683257508962,Relevancia a secas,0.0106494897045195,0.0073450962081551,-0.0033043934963643,
497,0,0.0082302065566182,0.0084176491945981,0.3520683257508962,Relevancia absoluta,0.0086035468589721,0.008268574032829,-0.0003349728261431,
497,0,0.0082302065566182,0.0084176491945981,0.3520683257508962,Solo secciones positivas,0.0131753662911554,0.0063948715881754,-0.0067804947029799,12.0
498,0,0.0084396824240684,0.0084176491945981,0.1090900052568804,Relevancia a secas,0.0097474018644009,0.008152368478477,-0.0015950333859239,
498,0,0.0084396824240684,0.0084176491945981,0.1090900052568804,Relevancia absoluta,0.0092189319165689,0.0085431769490242,-0.0006757549675447,
498,0,0.0084396824240684,0.0084176491945981,0.1090900052568804,Solo secciones positivas,0.0100670107640326,0.0074753321241587,-0.0025916786398738,8.0
499,0,0.0090301986783742,0.0084176491945981,0.1248454494393745,Relevancia a secas,0.0180288052134629,0.0052866127678296,-0.0127421924456333,
499,0,0.0090301986783742,0.0084176491945981,0.1248454494393745,Relevancia absoluta,0.008948364165715,0.0079862819079102,-0.0009620822578047,
499,0,0.0090301986783742,0.0084176491945981,0.1248454494393745,Solo secciones positivas,0.0241708518827662,0.0035799875554135,-0.0205908643273527,17.0
500,1,1.0,0.0084176491945981,-0.7193762444378361,Relevancia a secas,0.0192411309534931,0.9801786641279856,0.9609375331744924,
500,1,1.0,0.0084176491945981,-0.7193762444378361,Relevancia absoluta,0.468130371685421,0.968487979637252,0.5003576079518309,
500,1,1.0,0.0084176491945981,-0.7193762444378361,Solo secciones positivas,0.0250000406216973,0.975210440158844,0.9502103995371466,20.0
501,1,0.9999746084213256,0.0084176491945981,-0.4812324184876965,Relevancia a secas,0.4396700006619708,0.798037246520827,0.3583672458588561,
501,1,0.9999746084213256,0.0084176491945981,-0.4812324184876965,Relevancia absoluta,0.9146751800877015,0.782995690522972,-0.1316794895647295,
501,1,0.9999746084213256,0.0084176491945981,-0.4812324184876965,Solo secciones positivas,0.0277801529776285,0.9190157923019596,0.891235639324331,18.0
502,0,0.0096719060093164,0.0084176491945981,-0.8995774321396258,Relevancia a secas,0.1063227497118835,0.0105846271755025,-0.095738122536381,
502,0,0.0096719060093164,0.0084176491945981,-0.8995774321396258,Relevancia absoluta,0.0266700832920226,0.048124065532142,0.0214539822401194,
502,0,0.0096719060093164,0.0084176491945981,-0.8995774321396258,Solo secciones positivas,0.199404165148735,0.0047171796670681,-0.1946869854816668,16.0
503,1,1.0,0.0084176491945981,-0.3422348340773944,Relevancia a secas,0.2923094107214802,0.9306999544383466,0.6383905437168664,
503,1,1.0,0.0084176491945981,-0.3422348340773944,Relevancia absoluta,0.5165511570878292,0.9307000968272202,0.414148939739391,
503,1,1.0,0.0084176491945981,-0.3422348340773944,Solo secciones positivas,0.0250002098389018,0.8752599835541333,0.8502597737152314,20.0
504,0,0.0068166516721248,0.0084176491945981,0.5007349901493738,Relevancia a secas,0.0088338420674618,0.0072812600733919,-0.0015525819940699,
504,0,0.0068166516721248,0.0084176491945981,0.5007349901493738,Relevancia absoluta,0.007865302148275,0.0091858251382493,0.0013205229899742,
504,0,0.0068166516721248,0.0084176491945981,0.5007349901493738,Solo secciones positivas,0.0101757898496893,0.0063784520786542,-0.0037973377710351,13.0
505,0,0.0078465994447469,0.0084176491945981,0.2729716939250165,Relevancia a secas,0.0092815631715994,0.0083023990607923,-0.000979164110807,
505,0,0.0078465994447469,0.0084176491945981,0.2729716939250165,Relevancia absoluta,0.0080790011108749,0.0088775415594379,0.0007985404485629,
505,0,0.0078465994447469,0.0084176491945981,0.2729716939250165,Solo secciones positivas,0.0113028978230431,0.0064135724678635,-0.0048893253551796,8.0
506,0,0.0278224479407072,0.0084176491945981,-0.3706411944135624,Relevancia a secas,0.6241281062700889,0.3292676050724317,-0.2948605011976571,
506,0,0.0278224479407072,0.0084176491945981,-0.3706411944135624,Relevancia absoluta,0.2760856956657435,0.3815288997850277,0.1054432041192842,
506,0,0.0278224479407072,0.0084176491945981,-0.3706411944135624,Solo secciones positivas,0.9685114324092864,0.0002696175417554,-0.968241814867531,16.0
507,0,0.007758296560496,0.0084176491945981,0.6537183294432266,Relevancia a secas,0.009476879482261,0.0073542496085994,-0.0021226298736615,
507,0,0.007758296560496,0.0084176491945981,0.6537183294432266,Relevancia absoluta,0.0084416900450984,0.0078890493863986,-0.0005526406586998,
507,0,0.007758296560496,0.0084176491945981,0.6537183294432266,Solo secciones positivas,0.0120535652552332,0.0057920509550188,-0.0062615143002143,7.0
508,0,0.0070213037542998,0.0084176491945981,-68.76922293991313,Relevancia a secas,0.2726326975572322,0.0058407299786007,-0.2667919675786314,
508,0,0.0070213037542998,0.0084176491945981,-68.76922293991313,Relevancia absoluta,0.0070646266452968,0.0137005357870033,0.0066359091417065,
508,0,0.0070213037542998,0.0084176491945981,-68.76922293991313,Solo secciones positivas,0.5290779379908652,0.0043091267854084,-0.5247688112054567,17.0
509,0,0.0060444474220275,0.0084176491945981,-0.649245006106806,Relevancia a secas,0.5762916999584479,0.0263636182777337,-0.5499280816807142,
509,0,0.0060444474220275,0.0084176491945981,-0.649245006106806,Relevancia absoluta,0.3438549306398879,0.2644825985318877,-0.0793723321080001,
509,0,0.0060444474220275,0.0084176491945981,-0.649245006106806,Solo secciones positivas,0.9341808900237084,0.0401225562213848,-0.8940583338023234,20.0
510,1,1.0,0.0084176491945981,-0.5984214608438493,Relevancia a secas,0.0270520028110253,0.7365975181535963,0.7095455153425709,
510,1,1.0,0.0084176491945981,-0.5984214608438493,Relevancia absoluta,0.8378773834556341,0.8321662036519674,-0.0057111798036667,
510,1,1.0,0.0084176491945981,-0.5984214608438493,Solo secciones positivas,0.02341863134364,0.6352889354792124,0.6118703041355723,26.0
511,1,1.0,0.0084176491945981,-0.276360942999925,Relevancia a secas,0.16203104846598,0.9028943188022822,0.7408632703363022,
511,1,1.0,0.0084176491945981,-0.276360942999925,Relevancia absoluta,0.6214986330754312,0.819561356811711,0.1980627237362798,
511,1,1.0,0.0084176491945981,-0.276360942999925,Solo secciones positivas,0.0238138290403315,0.8335337537296471,0.8097199246893156,21.0
512,0,0.0198126323521137,0.0084176491945981,-0.7564769417445987,Relevancia a secas,0.419761509815645,0.0099883573550161,-0.4097731524606288,
512,0,0.0198126323521137,0.0084176491945981,-0.7564769417445987,Relevancia absoluta,0.1830699296616432,0.1119526379689988,-0.0711172916926443,
512,0,0.0198126323521137,0.0084176491945981,-0.7564769417445987,Solo secciones positivas,0.7602545246481895,0.0023972284656742,-0.7578572961825153,18.0
513,1,0.9769336581230164,0.0084176491945981,-0.496218240345938,Relevancia a secas,0.2559836612600337,0.9208980111612212,0.6649143499011876,
513,1,0.9769336581230164,0.0084176491945981,-0.496218240345938,Relevancia absoluta,0.5948746449365797,0.8275493629617275,0.2326747180251478,
513,1,0.9769336581230164,0.0084176491945981,-0.496218240345938,Solo secciones positivas,0.1117099684849639,0.8540790915489197,0.7423691230639557,15.0
514,0,0.0120954615995287,0.0084176491945981,-0.8915034483332445,Relevancia a secas,0.0892592337396409,0.009195564676904,-0.0800636690627369,
514,0,0.0120954615995287,0.0084176491945981,-0.8915034483332445,Relevancia absoluta,0.0122655983755571,0.0127818537876009,0.0005162554120437,
514,0,0.0120954615995287,0.0084176491945981,-0.8915034483332445,Solo secciones positivas,0.1457203814857884,0.0078889638871738,-0.1378314175986145,19.0
515,0,0.0092081166803836,0.0084176491945981,-0.1257773196170916,Relevancia a secas,0.0143152042957288,0.0086817495657929,-0.0056334547299359,
515,0,0.0092081166803836,0.0084176491945981,-0.1257773196170916,Relevancia absoluta,0.0128609922847577,0.0097363196579473,-0.0031246726268104,
515,0,0.0092081166803836,0.0084176491945981,-0.1257773196170916,Solo secciones positivas,0.0146065270528197,0.0071659071060518,-0.0074406199467678,15.0
516,0,0.0073710293509066,0.0084176491945981,0.2786319875969037,Relevancia a secas,0.0147067655860963,0.006647241107809,-0.0080595244782873,
516,0,0.0073710293509066,0.0084176491945981,0.2786319875969037,Relevancia absoluta,0.0097184001416381,0.0093253872020997,-0.0003930129395383,
516,0,0.0073710293509066,0.0084176491945981,0.2786319875969037,Solo secciones positivas,0.0179717705274621,0.0065623979039845,-0.0114093726234776,21.0
517,0,0.0243925061076879,0.0084176491945981,-0.5067026945299868,Relevancia a secas,0.6905211948841397,0.2210223440337257,-0.4694988508504139,
517,0,0.0243925061076879,0.0084176491945981,-0.5067026945299868,Relevancia absoluta,0.4650977798737586,0.6139285723782248,0.1488307925044662,
517,0,0.0243925061076879,0.0084176491945981,-0.5067026945299868,Solo secciones positivas,0.8046807659899486,0.0547032746154025,-0.7499774913745461,17.0
518,0,0.4954623579978943,0.0084176491945981,-0.903048953669131,Relevancia a secas,0.7927929425819052,0.3230044103233123,-0.4697885322585929,
518,0,0.4954623579978943,0.0084176491945981,-0.903048953669131,Relevancia absoluta,0.7361404935104979,0.825508141062326,0.089367647551828,
518,0,0.4954623579978943,0.0084176491945981,-0.903048953669131,Solo secciones positivas,0.910793574526906,0.0002630545941715,-0.9105305199327344,16.0
519,0,0.0072353836148977,0.0084176491945981,-52.9040834001702,Relevancia a secas,0.5066899343704183,0.0423559530431197,-0.4643339813272985,
519,0,0.0072353836148977,0.0084176491945981,-52.9040834001702,Relevancia absoluta,0.0079946594131696,0.0087251121230009,0.0007304527098312,
519,0,0.0072353836148977,0.0084176491945981,-52.9040834001702,Solo secciones positivas,0.656369370304876,0.0526416316904403,-0.6037277386144356,27.0
520,1,0.9999994039535522,0.0084176491945981,-1.3420291482157505,Relevancia a secas,0.4101986273598708,0.9477787606625092,0.5375801333026385,
520,1,0.9999994039535522,0.0084176491945981,-1.3420291482157505,Relevancia absoluta,0.7571233104499968,0.9059875677598432,0.1488642573098465,
520,1,0.9999994039535522,0.0084176491945981,-1.3420291482157505,Solo secciones positivas,0.2578850746536393,0.8894138791981865,0.6315288045445472,17.0
521,1,0.9999992847442628,0.0084176491945981,-0.5117313330156005,Relevancia a secas,0.1251169242409302,0.9861560066541036,0.8610390824131734,
521,1,0.9999992847442628,0.0084176491945981,-0.5117313330156005,Relevancia absoluta,0.2649111977212035,0.9612091233332952,0.6962979256120916,
521,1,0.9999992847442628,0.0084176491945981,-0.5117313330156005,Solo secciones positivas,0.2249999821189958,0.9752103865146636,0.7502104043956679,20.0
522,1,0.9998282194137572,0.0084176491945981,-1.002036455557088,Relevancia a secas,0.423591430185038,0.961809320582284,0.5382178903972459,
522,1,0.9998282194137572,0.0084176491945981,-1.002036455557088,Relevancia absoluta,0.854763406354727,0.7997346190742165,-0.0550287872805105,
522,1,0.9998282194137572,0.0084176491945981,-1.002036455557088,Solo secciones positivas,0.0357151992638918,0.9018426622663226,0.8661274630024307,14.0
523,0,0.1332259625196457,0.0084176491945981,-1.094829043350014,Relevancia a secas,0.85981455584988,0.6810043955216922,-0.1788101603281877,
523,0,0.1332259625196457,0.0084176491945981,-1.094829043350014,Relevancia absoluta,0.8291245072355701,0.8246866214192577,-0.0044378858163123,
523,0,0.1332259625196457,0.0084176491945981,-1.094829043350014,Solo secciones positivas,0.9698259075482684,0.4623806373216211,-0.5074452702266473,15.0
524,1,0.9688695073127748,0.0084176491945981,-0.5391691252113102,Relevancia a secas,0.0941460714163728,0.9848828663428626,0.8907367949264897,
524,1,0.9688695073127748,0.0084176491945981,-0.5391691252113102,Relevancia absoluta,0.0468525296510351,0.7801795770458725,0.7333270473948373,
524,1,0.9688695073127748,0.0084176491945981,-0.5391691252113102,Solo secciones positivas,0.0974788427391338,0.9669230182965598,0.8694441755574259,15.0
525,0,0.0077704568393528,0.0084176491945981,0.2816015779010336,Relevancia a secas,0.0087698108206192,0.007613159625584,-0.0011566511950352,
525,0,0.0077704568393528,0.0084176491945981,0.2816015779010336,Relevancia absoluta,0.008518029961528,0.0077594780337272,-0.0007585519278008,
525,0,0.0077704568393528,0.0084176491945981,0.2816015779010336,Solo secciones positivas,0.0096353736395637,0.0074140047654509,-0.0022213688741127,6.0
526,0,0.0254475623369216,0.0084176491945981,-0.3617823856326739,Relevancia a secas,0.3611914409324526,0.0465949867161855,-0.3145964542162671,
526,0,0.0254475623369216,0.0084176491945981,-0.3617823856326739,Relevancia absoluta,0.0299485105888119,0.103356868035293,0.073408357446481,
526,0,0.0254475623369216,0.0084176491945981,-0.3617823856326739,Solo secciones positivas,0.8566450528227367,0.0035333404084667,-0.85311171241427,13.0
527,1,1.0,0.0084176491945981,-0.9824467898305124,Relevancia a secas,0.1529515252578087,0.8287340148600228,0.6757824896022141,
527,1,1.0,0.0084176491945981,-0.9824467898305124,Relevancia absoluta,0.5875389999173125,0.2760251319607884,-0.3115138679565241,
527,1,1.0,0.0084176491945981,-0.9824467898305124,Solo secciones positivas,0.0295236590421101,0.8531887604754047,0.8236651014332946,17.0
528,0,0.007659391965717,0.0084176491945981,0.2022652946871858,Relevancia a secas,0.00823104034311,0.0079869440091507,-0.0002440963339592,
528,0,0.007659391965717,0.0084176491945981,0.2022652946871858,Relevancia absoluta,0.008158933996622,0.0080492976520742,-0.0001096363445477,
528,0,0.007659391965717,0.0084176491945981,0.2022652946871858,Solo secciones positivas,0.008306291885674,0.0079084213357418,-0.0003978705499321,2.0
529,1,1.0,0.0084176491945981,-0.885440945797774,Relevancia a secas,0.2657415181322587,0.958450245231183,0.6927087270989243,
529,1,1.0,0.0084176491945981,-0.885440945797774,Relevancia absoluta,0.7414424138454099,0.5413949333603775,-0.2000474804850324,
529,1,1.0,0.0084176491945981,-0.885440945797774,Solo secciones positivas,0.1159936020832078,0.8849391404969188,0.7689455384137109,13.0
530,0,0.0080244867131114,0.0084176491945981,-0.0166486421803159,Relevancia a secas,0.0084145324718621,0.008282668940309,-0.000131863531553,
530,0,0.0080244867131114,0.0084176491945981,-0.0166486421803159,Relevancia absoluta,0.0083299403906696,0.0083137046183562,-1.6235772313343347e-05,
530,0,0.0080244867131114,0.0084176491945981,-0.0166486421803159,Solo secciones positivas,0.0081142336130142,0.0083278333768248,0.0002135997638106,1.0
531,1,0.9999858140945436,0.0084176491945981,-0.7056250153608594,Relevancia a secas,0.3209537512925741,0.98619115849336,0.6652374072007858,
531,1,0.9999858140945436,0.0084176491945981,-0.7056250153608594,Relevancia absoluta,0.5018663015570283,0.8774460387549016,0.3755797371978733,
531,1,0.9999858140945436,0.0084176491945981,-0.7056250153608594,Solo secciones positivas,0.1097303887949515,0.9724558525615268,0.8627254637665753,18.0
532,0,0.0107761155813932,0.0084176491945981,-0.359969610203693,Relevancia a secas,0.3730012558969772,0.1416383115316016,-0.2313629443653755,
532,0,0.0107761155813932,0.0084176491945981,-0.359969610203693,Relevancia absoluta,0.019928141315985,0.0215982356263945,0.0016700943104094,
532,0,0.0107761155813932,0.0084176491945981,-0.359969610203693,Solo secciones positivas,0.7034593825228512,0.2687493925332092,-0.434709989989642,16.0
533,1,1.0,0.0084176491945981,-0.1774153000288857,Relevancia a secas,0.4258923745573589,0.9080125952346458,0.4821202206772869,
533,1,1.0,0.0084176491945981,-0.1774153000288857,Relevancia absoluta,0.3162696398030903,0.9019514405066682,0.5856818007035779,
533,1,1.0,0.0084176491945981,-0.1774153000288857,Solo secciones positivas,0.1948959008984999,0.9707977561389698,0.7759018552404698,17.0
534,0,0.0083982283249497,0.0084176491945981,-0.0502317888680983,Relevancia a secas,0.0083380255899909,0.0086676525210754,0.0003296269310845,
534,0,0.0083982283249497,0.0084176491945981,-0.0502317888680983,Relevancia absoluta,0.0083380255899909,0.0086676525210754,0.0003296269310845,
534,0,0.0083982283249497,0.0084176491945981,-0.0502317888680983,Solo secciones positivas,,,,0.0
535,1,0.7126750946044922,0.0084176491945981,-1.464042372014703,Relevancia a secas,0.4062755130280671,0.5439873143065294,0.1377118012784622,
535,1,0.7126750946044922,0.0084176491945981,-1.464042372014703,Relevancia absoluta,0.5421725307565389,0.6623310418896531,0.1201585111331141,
535,1,0.7126750946044922,0.0084176491945981,-1.464042372014703,Solo secciones positivas,0.2257714494154202,0.3230477968844593,0.097276347469039,17.0
536,1,0.998891532421112,0.0084176491945981,-0.6318400460898035,Relevancia a secas,0.0711719577086536,0.983439564704895,0.9122676069962414,
536,1,0.998891532421112,0.0084176491945981,-0.6318400460898035,Relevancia absoluta,0.5394156026369374,0.9553531664294296,0.415937563792492,
536,1,0.998891532421112,0.0084176491945981,-0.6318400460898035,Solo secciones positivas,0.026289700227918,0.9737156504078917,0.9474259501799736,19.0
537,0,0.0118011143058538,0.0084176491945981,-0.6881557493493757,Relevancia a secas,0.8330778259163101,0.2636039687773114,-0.5694738571389987,
537,0,0.0118011143058538,0.0084176491945981,-0.6881557493493757,Relevancia absoluta,0.5530723814542096,0.4302687023171327,-0.1228036791370768,
537,0,0.0118011143058538,0.0084176491945981,-0.6881557493493757,Solo secciones positivas,0.9102400192304662,0.0039381818924563,-0.9063018373380098,19.0
538,0,0.0079074036329984,0.0084176491945981,0.1146279867784202,Relevancia a secas,0.0083544638214839,0.0084721972234547,0.0001177334019707,
538,0,0.0079074036329984,0.0084176491945981,0.1146279867784202,Relevancia absoluta,0.0083968781271121,0.0084717370724926,7.48589453804828e-05,
538,0,0.0079074036329984,0.0084176491945981,0.1146279867784202,Solo secciones positivas,0.0083323068295915,0.0080980236331621,-0.0002342831964294,3.0
539,1,0.9985445737838744,0.0084176491945981,-0.8760590310068179,Relevancia a secas,0.3940818270081431,0.9721598434779378,0.5780780164697947,
539,1,0.9985445737838744,0.0084176491945981,-0.8760590310068179,Relevancia absoluta,0.8314214243501838,0.9682756538192432,0.1368542294690593,
539,1,0.9985445737838744,0.0084176491945981,-0.8760590310068179,Solo secciones positivas,0.2662753067490133,0.9523356826532454,0.6860603759042321,21.0
540,0,0.0080856410786509,0.0084176491945981,0.1514333074787334,Relevancia a secas,0.0087050001602619,0.0082157786107725,-0.0004892215494894,
540,0,0.0080856410786509,0.0084176491945981,0.1514333074787334,Relevancia absoluta,0.0087464926246967,0.0082059247781419,-0.0005405678465548,
540,0,0.0080856410786509,0.0084176491945981,0.1514333074787334,Solo secciones positivas,0.0088099989419182,0.0080262593304117,-0.0007837396115064,3.0
541,0,0.1031775623559951,0.0084176491945981,-0.678886094250989,Relevancia a secas,0.8228124595350689,0.3957570126158134,-0.4270554469192554,
541,0,0.1031775623559951,0.0084176491945981,-0.678886094250989,Relevancia absoluta,0.2284759491843985,0.5449243213395915,0.3164483721551929,
541,0,0.1031775623559951,0.0084176491945981,-0.678886094250989,Solo secciones positivas,0.9695777669548988,0.5274661458528414,-0.4421116211020575,16.0
542,1,0.5478664040565491,0.0084176491945981,-0.8441763096602266,Relevancia a secas,0.4746876110859949,0.4952502200740128,0.0205626089880178,
542,1,0.5478664040565491,0.0084176491945981,-0.8441763096602266,Relevancia absoluta,0.6847143800312674,0.6153204550550285,-0.0693939249762388,
542,1,0.5478664040565491,0.0084176491945981,-0.8441763096602266,Solo secciones positivas,0.1338254035630257,0.520483717769179,0.3866583142061533,17.0
543,1,0.98204505443573,0.0084176491945981,-1.4368580031213385,Relevancia a secas,0.4867271758218793,0.9821672936280568,0.4954401178061775,
543,1,0.98204505443573,0.0084176491945981,-1.4368580031213385,Relevancia absoluta,0.8132284121173952,0.871360203393528,0.0581317912761328,
543,1,0.98204505443573,0.0084176491945981,-1.4368580031213385,Solo secciones positivas,0.2123425893262342,0.9645863430840628,0.7522437537578286,14.0
544,0,0.0089655993506312,0.0084176491945981,-3.360223791279169,Relevancia a secas,0.0741336575657543,0.0074306335688258,-0.0667030239969285,
544,0,0.0089655993506312,0.0084176491945981,-3.360223791279169,Relevancia absoluta,0.0135179069151894,0.009102286473434,-0.0044156204417554,
544,0,0.0089655993506312,0.0084176491945981,-3.360223791279169,Solo secciones positivas,0.1272636502000846,0.0069278462201749,-0.1203358039799097,19.0
545,0,0.0086310058832168,0.0084176491945981,0.4023939722351757,Relevancia a secas,0.0100594196572071,0.0075906505290832,-0.0024687691281239,
545,0,0.0086310058832168,0.0084176491945981,0.4023939722351757,Relevancia absoluta,0.0090070504746917,0.0083189345896244,-0.0006881158850673,
545,0,0.0086310058832168,0.0084176491945981,0.4023939722351757,Solo secciones positivas,0.0116139219142496,0.0065934207756072,-0.0050205011386424,10.0
546,1,0.9980693459510804,0.0084176491945981,-0.6101850114555992,Relevancia a secas,0.0150200232645011,0.8703886624555002,0.855368639190999,
546,1,0.9980693459510804,0.0084176491945981,-0.6101850114555992,Relevancia absoluta,0.0353813572478429,0.7938819583893444,0.7585006011415014,
546,1,0.9980693459510804,0.0084176491945981,-0.6101850114555992,Solo secciones positivas,0.0237781056479591,0.9176427473402804,0.8938646416923213,21.0
547,1,0.9996159076690674,0.0084176491945981,-0.6313189867892703,Relevancia a secas,0.4038809931383742,0.4773589652322698,0.0734779720938956,
547,1,0.9996159076690674,0.0084176491945981,-0.6313189867892703,Relevancia absoluta,0.1721087008610185,0.7967751700133603,0.6246664691523418,
547,1,0.9996159076690674,0.0084176491945981,-0.6313189867892703,Solo secciones positivas,0.0294005177181679,0.4858937123927342,0.4564931946745663,17.0
548,0,0.0124738877639174,0.0084176491945981,-1.1382762415182597,Relevancia a secas,0.3134533388591889,0.2399439928121864,-0.0735093460470024,
548,0,0.0124738877639174,0.0084176491945981,-1.1382762415182597,Relevancia absoluta,0.2217822789938913,0.4323404037083189,0.2105581247144275,
548,0,0.0124738877639174,0.0084176491945981,-1.1382762415182597,Solo secciones positivas,0.5487129405140875,0.3164070412516593,-0.2323058992624281,20.0
549,0,0.0079387631267309,0.0084176491945981,0.2457982496376768,Relevancia a secas,0.0085241344705637,0.0080005393311795,-0.0005235951393842,
549,0,0.0079387631267309,0.0084176491945981,0.2457982496376768,Relevancia absoluta,0.0083931989631512,0.0080725904036727,-0.0003206085594784,
549,0,0.0079387631267309,0.0084176491945981,0.2457982496376768,Solo secciones positivas,0.0088336803019046,0.0076171020045876,-0.001216578297317,4.0
550,0,0.0080283898860216,0.0084176491945981,-0.0174959403284282,Relevancia a secas,0.0083707969946165,0.00824572195092,-0.0001250750436964,
550,0,0.0080283898860216,0.0084176491945981,-0.0174959403284282,Relevancia absoluta,0.008374058538013,0.0082425797202934,-0.0001314788177195,
550,0,0.0080283898860216,0.0084176491945981,-0.0174959403284282,Solo secciones positivas,0.0081936586648225,0.008280586451292,8.692778646945953e-05,1.0
551,0,0.014322018250823,0.0084176491945981,-1.566268290565212,Relevancia a secas,0.4096051406684434,0.0079573443529928,-0.4016477963154506,
551,0,0.014322018250823,0.0084176491945981,-1.566268290565212,Relevancia absoluta,0.0123927145161562,0.0350117375815494,0.0226190230653931,
551,0,0.014322018250823,0.0084176491945981,-1.566268290565212,Solo secciones positivas,0.6223584423246591,0.0033804064386577,-0.6189780358860013,23.0
552,1,1.0,0.0084176491945981,-0.6510351166922517,Relevancia a secas,0.5026207644589223,0.9862280090649924,0.4836072446060699,
552,1,1.0,0.0084176491945981,-0.6510351166922517,Relevancia absoluta,0.7947328228167155,0.9862279362148708,0.1914951133981552,
552,1,1.0,0.0084176491945981,-0.6510351166922517,Solo secciones positivas,0.2856904119683676,0.9618622156289908,0.6761718036606231,13.0
553,0,0.0078602908179163,0.0084176491945981,0.0528219402552611,Relevancia a secas,0.0081751078962244,0.0081058468074641,-6.926108876036119e-05,
553,0,0.0078602908179163,0.0084176491945981,0.0528219402552611,Relevancia absoluta,0.0080509076619313,0.0082067105815642,0.0001558029196328,
553,0,0.0078602908179163,0.0084176491945981,0.0528219402552611,Solo secciones positivas,0.0084012659887472,0.0080267911156018,-0.0003744748731454,3.0
554,0,0.0114836022257804,0.0084176491945981,-1.8379418980997,Relevancia a secas,0.3292417062394734,0.0074636455069089,-0.3217780607325645,
554,0,0.0114836022257804,0.0084176491945981,-1.8379418980997,Relevancia absoluta,0.008263579246381,0.0172841787700437,0.0090205995236626,
554,0,0.0114836022257804,0.0084176491945981,-1.8379418980997,Solo secciones positivas,0.6174124389265974,0.0029674423179433,-0.6144449966086539,18.0
555,0,0.0068972958251833,0.0084176491945981,-0.7520469675011237,Relevancia a secas,0.2853637555614113,0.149914129490831,-0.1354496260705803,
555,0,0.0068972958251833,0.0084176491945981,-0.7520469675011237,Relevancia absoluta,0.0099207704354609,0.0082270845903881,-0.0016936858450727,
555,0,0.0068972958251833,0.0084176491945981,-0.7520469675011237,Solo secciones positivas,0.5010203325792271,0.2549792116727022,-0.2460411209065248,17.0
556,1,0.9999784231185912,0.0084176491945981,-0.4061145960630318,Relevancia a secas,0.3616973349183537,0.761012676173992,0.3993153412556383,
556,1,0.9999784231185912,0.0084176491945981,-0.4061145960630318,Relevancia absoluta,0.6249144236308996,0.7916644685190273,0.1667500448881277,
556,1,0.9999784231185912,0.0084176491945981,-0.4061145960630318,Solo secciones positivas,0.031251542707567,0.473302985785196,0.4420514430776289,16.0
557,0,0.0076389014720916,0.0084176491945981,-0.7370466804309675,Relevancia a secas,0.1346312014955199,0.0255949816200882,-0.1090362198754317,
557,0,0.0076389014720916,0.0084176491945981,-0.7370466804309675,Relevancia absoluta,0.0235391563425461,0.0363712621102523,0.0128321057677062,
557,0,0.0076389014720916,0.0084176491945981,-0.7370466804309675,Solo secciones positivas,0.2283521802409699,0.0286828477523828,-0.199669332488587,19.0
558,1,0.7714777588844299,0.0084176491945981,-1.4309916680145462,Relevancia a secas,0.01120325775533,0.5483193345135078,0.5371160767581777,
558,1,0.7714777588844299,0.0084176491945981,-1.4309916680145462,Relevancia absoluta,0.0139687671310912,0.4594861823522175,0.4455174152211263,
558,1,0.7714777588844299,0.0084176491945981,-1.4309916680145462,Solo secciones positivas,0.0205210548376086,0.6915044642151579,0.6709834093775492,19.0
559,1,0.9998680353164672,0.0084176491945981,-0.7759542905922802,Relevancia a secas,0.2685700630467588,0.9861740006340872,0.7176039375873285,
559,1,0.9998680353164672,0.0084176491945981,-0.7759542905922802,Relevancia absoluta,0.8162714199602811,0.9583348161799626,0.1420633962196815,
559,1,0.9998680353164672,0.0084176491945981,-0.7759542905922802,Solo secciones positivas,0.0298556583244733,0.972454223367903,0.9425985650434296,18.0
560,1,0.9999992847442628,0.0084176491945981,-0.8104371049175573,Relevancia a secas,0.3638048891815169,0.8495699068945315,0.4857650177130146,
560,1,0.9999992847442628,0.0084176491945981,-0.8104371049175573,Relevancia absoluta,0.8962387608157264,0.7805078457523552,-0.1157309150633711,
560,1,0.9999992847442628,0.0084176491945981,-0.8104371049175573,Solo secciones positivas,0.2868045588955283,0.7298806997016072,0.4430761408060788,20.0
561,0,0.0082237450405955,0.0084176491945981,0.1604506674294797,Relevancia a secas,0.0084746343652821,0.0085166771378782,4.204277259607994e-05,
561,0,0.0082237450405955,0.0084176491945981,0.1604506674294797,Relevancia absoluta,0.0083597157047026,0.008555034485956,0.0001953187812533,
561,0,0.0082237450405955,0.0084176491945981,0.1604506674294797,Solo secciones positivas,0.0088240973030527,0.008008739290138,-0.0008153580129146,3.0
562,1,0.9999998807907104,0.0084176491945981,-1.1062519631113017,Relevancia a secas,0.2362462072848258,0.8469528859387638,0.610706678653938,
562,1,0.9999998807907104,0.0084176491945981,-1.1062519631113017,Relevancia absoluta,0.2362289903390725,0.9857355463835928,0.7495065560445202,
562,1,0.9999998807907104,0.0084176491945981,-1.1062519631113017,Solo secciones positivas,0.0625053580825806,0.7704293860292637,0.7079240279466831,24.0
563,1,1.0,0.0084176491945981,-0.6357593253398818,Relevancia a secas,0.4971386579751793,0.9862265752421484,0.4890879172669692,
563,1,1.0,0.0084176491945981,-0.6357593253398818,Relevancia absoluta,0.7526910572519732,0.9804635379049512,0.2277724806529781,
563,1,1.0,0.0084176491945981,-0.6357593253398818,Solo secciones positivas,0.0999998847777465,0.9669437805811564,0.8669438958034098,15.0
564,0,0.0074234376661479,0.0084176491945981,0.3303632075070434,Relevancia a secas,0.0116223891132644,0.0079419785844428,-0.0036804105288216,
564,0,0.0074234376661479,0.0084176491945981,0.3303632075070434,Relevancia absoluta,0.0100039138325623,0.0084633460268378,-0.0015405678057244,
564,0,0.0074234376661479,0.0084176491945981,0.3303632075070434,Solo secciones positivas,0.0128495627297804,0.0064183254726231,-0.0064312372571573,13.0
565,0,0.0075921472162008,0.0084176491945981,-3.769670962091401,Relevancia a secas,0.0888815185624278,0.0033685083287006,-0.0855130102337271,
565,0,0.0075921472162008,0.0084176491945981,-3.769670962091401,Relevancia absoluta,0.0081936794255549,0.0106117748526028,0.0024180954270478,
565,0,0.0075921472162008,0.0084176491945981,-3.769670962091401,Solo secciones positivas,0.1406281518173359,0.0007849004113744,-0.1398432514059615,21.0
566,0,0.0090847155079245,0.0084176491945981,0.293782739253936,Relevancia a secas,0.0112842364210842,0.008764302655537,-0.0025199337655471,
566,0,0.0090847155079245,0.0084176491945981,0.293782739253936,Relevancia absoluta,0.0080170342181291,0.0113968471220384,0.0033798129039092,
566,0,0.0090847155079245,0.0084176491945981,0.293782739253936,Solo secciones positivas,0.0154407233155022,0.0069984174333512,-0.0084423058821509,12.0
567,1,0.9999550580978394,0.0084176491945981,-0.3972432595816276,Relevancia a secas,0.2621285816337535,0.947476680080096,0.6853480984463425,
567,1,0.9999550580978394,0.0084176491945981,-0.3972432595816276,Relevancia absoluta,0.5164820870744534,0.9281472166379292,0.4116651295634758,
567,1,0.9999550580978394,0.0084176491945981,-0.3972432595816276,Solo secciones positivas,0.0278969977638315,0.8949555233120918,0.8670585255482602,18.0
568,0,0.0123877637088298,0.0084176491945981,-52.815247794526464,Relevancia a secas,0.2479868240471761,0.0091320523448909,-0.2388547717022851,
568,0,0.0123877637088298,0.0084176491945981,-52.815247794526464,Relevancia absoluta,0.0081923835225299,0.0259299615087608,0.0177375779862308,
568,0,0.0123877637088298,0.0084176491945981,-52.815247794526464,Solo secciones positivas,0.6449099963960739,0.0126025812843671,-0.6323074151117068,13.0
569,1,0.999990701675415,0.0084176491945981,-0.4041922248367942,Relevancia a secas,0.0140269608538577,0.859751865972713,0.8457249051188553,
569,1,0.999990701675415,0.0084176491945981,-0.4041922248367942,Relevancia absoluta,0.1010673943730151,0.8322833992177884,0.7312160048447732,
569,1,0.999990701675415,0.0084176491945981,-0.4041922248367942,Solo secciones positivas,0.0277790566600452,0.9167649427739284,0.8889858861138831,18.0
570,1,0.999975562095642,0.0084176491945981,-1.3767729789862762,Relevancia a secas,0.1375015022728068,0.9829830717709328,0.8454815694981259,
570,1,0.999975562095642,0.0084176491945981,-1.3767729789862762,Relevancia absoluta,0.7934001963326914,0.7883296500787966,-0.0050705462538948,
570,1,0.999975562095642,0.0084176491945981,-1.3767729789862762,Solo secciones positivas,0.0263329788037955,0.9677615997038388,0.9414286209000432,19.0
571,0,0.0074521666392683,0.0084176491945981,0.2440770797518352,Relevancia a secas,0.0111285626577834,0.0072605283025445,-0.0038680343552389,
571,0,0.0074521666392683,0.0084176491945981,0.2440770797518352,Relevancia absoluta,0.0080806073318752,0.0081657324788264,8.512514695111287e-05,
571,0,0.0074521666392683,0.0084176491945981,0.2440770797518352,Solo secciones positivas,0.0148304597740726,0.0066873521011854,-0.0081431076728871,14.0
572,1,1.0,0.0084176491945981,-0.5863472444619046,Relevancia a secas,0.2081248673235065,0.9584472987852576,0.7503224314617511,
572,1,1.0,0.0084176491945981,-0.5863472444619046,Relevancia absoluta,0.6644728734139121,0.7967141635520724,0.1322412901381602,
572,1,1.0,0.0084176491945981,-0.5863472444619046,Solo secciones positivas,0.2487071186688562,0.8931577835631158,0.6444506648942596,14.0
573,0,0.01086410228163,0.0084176491945981,-0.7949038578014864,Relevancia a secas,0.6604841297440646,0.0796251985108635,-0.5808589312332011,
573,0,0.01086410228163,0.0084176491945981,-0.7949038578014864,Relevancia absoluta,0.6832882191261483,0.6922898820549663,0.0090016629288179,
573,0,0.01086410228163,0.0084176491945981,-0.7949038578014864,Solo secciones positivas,0.9654140998335444,0.1384932261905359,-0.8269208736430087,17.0
574,1,1.0,0.0084176491945981,-0.164645663277527,Relevancia a secas,0.2266767822933428,0.9861916369862028,0.7595148546928598,
574,1,1.0,0.0084176491945981,-0.164645663277527,Relevancia absoluta,0.2231304679200446,0.7256763580311758,0.5025458901111312,
574,1,1.0,0.0084176491945981,-0.164645663277527,Solo secciones positivas,0.0294117648007247,0.9708358119515812,0.9414240471508564,17.0
575,1,0.777336597442627,0.0084176491945981,-0.9381359136550672,Relevancia a secas,0.2885620344407619,0.8624427735170078,0.5738807390762459,
575,1,0.777336597442627,0.0084176491945981,-0.9381359136550672,Relevancia absoluta,0.7867796342406008,0.7240444043030341,-0.0627352299375667,
575,1,0.777336597442627,0.0084176491945981,-0.9381359136550672,Solo secciones positivas,0.4046236258389897,0.930975466966629,0.5263518411276393,18.0
576,0,0.0075909476727247,0.0084176491945981,-2.4921132105258765,Relevancia a secas,0.1180869613641074,0.0116353901369231,-0.1064515712271843,
576,0,0.0075909476727247,0.0084176491945981,-2.4921132105258765,Relevancia absoluta,0.0087520960984485,0.0092922476519431,0.0005401515534945,
576,0,0.0075909476727247,0.0084176491945981,-2.4921132105258765,Solo secciones positivas,0.1936718923039734,0.0139020963106304,-0.179769795993343,20.0
577,1,1.0,0.0084176491945981,-0.5513273324466057,Relevancia a secas,0.4906853586157196,0.9862280223104688,0.4955426636947493,
577,1,1.0,0.0084176491945981,-0.5513273324466057,Relevancia absoluta,0.653589706790323,0.7084077000618186,0.0548179932714956,
577,1,1.0,0.0084176491945981,-0.5513273324466057,Solo secciones positivas,0.1106074109846985,0.9669472535451252,0.8563398425604268,15.0
578,1,1.0,0.0084176491945981,-0.1369032761951799,Relevancia a secas,0.3314980250459389,0.9584851796195532,0.6269871545736142,
578,1,1.0,0.0084176491945981,-0.1369032761951799,Relevancia absoluta,0.4901399282561113,0.9029510410829162,0.4128111128268049,
578,1,1.0,0.0084176491945981,-0.1369032761951799,Solo secciones positivas,0.0852776287273161,0.9120862766388148,0.8268086479114986,17.0
579,1,0.9999991655349731,0.0084176491945981,-1.0255875789324052,Relevancia a secas,0.4276169804016997,0.958543528440512,0.5309265480388121,
579,1,0.9999991655349731,0.0084176491945981,-1.0255875789324052,Relevancia absoluta,0.8485068175941705,0.7195887601113362,-0.1289180574828342,
579,1,0.9999991655349731,0.0084176491945981,-1.0255875789324052,Solo secciones positivas,0.027123674955812,0.9214509179521548,0.8943272429963428,19.0
580,0,0.0093189626932144,0.0084176491945981,-1.1464342272157135,Relevancia a secas,0.3442024932139449,0.311850286502805,-0.0323522067111398,
580,0,0.0093189626932144,0.0084176491945981,-1.1464342272157135,Relevancia absoluta,0.0575523141047192,0.1309616387976954,0.0734093246929761,
580,0,0.0093189626932144,0.0084176491945981,-1.1464342272157135,Solo secciones positivas,0.4457342119558769,0.3171767685562372,-0.1285574433996397,17.0
581,1,0.9999992847442628,0.0084176491945981,-1.0895826554846004,Relevancia a secas,0.2092675672807623,0.8857005506288261,0.6764329833480638,
581,1,0.9999992847442628,0.0084176491945981,-1.0895826554846004,Relevancia absoluta,0.9861354596085018,0.5574200750263247,-0.428715384582177,
581,1,0.9999992847442628,0.0084176491945981,-1.0895826554846004,Solo secciones positivas,0.0677335104184526,0.8129645536484367,0.745231043229984,22.0
582,0,0.0102399326860904,0.0084176491945981,-1.2894464302770807,Relevancia a secas,0.8739949179451084,0.7391828776388947,-0.1348120403062137,
582,0,0.0102399326860904,0.0084176491945981,-1.2894464302770807,Relevancia absoluta,0.6231780511120126,0.8901964279357344,0.2670183768237217,
582,0,0.0102399326860904,0.0084176491945981,-1.2894464302770807,Solo secciones positivas,0.9749084651470185,0.9116062700748442,-0.0633021950721742,20.0
583,0,0.0109380390495061,0.0084176491945981,-1.359624523515656,Relevancia a secas,0.0540989053746064,0.0151983755640685,-0.0389005298105379,
583,0,0.0109380390495061,0.0084176491945981,-1.359624523515656,Relevancia absoluta,0.0113721642022331,0.0104571543116536,-0.0009150098905795,
583,0,0.0109380390495061,0.0084176491945981,-1.359624523515656,Solo secciones positivas,0.1011581142743428,0.021062714792788,-0.0800953994815548,15.0
584,0,0.0084597943350672,0.0084176491945981,-0.0103638129870206,Relevancia a secas,0.0085381110612716,0.0084153276919904,-0.0001227833692812,
584,0,0.0084597943350672,0.0084176491945981,-0.0103638129870206,Relevancia absoluta,0.0085425232019689,0.0084068352718734,-0.0001356879300955,
584,0,0.0084597943350672,0.0084176491945981,-0.0103638129870206,Solo secciones positivas,0.0086531210690736,0.0083186477422714,-0.0003344733268022,1.0
585,0,0.0099574942141771,0.0084176491945981,-0.9772602406458244,Relevancia a secas,0.459882205458624,0.0732537067827902,-0.3866284986758338,
585,0,0.0099574942141771,0.0084176491945981,-0.9772602406458244,Relevancia absoluta,0.3276919537090829,0.4706595725446407,0.1429676188355577,
585,0,0.0099574942141771,0.0084176491945981,-0.9772602406458244,Solo secciones positivas,0.3957981483682113,0.0111458320444559,-0.3846523163237554,17.0
586,0,0.0089579429477453,0.0084176491945981,0.2263667628191026,Relevancia a secas,0.0091490255047877,0.0085397498138869,-0.0006092756909007,
586,0,0.0089579429477453,0.0084176491945981,0.2263667628191026,Relevancia absoluta,0.00896060340003,0.008688616230049,-0.000271987169981,
586,0,0.0089579429477453,0.0084176491945981,0.2263667628191026,Solo secciones positivas,0.0099449850618839,0.0076186564750969,-0.0023263285867869,5.0
587,0,0.0070124790072441,0.0084176491945981,-0.0969579440077926,Relevancia a secas,0.0187245450115629,0.0078171479648777,-0.0109073970466852,
587,0,0.0070124790072441,0.0084176491945981,-0.0969579440077926,Relevancia absoluta,0.0091727341924394,0.0083589171192475,-0.0008138170731919,
587,0,0.0070124790072441,0.0084176491945981,-0.0969579440077926,Solo secciones positivas,0.0221802863182828,0.0075141385690692,-0.0146661477492136,17.0
588,1,0.5999552011489868,0.0084176491945981,-0.9017131492689604,Relevancia a secas,0.4526309921848962,0.8497927886330419,0.3971617964481456,
588,1,0.5999552011489868,0.0084176491945981,-0.9017131492689604,Relevancia absoluta,0.6741348809348218,0.8251371768613657,0.1510022959265439,
588,1,0.5999552011489868,0.0084176491945981,-0.9017131492689604,Solo secciones positivas,0.0927268373130302,0.9644784714494432,0.871751634136413,14.0
589,0,0.0099333841353654,0.0084176491945981,0.2601082072792683,Relevancia a secas,0.024365490871585,0.0047813443751591,-0.0195841464964259,
589,0,0.0099333841353654,0.0084176491945981,0.2601082072792683,Relevancia absoluta,0.0074648453543583,0.0085519317330585,0.0010870863787002,
589,0,0.0099333841353654,0.0084176491945981,0.2601082072792683,Solo secciones positivas,0.0352759464202742,0.0031435879952225,-0.0321323584250517,19.0
590,0,0.007391613908112,0.0084176491945981,0.3991258322139216,Relevancia a secas,0.0126485572610464,0.0053477051098727,-0.0073008521511736,
590,0,0.007391613908112,0.0084176491945981,0.3991258322139216,Relevancia absoluta,0.0097159794790463,0.0072341517726373,-0.0024818277064089,
590,0,0.007391613908112,0.0084176491945981,0.3991258322139216,Solo secciones positivas,0.0165485332075219,0.0045850094801817,-0.0119635237273401,13.0
591,1,1.0,0.0084176491945981,-1.0296565025585855,Relevancia a secas,0.2019560898574646,0.6512979969026496,0.4493419070451849,
591,1,1.0,0.0084176491945981,-1.0296565025585855,Relevancia absoluta,0.3992185892159223,0.709178787596306,0.3099601983803837,
591,1,1.0,0.0084176491945981,-1.0296565025585855,Solo secciones positivas,0.3989609403860817,0.8026698814161743,0.4037089410300926,18.0
592,1,1.0,0.0084176491945981,-0.3213937798502156,Relevancia a secas,0.3630717234529817,0.9307160087272576,0.567644285274276,
592,1,1.0,0.0084176491945981,-0.3213937798502156,Relevancia absoluta,0.5328791845822707,0.8753277371069998,0.3424485525247291,
592,1,1.0,0.0084176491945981,-0.3213937798502156,Solo secciones positivas,0.0277778575657488,0.8614320173122298,0.8336541597464809,18.0
593,1,1.0,0.0084176491945981,-0.4776464632874582,Relevancia a secas,0.0760632107105596,0.919344915697972,0.8432817049874123,
593,1,1.0,0.0084176491945981,-0.4776464632874582,Relevancia absoluta,0.5851234887314335,0.9686488811340596,0.3835253924026262,
593,1,1.0,0.0084176491945981,-0.4776464632874582,Solo secciones positivas,0.124866445229537,0.9365449340807068,0.8116784888511697,18.0
594,1,0.9863961935043336,0.0084176491945981,-0.5366723870928727,Relevancia a secas,0.1835016439429763,0.9214070745899032,0.7379054306469268,
594,1,0.9863961935043336,0.0084176491945981,-0.5366723870928727,Relevancia absoluta,0.855811088035504,0.8145925142000325,-0.0412185738354714,
594,1,0.9863961935043336,0.0084176491945981,-0.5366723870928727,Solo secciones positivas,0.0246602330811264,0.8640768424142152,0.8394166093330888,20.0
595,1,1.0,0.0084176491945981,-0.9193057836757051,Relevancia a secas,0.1259966476040342,0.9581149028769383,0.8321182552729043,
595,1,1.0,0.0084176491945981,-0.9193057836757051,Relevancia absoluta,0.2700955677702402,0.948008014794646,0.6779124470244058,
595,1,1.0,0.0084176491945981,-0.9193057836757051,Solo secciones positivas,0.2482195035960454,0.9169004902554057,0.6686809866593602,18.0
596,0,0.012497435323894,0.0084176491945981,-0.3036103204389427,Relevancia a secas,0.7294705913971281,0.0689324632296302,-0.6605381281674979,
596,0,0.012497435323894,0.0084176491945981,-0.3036103204389427,Relevancia absoluta,0.2882781507602582,0.7317547078710049,0.4434765571107467,
596,0,0.012497435323894,0.0084176491945981,-0.3036103204389427,Solo secciones positivas,0.8880228914908672,0.0002372707568889,-0.8877856207339783,19.0
597,0,0.0081796236336231,0.0084176491945981,-0.0660596849122859,Relevancia a secas,0.0082560359367302,0.0084435430488416,0.0001875071121113,
597,0,0.0081796236336231,0.0084176491945981,-0.0660596849122859,Relevancia absoluta,0.0082560359367302,0.0084435430488416,0.0001875071121113,
597,0,0.0081796236336231,0.0084176491945981,-0.0660596849122859,Solo secciones positivas,,,,0.0
598,1,0.9999996423721312,0.0084176491945981,-0.2976741412065675,Relevancia a secas,0.2867981311832775,0.9861011803150176,0.6993030491317402,
598,1,0.9999996423721312,0.0084176491945981,-0.2976741412065675,Relevancia absoluta,0.4546804093487694,0.9860994153552584,0.531419006006489,
598,1,0.9999996423721312,0.0084176491945981,-0.2976741412065675,Solo secciones positivas,0.0238339418227823,0.976173460483551,0.9523395186607688,21.0
599,0,0.0084443092346191,0.0084176491945981,-0.0636968776395844,Relevancia a secas,0.0164664609926856,0.0095173174825807,-0.0069491435101048,
599,0,0.0084443092346191,0.0084176491945981,-0.0636968776395844,Relevancia absoluta,0.0089985320551527,0.0114278400109873,0.0024293079558345,
599,0,0.0084443092346191,0.0084176491945981,-0.0636968776395844,Solo secciones positivas,0.0209084672128988,0.009439372871485,-0.0114690943414138,18.0
600,0,0.0068020434118807,0.0084176491945981,-0.8312180102334358,Relevancia a secas,0.0230615401330093,0.0060149735848729,-0.0170465665481363,
600,0,0.0068020434118807,0.0084176491945981,-0.8312180102334358,Relevancia absoluta,0.0071931129399066,0.0082416752896582,0.0010485623497515,
600,0,0.0068020434118807,0.0084176491945981,-0.8312180102334358,Solo secciones positivas,0.0378702487214468,0.0059907401737291,-0.0318795085477177,16.0
601,0,0.0121641186997294,0.0084176491945981,-0.9801441034750829,Relevancia a secas,0.0645189843295762,0.0146847020110322,-0.049834282318544,
601,0,0.0121641186997294,0.0084176491945981,-0.9801441034750829,Relevancia absoluta,0.078169606703644,0.1005012401793566,0.0223316334757125,
601,0,0.0121641186997294,0.0084176491945981,-0.9801441034750829,Solo secciones positivas,0.1083172430517152,0.0122250381973572,-0.0960922048543579,16.0
602,1,0.9999997615814208,0.0084176491945981,-0.1013555232840326,Relevancia a secas,0.1079842120361623,0.9862143264876472,0.8782301144514848,
602,1,0.9999997615814208,0.0084176491945981,-0.1013555232840326,Relevancia absoluta,0.8881988508833779,0.8350050877779721,-0.0531937631054058,
602,1,0.9999997615814208,0.0084176491945981,-0.1013555232840326,Solo secciones positivas,0.0238095182628026,0.9763674338658652,0.9525579156030624,21.0
603,1,0.9943511486053468,0.0084176491945981,-0.575396569967408,Relevancia a secas,0.0694828995848526,0.8546609357775498,0.7851780361926971,
603,1,0.9943511486053468,0.0084176491945981,-0.575396569967408,Relevancia absoluta,0.4947977687155953,0.4056602664738185,-0.0891375022417767,
603,1,0.9943511486053468,0.0084176491945981,-0.575396569967408,Solo secciones positivas,0.0292456185117541,0.9708357348161584,0.9415901163044044,17.0
604,0,0.0080921184271574,0.0084176491945981,0.3081581982697652,Relevancia a secas,0.0118902720148778,0.007608807606933,-0.0042814644079448,
604,0,0.0080921184271574,0.0084176491945981,0.3081581982697652,Relevancia absoluta,0.0090400736727234,0.0093344619445916,0.0002943882718682,
604,0,0.0080921184271574,0.0084176491945981,0.3081581982697652,Solo secciones positivas,0.0154515419022313,0.0068406968244484,-0.0086108450777828,14.0
605,1,0.994698166847229,0.0084176491945981,-0.9605415895888127,Relevancia a secas,0.2439775944585566,0.9661684222519396,0.722190827793383,
605,1,0.994698166847229,0.0084176491945981,-0.9605415895888127,Relevancia absoluta,0.7094507019234393,0.9172340453498894,0.2077833434264501,
605,1,0.994698166847229,0.0084176491945981,-0.9605415895888127,Solo secciones positivas,0.1465181548458108,0.9240503553301096,0.7775322004842988,16.0
606,0,0.0162606425583362,0.0084176491945981,-0.5744023395650861,Relevancia a secas,0.6651246004686172,0.2010894487611949,-0.4640351517074222,
606,0,0.0162606425583362,0.0084176491945981,-0.5744023395650861,Relevancia absoluta,0.2168178843955198,0.1710242711059335,-0.0457936132895863,
606,0,0.0162606425583362,0.0084176491945981,-0.5744023395650861,Solo secciones positivas,0.9456275319275648,0.2505251607331245,-0.6951023711944404,23.0
607,0,0.0163290873169899,0.0084176491945981,-0.4456485587471085,Relevancia a secas,0.0118117220182385,0.011292400408441,-0.0005193216097975,
607,0,0.0163290873169899,0.0084176491945981,-0.4456485587471085,Relevancia absoluta,0.0080324773185162,0.0137428186588092,0.005710341340293,
607,0,0.0163290873169899,0.0084176491945981,-0.4456485587471085,Solo secciones positivas,0.0194971604893604,0.0006079692454932,-0.0188891912438672,12.0
608,0,0.0488963276147842,0.0084176491945981,-0.7787747957320671,Relevancia a secas,0.6095025419878464,0.117834773666497,-0.4916677683213493,
608,0,0.0488963276147842,0.0084176491945981,-0.7787747957320671,Relevancia absoluta,0.2143947970212644,0.0112046749704985,-0.2031901220507658,
608,0,0.0488963276147842,0.0084176491945981,-0.7787747957320671,Solo secciones positivas,0.7537949275639323,0.0038701297720156,-0.7499247977919166,18.0
609,0,0.0081360060721635,0.0084176491945981,-0.9326971048533526,Relevancia a secas,0.4283147370184048,0.0841502957175382,-0.3441644413008665,
609,0,0.0081360060721635,0.0084176491945981,-0.9326971048533526,Relevancia absoluta,0.011100678704679,0.0112434386133423,0.0001427599086633,
609,0,0.0081360060721635,0.0084176491945981,-0.9326971048533526,Solo secciones positivas,0.8126823882468873,0.1352435261683745,-0.6774388620785128,18.0
610,1,0.9999953508377076,0.0084176491945981,-0.7195562209480872,Relevancia a secas,0.2657172852397404,0.8865976391567124,0.620880353916972,
610,1,0.9999953508377076,0.0084176491945981,-0.7195562209480872,Relevancia absoluta,0.6846906102513718,0.7178447054616232,0.0331540952102513,
610,1,0.9999953508377076,0.0084176491945981,-0.7195562209480872,Solo secciones positivas,0.3055537641048431,0.9496914098660152,0.644137645761172,18.0
611,1,0.9998376369476318,0.0084176491945981,-25.369914016345945,Relevancia a secas,0.4591261363939643,0.9862015148003896,0.5270753784064253,
611,1,0.9998376369476318,0.0084176491945981,-25.369914016345945,Relevancia absoluta,0.3485133032038224,0.9854156557056638,0.6369023525018414,
611,1,0.9998376369476318,0.0084176491945981,-25.369914016345945,Solo secciones positivas,0.1944159547079819,0.9724560446209378,0.7780400899129559,18.0
612,0,0.0081850485876202,0.0084176491945981,-0.0477281263692565,Relevancia a secas,0.0082703525097005,0.0084171637427061,0.0001468112330055,
612,0,0.0081850485876202,0.0084176491945981,-0.0477281263692565,Relevancia absoluta,0.0082703525097005,0.0084171637427061,0.0001468112330055,
612,0,0.0081850485876202,0.0084176491945981,-0.0477281263692565,Solo secciones positivas,,,,0.0
613,1,1.0,0.0084176491945981,-0.8666530344513189,Relevancia a secas,0.0970733146321618,0.9398967747886976,0.8428234601565358,
613,1,1.0,0.0084176491945981,-0.8666530344513189,Relevancia absoluta,0.5417657413059948,0.9447846346431308,0.4030188933371359,
613,1,1.0,0.0084176491945981,-0.8666530344513189,Solo secciones positivas,0.0623388042229825,0.9793326010306675,0.916993796807685,24.0
614,0,0.008907358162105,0.0084176491945981,0.5880496308979105,Relevancia a secas,0.0105080837125165,0.0076426941797965,-0.00286538953272,
614,0,0.008907358162105,0.0084176491945981,0.5880496308979105,Relevancia absoluta,0.0090568837606244,0.0085724882988466,-0.0004843954617778,
614,0,0.008907358162105,0.0084176491945981,0.5880496308979105,Solo secciones positivas,0.0135174643041359,0.006046295321236,-0.0074711689828998,9.0
615,0,0.0313098132610321,0.0084176491945981,-0.0187329061221121,Relevancia a secas,0.7396911989328349,0.1119729379279849,-0.62771826100485,
615,0,0.0313098132610321,0.0084176491945981,-0.0187329061221121,Relevancia absoluta,0.4234371725081776,0.6243149124396343,0.2008777399314567,
615,0,0.0313098132610321,0.0084176491945981,-0.0187329061221121,Solo secciones positivas,0.8642691895365715,0.004624378610652,-0.8596448109259194,18.0
616,0,0.3099350929260254,0.0084176491945981,-0.4246186981924222,Relevancia a secas,0.6564913778307123,0.2517493509149738,-0.4047420269157384,
616,0,0.3099350929260254,0.0084176491945981,-0.4246186981924222,Relevancia absoluta,0.2256126459364572,0.689287286872665,0.4636746409362078,
616,0,0.3099350929260254,0.0084176491945981,-0.4246186981924222,Solo secciones positivas,0.97826605684617,0.0002475887391914,-0.9780184681069783,17.0
617,1,0.9993969202041626,0.0084176491945981,-0.4472207229921948,Relevancia a secas,0.018649645074725,0.8147603453447421,0.7961107002700171,
617,1,0.9993969202041626,0.0084176491945981,-0.4472207229921948,Relevancia absoluta,0.1324588458770045,0.7386869951668712,0.6062281492898667,
617,1,0.9993969202041626,0.0084176491945981,-0.4472207229921948,Solo secciones positivas,0.0255846423278853,0.668431743606925,0.6428471012790397,20.0
618,1,0.999566376209259,0.0084176491945981,-0.4226193537693715,Relevancia a secas,0.0234383018174844,0.9490702221066588,0.9256319202891744,
618,1,0.999566376209259,0.0084176491945981,-0.4226193537693715,Relevancia absoluta,0.7196794265570738,0.903288759372016,0.1836093328149421,
618,1,0.999566376209259,0.0084176491945981,-0.4226193537693715,Solo secciones positivas,0.0242825488324347,0.9129604275914884,0.8886778787590537,21.0
619,0,0.0260446779429912,0.0084176491945981,-0.9132385867012734,Relevancia a secas,0.4379762404908737,0.0310106452606204,-0.4069655952302532,
619,0,0.0260446779429912,0.0084176491945981,-0.9132385867012734,Relevancia absoluta,0.2175213292939588,0.2165618849556065,-0.0009594443383522,
619,0,0.0260446779429912,0.0084176491945981,-0.9132385867012734,Solo secciones positivas,0.739696649050242,0.0418540977529789,-0.6978425512972631,19.0
620,0,0.0080266967415809,0.0084176491945981,-0.0275690733260562,Relevancia a secas,0.0082628171092697,0.0081979712471365,-6.484586213316261e-05,
620,0,0.0080266967415809,0.0084176491945981,-0.0275690733260562,Relevancia absoluta,0.0082498673216572,0.0082152558224541,-3.4611499203104565e-05,
620,0,0.0080266967415809,0.0084176491945981,-0.0275690733260562,Solo secciones positivas,0.008159639313817,0.0082775894552469,0.0001179501414299,1.0
621,0,0.0094275083392858,0.0084176491945981,-1.298542751237313,Relevancia a secas,0.1500754250834385,0.0054348754187635,-0.144640549664675,
621,0,0.0094275083392858,0.0084176491945981,-1.298542751237313,Relevancia absoluta,0.0125151846764816,0.0103735907727645,-0.002141593903717,
621,0,0.0094275083392858,0.0084176491945981,-1.298542751237313,Solo secciones positivas,0.2547827647067606,0.0013692652402824,-0.2534134994664782,20.0
622,0,0.0180601458996534,0.0084176491945981,-0.9314426087170486,Relevancia a secas,0.2078040309198614,0.0251925197533435,-0.1826115111665179,
622,0,0.0180601458996534,0.0084176491945981,-0.9314426087170486,Relevancia absoluta,0.0980565002472657,0.0219234150782641,-0.0761330851690016,
622,0,0.0180601458996534,0.0084176491945981,-0.9314426087170486,Solo secciones positivas,0.4772921309161645,0.0354006709530949,-0.4418914599630695,13.0
623,1,1.0,0.0084176491945981,-0.6842371019630881,Relevancia a secas,0.0411477540539827,0.5475464041551782,0.5063986501011954,
623,1,1.0,0.0084176491945981,-0.6842371019630881,Relevancia absoluta,0.1605491606251605,0.706495492046492,0.5459463314213314,
623,1,1.0,0.0084176491945981,-0.6842371019630881,Solo secciones positivas,0.0294135929683917,0.9120131751851124,0.8825995822167206,17.0
624,1,1.0,0.0084176491945981,-0.8933643771646681,Relevancia a secas,0.1754775577897413,0.985592007637024,0.8101144498472825,
624,1,1.0,0.0084176491945981,-0.8933643771646681,Relevancia absoluta,0.8891536964931424,0.9855833732419544,0.0964296767488119,
624,1,1.0,0.0084176491945981,-0.8933643771646681,Solo secciones positivas,0.0625,0.978390281399091,0.915890281399091,24.0
625,0,0.008330718614161,0.0084176491945981,-7.577908151910537,Relevancia a secas,0.0424440047548463,0.0070733146211649,-0.0353706901336813,
625,0,0.008330718614161,0.0084176491945981,-7.577908151910537,Relevancia absoluta,0.0095549868161065,0.0112957152693221,0.0017407284532156,
625,0,0.008330718614161,0.0084176491945981,-7.577908151910537,Solo secciones positivas,0.0635019334565316,0.0058411754379492,-0.0576607580185823,21.0
626,1,1.0,0.0084176491945981,-0.7433946145704606,Relevancia a secas,0.0166526474689137,0.9728917752703032,0.9562391278013894,
626,1,1.0,0.0084176491945981,-0.7433946145704606,Relevancia absoluta,0.2475193116800086,0.9171361782484584,0.6696168665684498,
626,1,1.0,0.0084176491945981,-0.7433946145704606,Solo secciones positivas,0.0294126352408629,0.9425944335320418,0.9131817982911788,17.0
627,0,0.0079551842063665,0.0084176491945981,0.2445936678772182,Relevancia a secas,0.0098696785409831,0.0082301288299883,-0.0016395497109947,
627,0,0.0079551842063665,0.0084176491945981,0.2445936678772182,Relevancia absoluta,0.0091327467622856,0.0089783563485576,-0.000154390413728,
627,0,0.0079551842063665,0.0084176491945981,0.2445936678772182,Solo secciones positivas,0.0127603746950626,0.0066588709929159,-0.0061015037021466,7.0
628,0,0.0065876091830432,0.0084176491945981,-0.7407081273836267,Relevancia a secas,0.3679471189906407,0.0186196753574121,-0.3493274436332285,
628,0,0.0065876091830432,0.0084176491945981,-0.7407081273836267,Relevancia absoluta,0.014720751878081,0.1552418229791025,0.1405210711010214,
628,0,0.0065876091830432,0.0084176491945981,-0.7407081273836267,Solo secciones positivas,0.6247865316225216,0.0269410540815442,-0.5978454775409774,20.0
629,1,0.9590463638305664,0.0084176491945981,-1.01841647928366,Relevancia a secas,0.1202088368357587,0.9241321123230996,0.8039232754873408,
629,1,0.9590463638305664,0.0084176491945981,-1.01841647928366,Relevancia absoluta,0.3480872236050803,0.8895371129037811,0.5414498892987007,
629,1,0.9590463638305664,0.0084176491945981,-1.01841647928366,Solo secciones positivas,0.0338608607516734,0.8634847126361963,0.8296238518845228,19.0
630,1,1.0,0.0084176491945981,-1.3042957299169629,Relevancia a secas,0.5945104576188989,0.9862275189823576,0.3917170613634586,
630,1,1.0,0.0084176491945981,-1.3042957299169629,Relevancia absoluta,0.9583372038970184,0.9862279660171932,0.0278907621201748,
630,1,1.0,0.0084176491945981,-1.3042957299169629,Solo secciones positivas,0.3235416163226098,0.9708358119515812,0.6472941956289714,17.0
631,0,0.0083828782662749,0.0084176491945981,0.4138697594406471,Relevancia a secas,0.0099561071126825,0.0083490139546079,-0.0016070931580745,
631,0,0.0083828782662749,0.0084176491945981,0.4138697594406471,Relevancia absoluta,0.0092786905717932,0.008746065147635,-0.0005326254241582,
631,0,0.0083828782662749,0.0084176491945981,0.4138697594406471,Solo secciones positivas,0.0107922533837457,0.0071313471222917,-0.003660906261454,6.0
632,1,1.0,0.0084176491945981,-0.8427231257722585,Relevancia a secas,0.984525817963812,0.9862280223104688,0.0017022043466569,
632,1,1.0,0.0084176491945981,-0.8427231257722585,Relevancia absoluta,0.923460616791595,0.9855872061517504,0.0621265893601553,
632,1,1.0,0.0084176491945981,-0.8427231257722585,Solo secciones positivas,0.9999999929876888,0.9708358119515812,-0.0291641810361076,17.0
633,1,0.99999737739563,0.0084176491945981,-0.9023699935243608,Relevancia a secas,0.043515151274574,0.9029130987437384,0.8593979474691643,
633,1,0.99999737739563,0.0084176491945981,-0.9023699935243608,Relevancia absoluta,0.2309962338650424,0.850290901889442,0.6192946680243996,
633,1,0.99999737739563,0.0084176491945981,-0.9023699935243608,Solo secciones positivas,0.022854154784953,0.8480380543592416,0.8251838995742885,23.0
634,1,0.9995200634002686,0.0084176491945981,-0.7654157430016142,Relevancia a secas,0.3358848630795414,0.9592996573903494,0.6234147943108079,
634,1,0.9995200634002686,0.0084176491945981,-0.7654157430016142,Relevancia absoluta,0.0345103122357618,0.8758495419476983,0.8413392297119364,
634,1,0.9995200634002686,0.0084176491945981,-0.7654157430016142,Solo secciones positivas,0.0318520070695133,0.9302445428357238,0.8983925357662104,21.0
635,1,1.0,0.0084176491945981,-0.5920691638404019,Relevancia a secas,0.2917128023174546,0.7943972448507944,0.5026844425333398,
635,1,1.0,0.0084176491945981,-0.5920691638404019,Relevancia absoluta,0.6278915243844192,0.9306724707647744,0.3027809463803552,
635,1,1.0,0.0084176491945981,-0.5920691638404019,Solo secciones positivas,0.1387474073305016,0.972445805867513,0.8336983985370113,18.0
636,0,0.0075533622875809,0.0084176491945981,-0.5222022153841472,Relevancia a secas,0.5027406244642204,0.0637854125549012,-0.4389552119093191,
636,0,0.0075533622875809,0.0084176491945981,-0.5222022153841472,Relevancia absoluta,0.1082409629468909,0.0144099083069401,-0.0938310546399508,
636,0,0.0075533622875809,0.0084176491945981,-0.5222022153841472,Solo secciones positivas,0.7127786493419032,0.0016130288115123,-0.7111656205303908,19.0
637,0,0.2159814983606338,0.0084176491945981,-0.3537982535663452,Relevancia a secas,0.5513153399580107,0.0335119884370619,-0.5178033515209488,
637,0,0.2159814983606338,0.0084176491945981,-0.3537982535663452,Relevancia absoluta,0.2885012924541822,0.4593061855994165,0.1708048931452342,
637,0,0.2159814983606338,0.0084176491945981,-0.3537982535663452,Solo secciones positivas,0.950618210960837,0.0070804757141398,-0.9435377352466972,17.0
638,1,1.0,0.0084176491945981,-0.4821424237701611,Relevancia a secas,0.1119597347874361,0.9862182752953634,0.8742585405079273,
638,1,1.0,0.0084176491945981,-0.4821424237701611,Relevancia absoluta,0.6677207899858685,0.9862280223104688,0.3185072323246004,
638,1,1.0,0.0084176491945981,-0.4821424237701611,Solo secciones positivas,0.0312725297496854,0.969013050198555,0.9377405204488696,16.0
639,1,1.0,0.0084176491945981,-1.1100646412763235,Relevancia a secas,0.3921887617972164,0.98546911113792,0.5932803493407035,
639,1,1.0,0.0084176491945981,-1.1100646412763235,Relevancia absoluta,0.8366342824366357,0.901382455443834,0.0647481730071982,
639,1,1.0,0.0084176491945981,-1.1100646412763235,Solo secciones positivas,0.0844167821547569,0.9708358119515812,0.8864190297968243,17.0
640,1,0.9928814172744752,0.0084176491945981,-0.6622495821152651,Relevancia a secas,0.7114982623671507,0.9645924344658852,0.2530941720987344,
640,1,0.9928814172744752,0.0084176491945981,-0.6622495821152651,Relevancia absoluta,0.9584869565442204,0.9149637122948964,-0.0435232442493239,
640,1,0.9928814172744752,0.0084176491945981,-0.6622495821152651,Solo secciones positivas,0.5304864321020274,0.9364443644881248,0.4059579323860974,20.0
641,0,0.0089483428746461,0.0084176491945981,-1.264715472772334,Relevancia a secas,0.4634703115249674,0.0308804429101874,-0.4325898686147799,
641,0,0.0089483428746461,0.0084176491945981,-1.264715472772334,Relevancia absoluta,0.3144146984236108,0.2706079785970763,-0.0438067198265344,
641,0,0.0089483428746461,0.0084176491945981,-1.264715472772334,Solo secciones positivas,0.9181554054512696,0.0453762043369698,-0.8727792011142999,17.0
642,0,0.0084212832152843,0.0084176491945981,-0.7015864791153474,Relevancia a secas,0.0209959807140486,0.0095102800854614,-0.0114857006285871,
642,0,0.0084212832152843,0.0084176491945981,-0.7015864791153474,Relevancia absoluta,0.0094088786680783,0.0113548940845898,0.0019460154165114,
642,0,0.0084212832152843,0.0084176491945981,-0.7015864791153474,Solo secciones positivas,0.0343986392021179,0.0104678610960642,-0.0239307781060536,15.0
643,0,0.0081304861232638,0.0084176491945981,-0.0573283328569135,Relevancia a secas,0.0082695967931714,0.0083297111818359,6.011438866456408e-05,
643,0,0.0081304861232638,0.0084176491945981,-0.0573283328569135,Relevancia absoluta,0.0082695967931714,0.0083297111818359,6.011438866456408e-05,
643,0,0.0081304861232638,0.0084176491945981,-0.0573283328569135,Solo secciones positivas,,,,0.0
644,1,1.0,0.0084176491945981,-0.7320023572590688,Relevancia a secas,0.2923752120064171,0.8567903133160953,0.5644151013096783,
644,1,1.0,0.0084176491945981,-0.7320023572590688,Relevancia absoluta,0.4920891639132058,0.6829308642209814,0.1908417003077755,
644,1,1.0,0.0084176491945981,-0.7320023572590688,Solo secciones positivas,0.0264675238590124,0.8851091686734243,0.8586416448144119,19.0
645,0,0.0089857559651136,0.0084176491945981,0.3160203217916182,Relevancia a secas,0.0115902427997854,0.0080262488918378,-0.0035639939079475,
645,0,0.0089857559651136,0.0084176491945981,0.3160203217916182,Relevancia absoluta,0.0088142021300478,0.0103435388300567,0.0015293367000089,
645,0,0.0089857559651136,0.0084176491945981,0.3160203217916182,Solo secciones positivas,0.0140422786896427,0.0070379232056438,-0.0070043554839988,15.0
646,0,0.012568031437695,0.0084176491945981,-5.249932551812448,Relevancia a secas,0.0145897117003591,0.005987265774618,-0.0086024459257411,
646,0,0.012568031437695,0.0084176491945981,-5.249932551812448,Relevancia absoluta,0.0125156526014001,0.0305415157539149,0.0180258631525147,
646,0,0.012568031437695,0.0084176491945981,-5.249932551812448,Solo secciones positivas,0.0140634618906511,0.0043467412211207,-0.0097167206695303,18.0
647,1,0.9999971389770508,0.0084176491945981,-1.43585491018797,Relevancia a secas,0.4595855757742046,0.9718935795956188,0.5123080038214143,
647,1,0.9999971389770508,0.0084176491945981,-1.43585491018797,Relevancia absoluta,0.9093678635545076,0.7763775077958902,-0.1329903557586174,
647,1,0.9999971389770508,0.0084176491945981,-1.43585491018797,Solo secciones positivas,0.4507927014897155,0.941217129721361,0.4904244282316454,17.0
648,0,0.0310694016516208,0.0084176491945981,-1.383045597848454,Relevancia a secas,0.2550618143803957,0.0722519105621807,-0.182809903818215,
648,0,0.0310694016516208,0.0084176491945981,-1.383045597848454,Relevancia absoluta,0.1417098766489491,0.1712038940879412,0.0294940174389921,
648,0,0.0310694016516208,0.0084176491945981,-1.383045597848454,Solo secciones positivas,0.4757311788698037,0.0065132228693679,-0.4692179560004357,15.0
649,0,0.008759768679738,0.0084176491945981,0.4408635352786159,Relevancia a secas,0.0093805319500259,0.0082700615102011,-0.0011104704398247,
649,0,0.008759768679738,0.0084176491945981,0.4408635352786159,Relevancia absoluta,0.0079303529605062,0.0094674029128832,0.001537049952377,
649,0,0.008759768679738,0.0084176491945981,0.4408635352786159,Solo secciones positivas,0.0122367708245292,0.0064025773899629,-0.0058341934345662,8.0
650,0,0.0083424858748912,0.0084176491945981,0.0204399879762814,Relevancia a secas,0.0087808930418557,0.0081702801398932,-0.0006106129019624,
650,0,0.0083424858748912,0.0084176491945981,0.0204399879762814,Relevancia absoluta,0.0087704410931716,0.0081534689913193,-0.0006169721018522,
650,0,0.0083424858748912,0.0084176491945981,0.0204399879762814,Solo secciones positivas,0.0086669800803065,0.0080928253009915,-0.0005741547793149,2.0
651,1,1.0,0.0084176491945981,-0.8309792342504825,Relevancia a secas,0.4863273649114287,0.8662621350376867,0.3799347701262579,
651,1,1.0,0.0084176491945981,-0.8309792342504825,Relevancia absoluta,0.8371778577824848,0.8885868349655841,0.0514089771830993,
651,1,1.0,0.0084176491945981,-0.8309792342504825,Solo secciones positivas,0.2644820721710429,0.7169510661145014,0.4524689939434584,17.0
652,0,0.0071929167024791,0.0084176491945981,-0.2650326458167736,Relevancia a secas,0.4436905474738322,0.009843491405061,-0.4338470560687711,
652,0,0.0071929167024791,0.0084176491945981,-0.2650326458167736,Relevancia absoluta,0.0229400262081374,0.0497783008290247,0.0268382746208873,
652,0,0.0071929167024791,0.0084176491945981,-0.2650326458167736,Solo secciones positivas,0.905041402578354,0.0072709476973007,-0.8977704548810532,15.0
653,1,0.9999933242797852,0.0084176491945981,-0.5891526298439483,Relevancia a secas,0.3277008460146676,0.9861823982662624,0.6584815522515949,
653,1,0.9999933242797852,0.0084176491945981,-0.5891526298439483,Relevancia absoluta,0.5387598048387695,0.8745433563766322,0.3357835515378626,
653,1,0.9999933242797852,0.0084176491945981,-0.5891526298439483,Solo secciones positivas,0.5032417056252884,0.977463966066187,0.4742222604408986,22.0
654,1,0.8323900699615479,0.0084176491945981,-6.521253718342782,Relevancia a secas,0.0121210677880081,0.5857771320475472,0.5736560642595391,
654,1,0.8323900699615479,0.0084176491945981,-6.521253718342782,Relevancia absoluta,0.0121214807137748,0.4285789686772558,0.416457487963481,
654,1,0.8323900699615479,0.0084176491945981,-6.521253718342782,Solo secciones positivas,0.0216072593645776,0.5911068141460418,0.5694995547814642,20.0
655,1,0.9998767375946044,0.0084176491945981,-1.0643269250227276,Relevancia a secas,0.4055630033194456,0.9681858635611004,0.5626228602416548,
655,1,0.9998767375946044,0.0084176491945981,-1.0643269250227276,Relevancia absoluta,0.8543147199218056,0.9829207849171429,0.1286060649953371,
655,1,0.9998767375946044,0.0084176491945981,-1.0643269250227276,Solo secciones positivas,0.3610397378603626,0.937395499812232,0.5763557619518695,18.0
656,0,0.0079238610342144,0.0084176491945981,0.2356758855390531,Relevancia a secas,0.0086939951094488,0.007885902085238,-0.0008080930242107,
656,0,0.0079238610342144,0.0084176491945981,0.2356758855390531,Relevancia absoluta,0.0081228107317454,0.0083730023664732,0.0002501916347278,
656,0,0.0079238610342144,0.0084176491945981,0.2356758855390531,Solo secciones positivas,0.0095326287139739,0.0070863529108464,-0.0024462758031274,7.0
657,0,0.009205712005496,0.0084176491945981,-13.414809280654714,Relevancia a secas,0.1454843765693819,0.0101203846279531,-0.1353639919414288,
657,0,0.009205712005496,0.0084176491945981,-13.414809280654714,Relevancia absoluta,0.0098351994529366,0.0093883940329154,-0.0004468054200212,
657,0,0.009205712005496,0.0084176491945981,-13.414809280654714,Solo secciones positivas,0.3366146851330995,0.0094703801774552,-0.3271443049556442,14.0
658,0,0.0204856600612401,0.0084176491945981,-0.2224252679375936,Relevancia a secas,0.7742046046057819,0.2373762504554734,-0.5368283541503085,
658,0,0.0204856600612401,0.0084176491945981,-0.2224252679375936,Relevancia absoluta,0.6583644448417342,0.6217558880517672,-0.0366085567899669,
658,0,0.0204856600612401,0.0084176491945981,-0.2224252679375936,Solo secciones positivas,0.9725864264700148,0.004345360899021,-0.9682410655709938,18.0
659,0,0.0090484162792563,0.0084176491945981,-0.0041385814310086,Relevancia a secas,0.016550926077697,0.0089111953404628,-0.0076397307372341,
659,0,0.0090484162792563,0.0084176491945981,-0.0041385814310086,Relevancia absoluta,0.0116740145151399,0.0124377011735406,0.0007636866584006,
659,0,0.0090484162792563,0.0084176491945981,-0.0041385814310086,Solo secciones positivas,0.0210729461053715,0.0062090443063746,-0.0148639017989968,17.0
660,1,1.0,0.0084176491945981,-1.2627103021099937,Relevancia a secas,0.2352063298608734,0.9584592725279636,0.7232529426670903,
660,1,1.0,0.0084176491945981,-1.2627103021099937,Relevancia absoluta,0.5378609748314667,0.6251186258485997,0.087257651017133,
660,1,1.0,0.0084176491945981,-1.2627103021099937,Solo secciones positivas,0.4978364145099325,0.9120314003735344,0.4141949858636017,17.0
661,1,0.5270519256591797,0.0084176491945981,-0.7677645952402148,Relevancia a secas,0.2867053769079272,0.9113594187527068,0.6246540418447795,
661,1,0.5270519256591797,0.0084176491945981,-0.7677645952402148,Relevancia absoluta,0.8227900995148553,0.9419142597147988,0.1191241601999436,
661,1,0.5270519256591797,0.0084176491945981,-0.7677645952402148,Solo secciones positivas,0.1227811782435475,0.9133482672782108,0.7905670890346632,22.0
662,0,0.0080716786906123,0.0084176491945981,0.2524836525798785,Relevancia a secas,0.0123803699906501,0.0082089869279621,-0.004171383062688,
662,0,0.0080716786906123,0.0084176491945981,0.2524836525798785,Relevancia absoluta,0.0102521729293382,0.0085825617683844,-0.0016696111609538,
662,0,0.0080716786906123,0.0084176491945981,0.2524836525798785,Solo secciones positivas,0.0147333129841302,0.0077914690066661,-0.006941843977464,14.0
663,0,0.0088793756440281,0.0084176491945981,-2.017476310210663,Relevancia a secas,0.0517452266843368,0.0116302634382413,-0.0401149632460955,
663,0,0.0088793756440281,0.0084176491945981,-2.017476310210663,Relevancia absoluta,0.0175607297828214,0.0099988806371887,-0.0075618491456326,
663,0,0.0088793756440281,0.0084176491945981,-2.017476310210663,Solo secciones positivas,0.077767336152886,0.0138606789374822,-0.0639066572154038,19.0
664,0,0.008250568062067,0.0084176491945981,-0.3550684205820499,Relevancia a secas,0.0096584503383686,0.0076130616814932,-0.0020453886568753,
664,0,0.008250568062067,0.0084176491945981,-0.3550684205820499,Relevancia absoluta,0.0102101779646343,0.0073601672839787,-0.0028500106806556,
664,0,0.008250568062067,0.0084176491945981,-0.3550684205820499,Solo secciones positivas,0.0099941351495328,0.0072556520989608,-0.002738483050572,21.0
665,0,0.0122269447892904,0.0084176491945981,-1.179969378804817,Relevancia a secas,0.6874333801679312,0.23077948744564,-0.4566538927222912,
665,0,0.0122269447892904,0.0084176491945981,-1.179969378804817,Relevancia absoluta,0.2039467983522334,0.5768560293363406,0.3729092309841072,
665,0,0.0122269447892904,0.0084176491945981,-1.179969378804817,Solo secciones positivas,0.8824633275572624,0.407464190489716,-0.4749991370675464,18.0
666,1,0.9999146461486816,0.0084176491945981,-0.3486893294813042,Relevancia a secas,0.0174463136879866,0.7977458645477278,0.7802995508597411,
666,1,0.9999146461486816,0.0084176491945981,-0.3486893294813042,Relevancia absoluta,0.7673320599812239,0.8089073191494581,0.0415752591682342,
666,1,0.9999146461486816,0.0084176491945981,-0.3486893294813042,Solo secciones positivas,0.0263138605177079,0.6843764141185124,0.6580625536008043,19.0
667,0,0.0117347808554768,0.0084176491945981,-0.5694149596096619,Relevancia a secas,0.858129488317562,0.5680113711527418,-0.2901181171648201,
667,0,0.0117347808554768,0.0084176491945981,-0.5694149596096619,Relevancia absoluta,0.6166859145143202,0.6517123051785998,0.0350263906642795,
667,0,0.0117347808554768,0.0084176491945981,-0.5694149596096619,Solo secciones positivas,0.9248341831721758,0.4169637068713966,-0.5078704763007792,19.0
668,0,0.0071990480646491,0.0084176491945981,-27.355604580638094,Relevancia a secas,0.1031191073125228,0.0078687762660491,-0.0952503310464736,
668,0,0.0071990480646491,0.0084176491945981,-27.355604580638094,Relevancia absoluta,0.0206690849995033,0.0098329943139106,-0.0108360906855927,
668,0,0.0071990480646491,0.0084176491945981,-27.355604580638094,Solo secciones positivas,0.1714158233048187,0.0069970965074996,-0.1644187267973191,18.0
669,1,0.9999954700469972,0.0084176491945981,-0.7865498091878582,Relevancia a secas,0.3636734090239427,0.981750462618139,0.6180770535941963,
669,1,0.9999954700469972,0.0084176491945981,-0.7865498091878582,Relevancia absoluta,0.3712881110194657,0.8968025320846967,0.525514421065231,
669,1,0.9999954700469972,0.0084176491945981,-0.7865498091878582,Solo secciones positivas,0.2279955239362701,0.9726271641751132,0.744631640238843,24.0
670,0,0.0096769593656063,0.0084176491945981,-0.7818978715873259,Relevancia a secas,0.3803659098274592,0.020340030242645,-0.3600258795848142,
670,0,0.0096769593656063,0.0084176491945981,-0.7818978715873259,Relevancia absoluta,0.0155399090657605,0.2578005359973758,0.2422606269316153,
670,0,0.0096769593656063,0.0084176491945981,-0.7818978715873259,Solo secciones positivas,0.7447652255787569,0.0163632240215622,-0.7284020015571947,17.0
671,1,0.9999498128890992,0.0084176491945981,0.0268382262144532,Relevancia a secas,0.1151733145870419,0.9753768460618124,0.8602035314747705,
671,1,0.9999498128890992,0.0084176491945981,0.0268382262144532,Relevancia absoluta,0.3606078940162357,0.9703754981358844,0.6097676041196488,
671,1,0.9999498128890992,0.0084176491945981,0.0268382262144532,Solo secciones positivas,0.0312495256492474,0.9446157813072203,0.913366255657973,16.0
672,1,0.999993085861206,0.0084176491945981,-0.4271894212080459,Relevancia a secas,0.0140090147966292,0.9673154917028216,0.9533064769061924,
672,1,0.999993085861206,0.0084176491945981,-0.4271894212080459,Relevancia absoluta,0.2896394539270159,0.8712167323360013,0.5815772784089854,
672,1,0.999993085861206,0.0084176491945981,-0.4271894212080459,Solo secciones positivas,0.0384613101173439,0.9592296343583326,0.9207683242409886,13.0
673,1,1.0,0.0084176491945981,-0.9412761712030318,Relevancia a secas,0.4593095968663864,0.9862280223104688,0.5269184254440825,
673,1,1.0,0.0084176491945981,-0.9412761712030318,Relevancia absoluta,0.351387626899914,0.9862280223104688,0.6348403954105548,
673,1,1.0,0.0084176491945981,-0.9412761712030318,Solo secciones positivas,0.2647861894235432,0.9739057264829936,0.7091195370594505,19.0
674,1,0.999201238155365,0.0084176491945981,-0.9456077102284012,Relevancia a secas,0.3621871967014219,0.7669913689254785,0.4048041722240565,
674,1,0.999201238155365,0.0084176491945981,-0.9456077102284012,Relevancia absoluta,0.4764063335909166,0.5847720234240923,0.1083656898331756,
674,1,0.999201238155365,0.0084176491945981,-0.9456077102284012,Solo secciones positivas,0.5599209269404325,0.8673382381287713,0.3074173111883388,18.0
675,1,0.9999970197677612,0.0084176491945981,-7291598.091143307,Relevancia a secas,0.5144608029889672,0.985316566295094,0.4708557633061269,
675,1,0.9999970197677612,0.0084176491945981,-7291598.091143307,Relevancia absoluta,0.9300790984287028,0.9845158126619128,0.0544367142332099,
675,1,0.9999970197677612,0.0084176491945981,-7291598.091143307,Solo secciones positivas,0.76077341193498,0.978442275005838,0.2176688630708581,23.0
676,1,0.9999181032180786,0.0084176491945981,-0.7929738952561808,Relevancia a secas,0.3349288373585294,0.9332550854111712,0.5983262480526418,
676,1,0.9999181032180786,0.0084176491945981,-0.7929738952561808,Relevancia absoluta,0.7973814129105044,0.635754694349291,-0.1616267185612133,
676,1,0.9999181032180786,0.0084176491945981,-0.7929738952561808,Solo secciones positivas,0.094864490013821,0.8498365001287311,0.75497201011491,16.0
677,1,1.0,0.0084176491945981,-0.4654390200800155,Relevancia a secas,0.2722663446587578,0.8441769682452214,0.5719106235864635,
677,1,1.0,0.0084176491945981,-0.4654390200800155,Relevancia absoluta,0.9184808772471216,0.8864423788618296,-0.0320384983852919,
677,1,1.0,0.0084176491945981,-0.4654390200800155,Solo secciones positivas,0.0250152509191606,0.7195204203877087,0.694505169468548,20.0
678,0,0.4421645700931549,0.0084176491945981,-0.4599671162768031,Relevancia a secas,0.5029496945240275,0.2589282400881016,-0.2440214544359258,
678,0,0.4421645700931549,0.0084176491945981,-0.4599671162768031,Relevancia absoluta,0.0722915293008554,0.4589084493862982,0.3866169200854427,
678,0,0.4421645700931549,0.0084176491945981,-0.4599671162768031,Solo secciones positivas,0.8270513663689296,0.0003507362319668,-0.8267006301369627,12.0
679,1,0.9999990463256836,0.0084176491945981,-0.5850888977502293,Relevancia a secas,0.4162828748491469,0.9824362231625452,0.5661533483133981,
679,1,0.9999990463256836,0.0084176491945981,-0.5850888977502293,Relevancia absoluta,0.5799572474056478,0.980814019838969,0.4008567724333212,
679,1,0.9999990463256836,0.0084176491945981,-0.5850888977502293,Solo secciones positivas,0.0411890519168291,0.9669472535451252,0.925758201628296,15.0
680,1,0.9999998807907104,0.0084176491945981,-1.0898080191206212,Relevancia a secas,0.5452453964636461,0.68182823033586,0.1365828338722139,
680,1,0.9999998807907104,0.0084176491945981,-1.0898080191206212,Relevancia absoluta,0.849470578547981,0.9786528282695346,0.1291822497215535,
680,1,0.9999998807907104,0.0084176491945981,-1.0898080191206212,Solo secciones positivas,0.3494875713727022,0.7896913292738689,0.4402037579011666,19.0
681,0,0.0082848258316516,0.0084176491945981,-0.0454765458159397,Relevancia a secas,0.0084569472043464,0.0082655214808053,-0.0001914257235411,
681,0,0.0082848258316516,0.0084176491945981,-0.0454765458159397,Relevancia absoluta,0.0084554388498266,0.0082660368643701,-0.0001894019854565,
681,0,0.0082848258316516,0.0084176491945981,-0.0454765458159397,Solo secciones positivas,0.0084497164934873,0.0082480646669864,-0.0002016518265008,1.0
682,0,0.0078897522762417,0.0084176491945981,0.4137720836172097,Relevancia a secas,0.0083795962056943,0.0083510119467973,-2.8584258896968e-05,
682,0,0.0078897522762417,0.0084176491945981,0.4137720836172097,Relevancia absoluta,0.0080508698576263,0.0085017572822315,0.0004508874246052,
682,0,0.0078897522762417,0.0084176491945981,0.4137720836172097,Solo secciones positivas,0.0092784333974123,0.0077826145570725,-0.0014958188403397,4.0
683,0,0.0480787754058837,0.0084176491945981,-0.7677209160836789,Relevancia a secas,0.6444013855523533,0.4987621530478589,-0.1456392325044943,
683,0,0.0480787754058837,0.0084176491945981,-0.7677209160836789,Relevancia absoluta,0.47232898324728,0.4096624811904297,-0.0626665020568503,
683,0,0.0480787754058837,0.0084176491945981,-0.7677209160836789,Solo secciones positivas,0.974756149869216,0.3309727108403995,-0.6437834390288166,19.0
684,1,0.9998350143432616,0.0084176491945981,-1.5423437420281416,Relevancia a secas,0.4468021887657736,0.9525409580932724,0.5057387693274988,
684,1,0.9998350143432616,0.0084176491945981,-1.5423437420281416,Relevancia absoluta,0.9588708430528644,0.9862210585011376,0.0273502154482733,
684,1,0.9998350143432616,0.0084176491945981,-1.5423437420281416,Solo secciones positivas,0.2055009825255154,0.8995315116994521,0.6940305291739367,17.0
685,1,1.0,0.0084176491945981,-0.7346267929045126,Relevancia a secas,0.1791725179079369,0.9862280223104688,0.8070555044025319,
685,1,1.0,0.0084176491945981,-0.7346267929045126,Relevancia absoluta,0.5817358488191545,0.7212788768890278,0.1395430280698733,
685,1,1.0,0.0084176491945981,-0.7346267929045126,Solo secciones positivas,0.1562500005862695,0.969013050198555,0.8127630496122854,16.0
686,0,0.0437144376337528,0.0084176491945981,-1.9836097258693088,Relevancia a secas,0.4498612613986349,0.0325892354982594,-0.4172720259003754,
686,0,0.0437144376337528,0.0084176491945981,-1.9836097258693088,Relevancia absoluta,0.009166068643228,0.0708446081003381,0.06167853945711,
686,0,0.0437144376337528,0.0084176491945981,-1.9836097258693088,Solo secciones positivas,0.8524597055382199,0.0069884988738016,-0.8454712066644182,18.0
687,0,0.1816127300262451,0.0084176491945981,-0.8743610196168803,Relevancia a secas,0.5982016952022807,0.1495304070965883,-0.4486712881056924,
687,0,0.1816127300262451,0.0084176491945981,-0.8743610196168803,Relevancia absoluta,0.1597866541433176,0.1867244346731998,0.0269377805298821,
687,0,0.1816127300262451,0.0084176491945981,-0.8743610196168803,Solo secciones positivas,0.8635131997220655,0.0039308198262434,-0.8595823798958221,17.0
688,0,0.0083230640739202,0.0084176491945981,-0.0782002653887393,Relevancia a secas,0.008501675652547,0.0083509199838671,-0.0001507556686798,
688,0,0.0083230640739202,0.0084176491945981,-0.0782002653887393,Relevancia absoluta,0.0085247599054127,0.0083299185821993,-0.0001948413232134,
688,0,0.0083230640739202,0.0084176491945981,-0.0782002653887393,Solo secciones positivas,0.0084886886179447,0.0082601709291338,-0.0002285176888108,1.0
689,0,0.0089220860973,0.0084176491945981,-0.8183691985134605,Relevancia a secas,0.1039491642990873,0.0135714528797608,-0.0903777114193265,
689,0,0.0089220860973,0.0084176491945981,-0.8183691985134605,Relevancia absoluta,0.0078700979421329,0.0292419001925736,0.0213718022504407,
689,0,0.0089220860973,0.0084176491945981,-0.8183691985134605,Solo secciones positivas,0.2052264546354611,0.0094712336547672,-0.1957552209806939,15.0
690,0,0.0085683865472674,0.0084176491945981,0.1612110822213461,Relevancia a secas,0.0160753928228384,0.0075062404050388,-0.0085691524177996,
690,0,0.0085683865472674,0.0084176491945981,0.1612110822213461,Relevancia absoluta,0.0085445439003201,0.0100966101098391,0.001552066209519,
690,0,0.0085683865472674,0.0084176491945981,0.1612110822213461,Solo secciones positivas,0.020311252816635,0.0069730648606577,-0.0133381879559772,17.0
691,0,0.4659661650657654,0.0084176491945981,-0.4605108960511364,Relevancia a secas,0.6289779964782711,0.1081171660444748,-0.5208608304337963,
691,0,0.4659661650657654,0.0084176491945981,-0.4605108960511364,Relevancia absoluta,0.249931305105728,0.7635190677311684,0.5135877626254404,
691,0,0.4659661650657654,0.0084176491945981,-0.4605108960511364,Solo secciones positivas,0.9300566545941612,0.0229306243295752,-0.907126030264586,22.0
692,0,0.0083887111395597,0.0084176491945981,0.2175468230248174,Relevancia a secas,0.0090846466831862,0.0080724597110279,-0.0010121869721582,
692,0,0.0083887111395597,0.0084176491945981,0.2175468230248174,Relevancia absoluta,0.0083252881121422,0.0086272721311875,0.0003019840190453,
692,0,0.0083887111395597,0.0084176491945981,0.2175468230248174,Solo secciones positivas,0.0108676499221473,0.006839879322797,-0.0040277705993503,8.0
693,1,0.9892171621322632,0.0084176491945981,-4.574397955051203,Relevancia a secas,0.4057519263070858,0.9859018590715196,0.5801499327644338,
693,1,0.9892171621322632,0.0084176491945981,-4.574397955051203,Relevancia absoluta,0.8671695948578417,0.9781239065859052,0.1109543117280635,
693,1,0.9892171621322632,0.0084176491945981,-4.574397955051203,Solo secciones positivas,0.1191456846538674,0.9763908953893752,0.8572452107355077,21.0
694,1,0.9997490048408508,0.0084176491945981,-0.7760800520630047,Relevancia a secas,0.5371410802916055,0.8651845107475916,0.3280434304559861,
694,1,0.9997490048408508,0.0084176491945981,-0.7760800520630047,Relevancia absoluta,0.9294918148053612,0.9433147828612064,0.013822968055845,
694,1,0.9997490048408508,0.0084176491945981,-0.7760800520630047,Solo secciones positivas,0.113785850111564,0.7303861019512017,0.6166002518396376,18.0
695,0,0.0092386314645409,0.0084176491945981,-1.2800839522546197,Relevancia a secas,0.4464541535772798,0.0806596498910544,-0.3657945036862253,
695,0,0.0092386314645409,0.0084176491945981,-1.2800839522546197,Relevancia absoluta,0.1002387596656465,0.0162694607731989,-0.0839692988924475,
695,0,0.0092386314645409,0.0084176491945981,-1.2800839522546197,Solo secciones positivas,0.6321971660808605,0.1279694868580383,-0.5042276792228222,17.0
696,1,0.9491103887557985,0.0084176491945981,-1.1060524322877243,Relevancia a secas,0.1918053479079315,0.9178994972931428,0.7260941493852113,
696,1,0.9491103887557985,0.0084176491945981,-1.1060524322877243,Relevancia absoluta,0.4556934897425687,0.676646212141754,0.2209527223991853,
696,1,0.9491103887557985,0.0084176491945981,-1.1060524322877243,Solo secciones positivas,0.0304562213049124,0.847001068348832,0.8165448470439196,17.0
697,1,0.9999997615814208,0.0084176491945981,-0.2214732088272197,Relevancia a secas,0.1011492046791332,0.9585698028612468,0.8574205981821136,
697,1,0.9999997615814208,0.0084176491945981,-0.2214732088272197,Relevancia absoluta,0.297669949928402,0.930698669987679,0.633028720059277,
697,1,0.9999997615814208,0.0084176491945981,-0.2214732088272197,Solo secciones positivas,0.0364174771414512,0.9215043463597172,0.8850868692182661,19.0
698,0,0.0079500982537865,0.0084176491945981,-0.0060797967921284,Relevancia a secas,0.0083818487409088,0.0082305682590231,-0.0001512804818857,
698,0,0.0079500982537865,0.0084176491945981,-0.0060797967921284,Relevancia absoluta,0.0083704617184897,0.0082412488215292,-0.0001292128969604,
698,0,0.0079500982537865,0.0084176491945981,-0.0060797967921284,Solo secciones positivas,0.0081867813132703,0.0080377026461064,-0.0001490786671638,2.0
699,1,0.9999996423721312,0.0084176491945981,-0.608070539915699,Relevancia a secas,0.6593852409009896,0.9306761121838968,0.2712908712829072,
699,1,0.9999996423721312,0.0084176491945981,-0.608070539915699,Relevancia absoluta,0.5300034710792388,0.8473445442546179,0.3173410731753791,
699,1,0.9999996423721312,0.0084176491945981,-0.608070539915699,Solo secciones positivas,0.4736842198990232,0.8686496921758302,0.394965472276807,19.0
700,0,0.0080916592851281,0.0084176491945981,-0.013401037540408,Relevancia a secas,0.0082071931101381,0.008332253806293,0.0001250606961548,
700,0,0.0080916592851281,0.0084176491945981,-0.013401037540408,Relevancia absoluta,0.0082071931101381,0.008332253806293,0.0001250606961548,
700,0,0.0080916592851281,0.0084176491945981,-0.013401037540408,Solo secciones positivas,,,,0.0
701,0,0.011307056993246,0.0084176491945981,-0.2375378691333388,Relevancia a secas,0.0102985677367541,0.0065887170817909,-0.0037098506549631,
701,0,0.011307056993246,0.0084176491945981,-0.2375378691333388,Relevancia absoluta,0.0043954009629992,0.0079412693804543,0.003545868417455,
701,0,0.011307056993246,0.0084176491945981,-0.2375378691333388,Solo secciones positivas,0.0137939732521772,0.0063688847482861,-0.007425088503891,17.0
702,0,0.0092077078297734,0.0084176491945981,-1.0187177436243928,Relevancia a secas,0.3437360976693324,0.0155831298454561,-0.3281529678238762,
702,0,0.0092077078297734,0.0084176491945981,-1.0187177436243928,Relevancia absoluta,0.0115084575566773,0.0153207703390055,0.0038123127823281,
702,0,0.0092077078297734,0.0084176491945981,-1.0187177436243928,Solo secciones positivas,0.6548174751094646,0.0195052514318376,-0.635312223677627,18.0
703,1,0.9999996423721312,0.0084176491945981,-1.179165435773499,Relevancia a secas,0.6814623540813817,0.8870250715149773,0.2055627174335956,
703,1,0.9999996423721312,0.0084176491945981,-1.179165435773499,Relevancia absoluta,0.8838103140393894,0.7353489333346038,-0.1484613807047855,
703,1,0.9999996423721312,0.0084176491945981,-1.179165435773499,Solo secciones positivas,0.772220680668718,0.969168511033058,0.1969478303643401,20.0
704,0,0.0078289564698934,0.0084176491945981,0.2895790286522309,Relevancia a secas,0.0104454759663591,0.0080851117252475,-0.0023603642411116,
704,0,0.0078289564698934,0.0084176491945981,0.2895790286522309,Relevancia absoluta,0.0087170599597609,0.0086252580707271,-9.180188903377962e-05,
704,0,0.0078289564698934,0.0084176491945981,0.2895790286522309,Solo secciones positivas,0.0123117472976446,0.0073491735771919,-0.0049625737204526,12.0
705,1,1.0,0.0084176491945981,-0.922197791690867,Relevancia a secas,0.2629130519971095,0.6528946896756477,0.3899816376785381,
705,1,1.0,0.0084176491945981,-0.922197791690867,Relevancia absoluta,0.7632566053946322,0.8378853887552489,0.0746287833606166,
705,1,1.0,0.0084176491945981,-0.922197791690867,Solo secciones positivas,0.1136369354757139,0.4320094921965144,0.3183725567208004,22.0
706,0,0.0079658105969429,0.0084176491945981,-0.7561139559071628,Relevancia a secas,0.4715144932787452,0.3088577277440992,-0.1626567655346459,
706,0,0.0079658105969429,0.0084176491945981,-0.7561139559071628,Relevancia absoluta,0.0455950506600654,0.0859006339709999,0.0403055833109344,
706,0,0.0079658105969429,0.0084176491945981,-0.7561139559071628,Solo secciones positivas,0.9318864108885035,0.6157343227635412,-0.3161520881249624,17.0
707,0,0.0091433282941579,0.0084176491945981,0.3791971228060191,Relevancia a secas,0.0135232751619898,0.0074822256315706,-0.0060410495304192,
707,0,0.0091433282941579,0.0084176491945981,0.3791971228060191,Relevancia absoluta,0.0094075351694805,0.0094298145009411,2.227933146059513e-05,
707,0,0.0091433282941579,0.0084176491945981,0.3791971228060191,Solo secciones positivas,0.0189599048656721,0.0058364565484225,-0.0131234483172496,12.0
708,1,1.0,0.0084176491945981,-0.9929867234902346,Relevancia a secas,0.2796503794421975,0.9028956628472112,0.6232452834050137,
708,1,1.0,0.0084176491945981,-0.9929867234902346,Relevancia absoluta,0.7836573407952933,0.8191544925167464,0.0354971517214531,
708,1,1.0,0.0084176491945981,-0.9929867234902346,Solo secciones positivas,0.0956645614351145,0.969013050198555,0.8733484887634404,16.0
709,0,0.0084807751700282,0.0084176491945981,0.0107338695304846,Relevancia a secas,0.0085655831598809,0.00876016422574,0.0001945810658591,
709,0,0.0084807751700282,0.0084176491945981,0.0107338695304846,Relevancia absoluta,0.0085450896461095,0.0087980171133364,0.0002529274672269,
709,0,0.0084807751700282,0.0084176491945981,0.0107338695304846,Solo secciones positivas,0.00865338742733,0.008254025131464,-0.000399362295866,1.0
710,0,0.0153623120859265,0.0084176491945981,-0.5535752147538059,Relevancia a secas,0.2920638383624868,0.0136111153422259,-0.2784527230202608,
710,0,0.0153623120859265,0.0084176491945981,-0.5535752147538059,Relevancia absoluta,0.0929577360107537,0.2280581525992602,0.1351004165885064,
710,0,0.0153623120859265,0.0084176491945981,-0.5535752147538059,Solo secciones positivas,0.6900569445525224,0.0105904347549837,-0.6794665097975386,13.0
711,0,0.0079647377133369,0.0084176491945981,-0.0059377905189184,Relevancia a secas,0.008240076739134,0.008175662278922,-6.441446021199226e-05,
711,0,0.0079647377133369,0.0084176491945981,-0.0059377905189184,Relevancia absoluta,0.008258392361717,0.0081582123724122,-0.0001001799893048,
711,0,0.0079647377133369,0.0084176491945981,-0.0059377905189184,Solo secciones positivas,0.0081094820052385,0.0082604233175516,0.000150941312313,1.0
712,0,0.0083588128909468,0.0084176491945981,-0.2001260764757239,Relevancia a secas,0.0084154077938624,0.0083655815039362,-4.982628992625769e-05,
712,0,0.0083588128909468,0.0084176491945981,-0.2001260764757239,Relevancia absoluta,0.0084154077938624,0.0083655815039362,-4.982628992625769e-05,
712,0,0.0083588128909468,0.0084176491945981,-0.2001260764757239,Solo secciones positivas,,,,0.0
713,1,0.9999980926513672,0.0084176491945981,-0.6966005705324418,Relevancia a secas,0.0937263019916303,0.8858575255386919,0.7921312235470616,
713,1,0.9999980926513672,0.0084176491945981,-0.6966005705324418,Relevancia absoluta,0.3196358394290105,0.9460937674674724,0.6264579280384618,
713,1,0.9999980926513672,0.0084176491945981,-0.6966005705324418,Solo secciones positivas,0.0263182120034901,0.7839901881555928,0.7576719761521027,19.0
714,1,1.0,0.0084176491945981,-0.4066043412790144,Relevancia a secas,0.3393771899517168,0.9306726359752512,0.5912954460235343,
714,1,1.0,0.0084176491945981,-0.4066043412790144,Relevancia absoluta,0.7427271417497346,0.9306415389075242,0.1879143971577895,
714,1,1.0,0.0084176491945981,-0.4066043412790144,Solo secciones positivas,0.1231091197986306,0.8752107447554522,0.7521016249568215,20.0
715,1,0.999996542930603,0.0084176491945981,-0.1633574768668564,Relevancia a secas,0.4586178780429892,0.9844775026043256,0.5258596245613363,
715,1,0.999996542930603,0.0084176491945981,-0.1633574768668564,Relevancia absoluta,0.7866091424249235,0.8408038686676365,0.0541947262427129,
715,1,0.999996542930603,0.0084176491945981,-0.1633574768668564,Solo secciones positivas,0.0833014696836471,0.9689552336931228,0.8856537640094757,18.0
716,1,1.0,0.0084176491945981,-1.0039169688726184,Relevancia a secas,0.0400440261372493,0.9569050908450866,0.9168610647078372,
716,1,1.0,0.0084176491945981,-1.0039169688726184,Relevancia absoluta,0.4018576037560256,0.8900370081214027,0.4881794043653771,
716,1,1.0,0.0084176491945981,-1.0039169688726184,Solo secciones positivas,0.0845503990730545,0.9120122837998412,0.8274618847267866,17.0
717,0,0.0096446461975574,0.0084176491945981,-1.3658504001515903,Relevancia a secas,0.0196635188120934,0.0098552062279648,-0.0098083125841286,
717,0,0.0096446461975574,0.0084176491945981,-1.3658504001515903,Relevancia absoluta,0.0087792851651708,0.0122771380055281,0.0034978528403573,
717,0,0.0096446461975574,0.0084176491945981,-1.3658504001515903,Solo secciones positivas,0.0232350289482962,0.0088037590665573,-0.0144312698817388,22.0
718,1,0.9999983310699464,0.0084176491945981,-0.4615844350456266,Relevancia a secas,0.0943237977901802,0.983694659339057,0.8893708615488768,
718,1,0.9999983310699464,0.0084176491945981,-0.4615844350456266,Relevancia absoluta,0.6808795982861839,0.9848359955681694,0.3039563972819854,
718,1,0.9999983310699464,0.0084176491945981,-0.4615844350456266,Solo secciones positivas,0.0318190505572135,0.967389639880922,0.9355705893237084,18.0
719,1,1.0,0.0084176491945981,-0.7231976314754374,Relevancia a secas,0.5435014793132429,0.9466734942462708,0.403172014933028,
719,1,1.0,0.0084176491945981,-0.7231976314754374,Relevancia absoluta,0.7755984506886912,0.5128917615575819,-0.2627066891311093,
719,1,1.0,0.0084176491945981,-0.7231976314754374,Solo secciones positivas,0.3437506232728219,0.9642840325832368,0.6205334093104148,16.0
720,0,0.0259218998253345,0.0084176491945981,-0.3488860552726315,Relevancia a secas,0.6744965972223629,0.0135191339630806,-0.6609774632592822,
720,0,0.0259218998253345,0.0084176491945981,-0.3488860552726315,Relevancia absoluta,0.7707984965656781,0.3207586965678881,-0.45003979999779,
720,0,0.0259218998253345,0.0084176491945981,-0.3488860552726315,Solo secciones positivas,0.95334664815002,0.002489131929652,-0.950857516220368,18.0
721,0,0.1317414194345474,0.0084176491945981,-0.834638343001737,Relevancia a secas,0.4638375576986517,0.0042497091072046,-0.4595878485914471,
721,0,0.1317414194345474,0.0084176491945981,-0.834638343001737,Relevancia absoluta,0.1774190896717805,0.0251913133656166,-0.1522277763061639,
721,0,0.1317414194345474,0.0084176491945981,-0.834638343001737,Solo secciones positivas,0.867966596968472,0.0008077131020178,-0.8671588838664541,16.0
722,0,0.0089097917079925,0.0084176491945981,-0.7472270477806132,Relevancia a secas,0.0940810432269548,0.0156239369599562,-0.0784571062669985,
722,0,0.0089097917079925,0.0084176491945981,-0.7472270477806132,Relevancia absoluta,0.0091437165651263,0.0134236940389706,0.0042799774738442,
722,0,0.0089097917079925,0.0084176491945981,-0.7472270477806132,Solo secciones positivas,0.1725067136705749,0.0136971800691551,-0.1588095336014197,18.0
723,0,0.0087330741807818,0.0084176491945981,-0.8902863754662755,Relevancia a secas,0.3825463413053916,0.0812454966879967,-0.3013008446173949,
723,0,0.0087330741807818,0.0084176491945981,-0.8902863754662755,Relevancia absoluta,0.0164148661489081,0.116170153254643,0.0997552871057349,
723,0,0.0087330741807818,0.0084176491945981,-0.8902863754662755,Solo secciones positivas,0.5614383379487615,0.0911150648699779,-0.4703232730787836,19.0
724,0,0.0079995272681117,0.0084176491945981,-0.0543494050868424,Relevancia a secas,0.0085449207625869,0.0082061515810588,-0.000338769181528,
724,0,0.0079995272681117,0.0084176491945981,-0.0543494050868424,Relevancia absoluta,0.0084011967345658,0.0082801781956934,-0.0001210185388723,
724,0,0.0079995272681117,0.0084176491945981,-0.0543494050868424,Solo secciones positivas,0.0085411332547664,0.0080445627681911,-0.0004965704865753,3.0
725,0,0.0075366082601249,0.0084176491945981,-13.77465271339753,Relevancia a secas,0.4298889447365784,0.0081329041988485,-0.4217560405377298,
725,0,0.0075366082601249,0.0084176491945981,-13.77465271339753,Relevancia absoluta,0.0283100138573596,0.0120332167069945,-0.0162767971503651,
725,0,0.0075366082601249,0.0084176491945981,-13.77465271339753,Solo secciones positivas,0.7439874938572757,0.0069898482761345,-0.7369976455811411,16.0
726,1,1.0,0.0084176491945981,-0.4565871612029813,Relevancia a secas,0.1193631179748836,0.958450245231183,0.8390871272562994,
726,1,1.0,0.0084176491945981,-0.4565871612029813,Relevancia absoluta,0.8254039571112625,0.9058741338147698,0.0804701767035073,
726,1,1.0,0.0084176491945981,-0.4565871612029813,Solo secciones positivas,0.0238095238099019,0.9287718489677425,0.9049623251578404,21.0
727,1,0.9118273258209229,0.0084176491945981,-0.6371118029355103,Relevancia a secas,0.1380332125980058,0.8658457216289308,0.727812509030925,
727,1,0.9118273258209229,0.0084176491945981,-0.6371118029355103,Relevancia absoluta,0.7257383841270996,0.7270261256618243,0.0012877415347247,
727,1,0.9118273258209229,0.0084176491945981,-0.6371118029355103,Solo secciones positivas,0.159161220124886,0.787679794587587,0.6285185744627009,19.0
728,1,0.7660160660743713,0.0084176491945981,-0.6393605982326322,Relevancia a secas,0.850059093700515,0.955680076446798,0.1056209827462829,
728,1,0.7660160660743713,0.0084176491945981,-0.6393605982326322,Relevancia absoluta,0.934387356042862,0.9592503648665216,0.0248630088236595,
728,1,0.7660160660743713,0.0084176491945981,-0.6393605982326322,Solo secciones positivas,0.8105383423321387,0.9703241534092848,0.159785811077146,17.0
729,1,0.9999905824661256,0.0084176491945981,-0.3683399386306775,Relevancia a secas,0.1019959048100507,0.9845236821307076,0.882527777320657,
729,1,0.9999905824661256,0.0084176491945981,-0.3683399386306775,Relevancia absoluta,0.3871101298294694,0.948549563686053,0.5614394338565836,
729,1,0.9999905824661256,0.0084176491945981,-0.3683399386306775,Solo secciones positivas,0.0295451189933265,0.970835384200601,0.9412902652072744,17.0
730,1,1.0,0.0084176491945981,-0.8306732560694818,Relevancia a secas,0.1189500662666127,0.8209653423788648,0.702015276112252,
730,1,1.0,0.0084176491945981,-0.8306732560694818,Relevancia absoluta,0.3516871995396084,0.478234269993729,0.1265470704541205,
730,1,1.0,0.0084176491945981,-0.8306732560694818,Solo secciones positivas,0.131578947368421,0.6607764381915331,0.5291974908231121,19.0
731,0,0.0083419578149914,0.0084176491945981,0.2527980317748966,Relevancia a secas,0.0088918750536524,0.0086470837834187,-0.0002447912702336,
731,0,0.0083419578149914,0.0084176491945981,0.2527980317748966,Relevancia absoluta,0.0087285619487779,0.0087739650625735,4.54031137956494e-05,
731,0,0.0083419578149914,0.0084176491945981,0.2527980317748966,Solo secciones positivas,0.0095994831994175,0.0079955355264246,-0.0016039476729929,5.0
732,0,0.4004156589508056,0.0084176491945981,-0.3412031958582201,Relevancia a secas,0.7725442188578502,0.0145157958310291,-0.758028423026821,
732,0,0.4004156589508056,0.0084176491945981,-0.3412031958582201,Relevancia absoluta,0.3253752355230972,0.2461368016010503,-0.0792384339220468,
732,0,0.4004156589508056,0.0084176491945981,-0.3412031958582201,Solo secciones positivas,0.9857130902154104,0.0002321487906193,-0.9854809414247911,21.0
733,0,0.0080918231979012,0.0084176491945981,-0.0847189795192223,Relevancia a secas,0.0081496942374441,0.0083765477045542,0.0002268534671101,
733,0,0.0080918231979012,0.0084176491945981,-0.0847189795192223,Relevancia absoluta,0.0081496942374441,0.0083765477045542,0.0002268534671101,
733,0,0.0080918231979012,0.0084176491945981,-0.0847189795192223,Solo secciones positivas,,,,0.0
734,1,0.999963641166687,0.0084176491945981,-0.3852803337343085,Relevancia a secas,0.016673863962252,0.9851932260725234,0.9685193621102712,
734,1,0.999963641166687,0.0084176491945981,-0.3852803337343085,Relevancia absoluta,0.4848264025978197,0.8819137629535464,0.3970873603557266,
734,1,0.999963641166687,0.0084176491945981,-0.3852803337343085,Solo secciones positivas,0.0238088654479008,0.974963469164712,0.9511546037168112,21.0
735,1,0.9993269443511964,0.0084176491945981,-0.5261952469752993,Relevancia a secas,0.2696385863685923,0.9860571523507438,0.7164185659821514,
735,1,0.9993269443511964,0.0084176491945981,-0.5261952469752993,Relevancia absoluta,0.6934232097529225,0.7843182101431821,0.0908950003902596,
735,1,0.9993269443511964,0.0084176491945981,-0.5261952469752993,Solo secciones positivas,0.0836840086758851,0.9724560446209378,0.8887720359450527,18.0
736,1,0.9999653100967408,0.0084176491945981,-0.9627360772648852,Relevancia a secas,0.4842832712300897,0.985914569762018,0.5016312985319283,
736,1,0.9999653100967408,0.0084176491945981,-0.9627360772648852,Relevancia absoluta,0.6508002184176195,0.9070028803414768,0.2562026619238574,
736,1,0.9999653100967408,0.0084176491945981,-0.9627360772648852,Solo secciones positivas,0.0385904917125761,0.9617223739624025,0.9231318822498262,13.0
737,0,0.0070712175220251,0.0084176491945981,0.65576574429337,Relevancia a secas,0.0162659369719525,0.0059907881206729,-0.0102751488512795,
737,0,0.0070712175220251,0.0084176491945981,0.65576574429337,Relevancia absoluta,0.008993147018676,0.0078899413217893,-0.0011032056968866,
737,0,0.0070712175220251,0.0084176491945981,0.65576574429337,Solo secciones positivas,0.0226643769419752,0.0047961911186575,-0.0178681858233176,16.0
738,1,1.0,0.0084176491945981,-0.5720246729138584,Relevancia a secas,0.1490405898353338,0.98115204854144,0.832111458706106,
738,1,1.0,0.0084176491945981,-0.5720246729138584,Relevancia absoluta,0.4592664497702496,0.9321393561032084,0.4728729063329586,
738,1,1.0,0.0084176491945981,-0.5720246729138584,Solo secciones positivas,0.3065111917780336,0.9600867331027984,0.6535755413247648,17.0
739,0,0.0116159385070204,0.0084176491945981,-23.42694120360756,Relevancia a secas,0.1317309089418914,0.0106968815024528,-0.1210340274394386,
739,0,0.0116159385070204,0.0084176491945981,-23.42694120360756,Relevancia absoluta,0.0068451579944748,0.013420773217351,0.0065756152228762,
739,0,0.0116159385070204,0.0084176491945981,-23.42694120360756,Solo secciones positivas,0.2314713171628468,0.0086529242039165,-0.2228183929589303,17.0
740,1,1.0,0.0084176491945981,-1.2733970017201273,Relevancia a secas,0.0188408963972532,0.8624018115066672,0.843560915109414,
740,1,1.0,0.0084176491945981,-1.2733970017201273,Relevancia absoluta,0.1229378934311885,0.7278722948368592,0.6049344014056707,
740,1,1.0,0.0084176491945981,-1.2733970017201273,Solo secciones positivas,0.0211081893551939,0.8143211229040996,0.7932129335489057,24.0
741,0,0.0082116145640611,0.0084176491945981,-0.0004768600121757,Relevancia a secas,0.0083827387748493,0.0082511343838026,-0.0001316043910466,
741,0,0.0082116145640611,0.0084176491945981,-0.0004768600121757,Relevancia absoluta,0.0083827387748493,0.0082511343838026,-0.0001316043910466,
741,0,0.0082116145640611,0.0084176491945981,-0.0004768600121757,Solo secciones positivas,,,,0.0
742,0,0.0076258890330791,0.0084176491945981,-3.6008854570285656,Relevancia a secas,0.0231645186173005,0.0082174990481386,-0.0149470195691618,
742,0,0.0076258890330791,0.0084176491945981,-3.6008854570285656,Relevancia absoluta,0.0099495347434033,0.0097160826747616,-0.0002334520686417,
742,0,0.0076258890330791,0.0084176491945981,-3.6008854570285656,Solo secciones positivas,0.0354834164803226,0.0088777740537706,-0.026605642426552,18.0
743,1,0.9997416138648988,0.0084176491945981,-0.4764994941332677,Relevancia a secas,0.2457104518871309,0.985940479569965,0.7402300276828341,
743,1,0.9997416138648988,0.0084176491945981,-0.4764994941332677,Relevancia absoluta,0.7647420131979743,0.7259685675768803,-0.0387734456210939,
743,1,0.9997416138648988,0.0084176491945981,-0.4764994941332677,Solo secciones positivas,0.0277609150300627,0.9735041511686224,0.9457432361385596,19.0
744,0,0.0128575060516595,0.0084176491945981,-1.1015109498739886,Relevancia a secas,0.8816919692326337,0.4043988443186714,-0.4772931249139623,
744,0,0.0128575060516595,0.0084176491945981,-1.1015109498739886,Relevancia absoluta,0.7341812746599317,0.3942102859728038,-0.3399709886871279,
744,0,0.0128575060516595,0.0084176491945981,-1.1015109498739886,Solo secciones positivas,0.8843370375054125,0.236755198714408,-0.6475818387910045,22.0
745,0,0.007720177527517,0.0084176491945981,-0.0141213880061089,Relevancia a secas,0.4232116579336838,0.0245549577224563,-0.3986567002112274,
745,0,0.007720177527517,0.0084176491945981,-0.0141213880061089,Relevancia absoluta,0.0204191088624712,0.0275318176071676,0.0071127087446964,
745,0,0.007720177527517,0.0084176491945981,-0.0141213880061089,Solo secciones positivas,0.906049623969011,0.0063604047375065,-0.8996892192315045,16.0
746,0,0.0086241047829389,0.0084176491945981,-0.0541241654380125,Relevancia a secas,0.0085747831035405,0.0084669727883819,-0.0001078103151586,
746,0,0.0086241047829389,0.0084176491945981,-0.0541241654380125,Relevancia absoluta,0.0085747831035405,0.0084669727883819,-0.0001078103151586,
746,0,0.0086241047829389,0.0084176491945981,-0.0541241654380125,Solo secciones positivas,,,,0.0
747,1,0.9999959468841552,0.0084176491945981,-0.3085100215480947,Relevancia a secas,0.4388146396564044,0.9861654904153612,0.5473508507589567,
747,1,0.9999959468841552,0.0084176491945981,-0.3085100215480947,Relevancia absoluta,0.8995464869335087,0.9862261414527892,0.0866796545192806,
747,1,0.9999959468841552,0.0084176491945981,-0.3085100215480947,Solo secciones positivas,0.026535643606424,0.9739057264829936,0.9473700828765697,19.0
748,1,1.0,0.0084176491945981,-0.801528853918261,Relevancia a secas,0.1954405842099065,0.958323575452798,0.7628829912428915,
748,1,1.0,0.0084176491945981,-0.801528853918261,Relevancia absoluta,0.5237374981364363,0.912217904192706,0.3884804060562696,
748,1,1.0,0.0084176491945981,-0.801528853918261,Solo secciones positivas,0.0239997972077306,0.9318022848191586,0.907802487611428,22.0
749,0,0.0082132844254374,0.0084176491945981,0.3998203889875374,Relevancia a secas,0.0089336733023325,0.0079910142295476,-0.0009426590727849,
749,0,0.0082132844254374,0.0084176491945981,0.3998203889875374,Relevancia absoluta,0.0083401977188057,0.008457297226414,0.0001170995076083,
749,0,0.0082132844254374,0.0084176491945981,0.3998203889875374,Solo secciones positivas,0.0102604539798838,0.007099587470293,-0.0031608665095908,7.0
750,1,1.0,0.0084176491945981,-1.266537834027338,Relevancia a secas,0.1186393991293893,0.8623299195832159,0.7436905204538266,
750,1,1.0,0.0084176491945981,-1.266537834027338,Relevancia absoluta,0.6172062968576534,0.7362280223104689,0.1190217254528155,
750,1,1.0,0.0084176491945981,-1.266537834027338,Solo secciones positivas,0.0625,0.8767065939803917,0.8142065939803917,24.0
751,0,0.007879139855504,0.0084176491945981,-5.432155072569904,Relevancia a secas,0.1992432237861471,0.0083445992721762,-0.1908986245139708,
751,0,0.007879139855504,0.0084176491945981,-5.432155072569904,Relevancia absoluta,0.0078347871312871,0.0095019139763381,0.001667126845051,
751,0,0.007879139855504,0.0084176491945981,-5.432155072569904,Solo secciones positivas,0.3712853611282565,0.0084980523337007,-0.3627873087945558,17.0
752,1,0.9999998807907104,0.0084176491945981,-0.172269772009228,Relevancia a secas,0.0198212580948053,0.8241303379699172,0.8043090798751118,
752,1,0.9999998807907104,0.0084176491945981,-0.172269772009228,Relevancia absoluta,0.4340544869086847,0.9037689999483212,0.4697145130396365,
752,1,0.9999998807907104,0.0084176491945981,-0.172269772009228,Solo secciones positivas,0.0323727785865592,0.9210308685800748,0.8886580899935154,19.0
753,0,0.0091938506811857,0.0084176491945981,0.0533520381375675,Relevancia a secas,0.0153614955555115,0.008469012286514,-0.0068924832689974,
753,0,0.0091938506811857,0.0084176491945981,0.0533520381375675,Relevancia absoluta,0.009545035314347,0.0103667715165231,0.0008217362021761,
753,0,0.0091938506811857,0.0084176491945981,0.0533520381375675,Solo secciones positivas,0.0244749166931097,0.0082142214792279,-0.0162606952138818,13.0
754,0,0.0087608285248279,0.0084176491945981,0.0214799158206418,Relevancia a secas,0.0092033909633755,0.008648828576718,-0.0005545623866575,
754,0,0.0087608285248279,0.0084176491945981,0.0214799158206418,Relevancia absoluta,0.0091618564512048,0.0086670817807316,-0.0004947746704731,
754,0,0.0087608285248279,0.0084176491945981,0.0214799158206418,Solo secciones positivas,0.0093530863523483,0.0081519749946892,-0.0012011113576591,2.0
755,1,0.9999217987060548,0.0084176491945981,-0.2041770338612036,Relevancia a secas,0.4893108950427516,0.9860706213447784,0.4967597263020267,
755,1,0.9999217987060548,0.0084176491945981,-0.2041770338612036,Relevancia absoluta,0.6543156033957429,0.8993492349982262,0.2450336316024832,
755,1,0.9999217987060548,0.0084176491945981,-0.2041770338612036,Solo secciones positivas,0.3463134533905755,0.9738890246341104,0.6275755712435348,19.0
756,0,0.0130655756220221,0.0084176491945981,-0.2811638653975002,Relevancia a secas,0.0181484956863439,0.0105476873900948,-0.0076008082962491,
756,0,0.0130655756220221,0.0084176491945981,-0.2811638653975002,Relevancia absoluta,0.0093067888067,0.0151474012786315,0.0058406124719315,
756,0,0.0130655756220221,0.0084176491945981,-0.2811638653975002,Solo secciones positivas,0.0336358625949783,0.0068126794966784,-0.0268231830982999,11.0
757,0,0.0310855116695165,0.0084176491945981,-0.7370957365615378,Relevancia a secas,0.7355936547327373,0.4846180042044985,-0.2509756505282388,
757,0,0.0310855116695165,0.0084176491945981,-0.7370957365615378,Relevancia absoluta,0.5060054431152011,0.6467562563096482,0.140750813194447,
757,0,0.0310855116695165,0.0084176491945981,-0.7370957365615378,Solo secciones positivas,0.8525639243778729,0.59980266221932,-0.2527612621585529,21.0
758,1,0.999997854232788,0.0084176491945981,-0.3713375463420443,Relevancia a secas,0.2088326960334871,0.8973223806307135,0.6884896845972264,
758,1,0.999997854232788,0.0084176491945981,-0.3713375463420443,Relevancia absoluta,0.2450069814092583,0.90405996174862,0.6590529803393615,
758,1,0.999997854232788,0.0084176491945981,-0.3713375463420443,Solo secciones positivas,0.0259957690580759,0.8354668839368969,0.809471114878821,20.0
759,0,0.0077813640236854,0.0084176491945981,0.4960680452426495,Relevancia a secas,0.0094965141421804,0.006999736211987,-0.0024967779301934,
759,0,0.0077813640236854,0.0084176491945981,0.4960680452426495,Relevancia absoluta,0.0085847926740017,0.007615347392857,-0.0009694452811446,
759,0,0.0077813640236854,0.0084176491945981,0.4960680452426495,Solo secciones positivas,0.0106437599493397,0.0065487890711261,-0.0040949708782136,9.0
760,0,0.0113616287708282,0.0084176491945981,-0.9527828184366768,Relevancia a secas,0.1819525271938699,0.0207138092955574,-0.1612387178983125,
760,0,0.0113616287708282,0.0084176491945981,-0.9527828184366768,Relevancia absoluta,0.0099687725305557,0.032879098628958,0.0229103260984023,
760,0,0.0113616287708282,0.0084176491945981,-0.9527828184366768,Solo secciones positivas,0.4188993132983645,0.0104468612621227,-0.4084524520362417,15.0
761,0,0.0080662788823246,0.0084176491945981,0.0248475878863845,Relevancia a secas,0.0082864172032309,0.0085019352845847,0.0002155180813537,
761,0,0.0080662788823246,0.0084176491945981,0.0248475878863845,Relevancia absoluta,0.0082795421023749,0.0085057196621265,0.0002261775597516,
761,0,0.0080662788823246,0.0084176491945981,0.0248475878863845,Solo secciones positivas,0.0085169421508908,0.0080868317745625,-0.0004301103763282,2.0
762,1,0.9999977350234984,0.0084176491945981,-0.6284362137788687,Relevancia a secas,0.1625346868248987,0.8932099317771205,0.7306752449522218,
762,1,0.9999977350234984,0.0084176491945981,-0.6284362137788687,Relevancia absoluta,0.6834926333311968,0.8471633220707567,0.1636706887395599,
762,1,0.9999977350234984,0.0084176491945981,-0.6284362137788687,Solo secciones positivas,0.2672678164101914,0.786704740642575,0.5194369242323835,18.0
763,0,0.0077028535306453,0.0084176491945981,0.4201881819390388,Relevancia a secas,0.0081978597574763,0.0080232824742173,-0.000174577283259,
763,0,0.0077028535306453,0.0084176491945981,0.4201881819390388,Relevancia absoluta,0.0078323363947371,0.0083614786336612,0.000529142238924,
763,0,0.0077028535306453,0.0084176491945981,0.4201881819390388,Solo secciones positivas,0.0090421829372644,0.0073988230433315,-0.0016433598939329,4.0
764,0,0.0081489495933055,0.0084176491945981,-0.0631042380042181,Relevancia a secas,0.0083264698429654,0.0083820299607598,5.556011779440928e-05,
764,0,0.0081489495933055,0.0084176491945981,-0.0631042380042181,Relevancia absoluta,0.008307042143618,0.0083988815442555,9.183940063748308e-05,
764,0,0.0081489495933055,0.0084176491945981,-0.0631042380042181,Solo secciones positivas,0.0083984155207872,0.0082128271460533,-0.0001855883747339,1.0
765,0,0.0075665200129151,0.0084176491945981,0.4327682380116496,Relevancia a secas,0.0091689479692528,0.0073486970634096,-0.0018202509058432,
765,0,0.0075665200129151,0.0084176491945981,0.4327682380116496,Relevancia absoluta,0.0077191902221077,0.0085178626597755,0.0007986724376678,
765,0,0.0075665200129151,0.0084176491945981,0.4327682380116496,Solo secciones positivas,0.0112079595215618,0.006125391786918,-0.0050825677346438,10.0
766,0,0.0099561028182506,0.0084176491945981,-0.537372479406338,Relevancia a secas,0.6803916715370076,0.1722970414082725,-0.5080946301287351,
766,0,0.0099561028182506,0.0084176491945981,-0.537372479406338,Relevancia absoluta,0.3604366757855233,0.0246849359035207,-0.3357517398820026,
766,0,0.0099561028182506,0.0084176491945981,-0.537372479406338,Solo secciones positivas,0.9721287720733218,0.2705876243222747,-0.7015411477510471,18.0
767,0,0.0082605620846152,0.0084176491945981,0.2825671738876409,Relevancia a secas,0.0099753691142217,0.0076140504614967,-0.002361318652725,
767,0,0.0082605620846152,0.0084176491945981,0.2825671738876409,Relevancia absoluta,0.0088856645031935,0.0084073288857729,-0.0004783356174205,
767,0,0.0082605620846152,0.0084176491945981,0.2825671738876409,Solo secciones positivas,0.0123460678383708,0.0062810080591589,-0.0060650597792118,10.0
768,0,0.0080272769555449,0.0084176491945981,0.6577792082506533,Relevancia a secas,0.0106624955725338,0.0074210496257162,-0.0032414459468175,
768,0,0.0080272769555449,0.0084176491945981,0.6577792082506533,Relevancia absoluta,0.0089377365075051,0.0086440548249002,-0.0002936816826048,
768,0,0.0080272769555449,0.0084176491945981,0.6577792082506533,Solo secciones positivas,0.0134633854031562,0.0062520648352801,-0.007211320567876,11.0
769,0,0.0127855539321899,0.0084176491945981,-1.3930681139096937,Relevancia a secas,0.4195074093424611,0.0555746878380634,-0.3639327215043976,
769,0,0.0127855539321899,0.0084176491945981,-1.3930681139096937,Relevancia absoluta,0.0243179096529881,0.0185760085264013,-0.0057419011265867,
769,0,0.0127855539321899,0.0084176491945981,-1.3930681139096937,Solo secciones positivas,0.4483898926991969,0.0261977137997746,-0.4221921788994223,16.0
770,0,0.0080373650416731,0.0084176491945981,-1.6083829788845037,Relevancia a secas,0.4811836724014331,0.0980646499148052,-0.3831190224866279,
770,0,0.0080373650416731,0.0084176491945981,-1.6083829788845037,Relevancia absoluta,0.0135216082498017,0.0385520817039327,0.025030473454131,
770,0,0.0080373650416731,0.0084176491945981,-1.6083829788845037,Solo secciones positivas,0.7636708804321561,0.1546635099432685,-0.6090073704888876,22.0
771,0,0.0083460723981261,0.0084176491945981,0.0358625907792154,Relevancia a secas,0.0084023143475254,0.0085064653151979,0.0001041509676724,
771,0,0.0083460723981261,0.0084176491945981,0.0358625907792154,Relevancia absoluta,0.0083527308630032,0.0085450388077232,0.0001923079447199,
771,0,0.0083460723981261,0.0084176491945981,0.0358625907792154,Solo secciones positivas,0.0088065850238005,0.0080496768156687,-0.0007569082081317,3.0
772,0,0.0093349162489175,0.0084176491945981,-0.459026417628135,Relevancia a secas,0.4803116562643221,0.1429106772807629,-0.3374009789835591,
772,0,0.0093349162489175,0.0084176491945981,-0.459026417628135,Relevancia absoluta,0.2082779367321303,0.2030570327537134,-0.0052209039784169,
772,0,0.0093349162489175,0.0084176491945981,-0.459026417628135,Solo secciones positivas,0.914920464158058,0.1085964990927552,-0.8063239650653028,15.0
773,0,0.009002611041069,0.0084176491945981,-2.8791451832098844,Relevancia a secas,0.1378489711011449,0.0240150252740202,-0.1138339458271247,
773,0,0.009002611041069,0.0084176491945981,-2.8791451832098844,Relevancia absoluta,0.0141644420412679,0.0123835723045178,-0.00178086973675,
773,0,0.009002611041069,0.0084176491945981,-2.8791451832098844,Solo secciones positivas,0.2732046646332102,0.0041050575993612,-0.269099607033849,14.0
774,0,0.0154377594590187,0.0084176491945981,-0.6450955376227944,Relevancia a secas,0.6244896099281809,0.0043297403531133,-0.6201598695750676,
774,0,0.0154377594590187,0.0084176491945981,-0.6450955376227944,Relevancia absoluta,0.3083410398842766,0.1196648971365195,-0.188676142747757,
774,0,0.0154377594590187,0.0084176491945981,-0.6450955376227944,Solo secciones positivas,0.9016126858691376,0.001807765474887,-0.8998049203942504,15.0
775,0,0.0338889211416244,0.0084176491945981,-7.85638952585172,Relevancia a secas,0.2945143192256284,0.0101886794703508,-0.2843256397552776,
775,0,0.0338889211416244,0.0084176491945981,-7.85638952585172,Relevancia absoluta,0.0084513874543416,0.0225445687667363,0.0140931813123946,
775,0,0.0338889211416244,0.0084176491945981,-7.85638952585172,Solo secciones positivas,0.599063352407778,0.0026883900333332,-0.5963749623744447,17.0
776,1,1.0,0.0084176491945981,-0.5312847606355258,Relevancia a secas,0.1335824679550141,0.9277608384777392,0.7941783705227251,
776,1,1.0,0.0084176491945981,-0.5312847606355258,Relevancia absoluta,0.4577747001043334,0.5572644320518043,0.0994897319474708,
776,1,1.0,0.0084176491945981,-0.5312847606355258,Solo secciones positivas,0.0263157894736959,0.8669278603537302,0.8406120708800342,19.0
777,1,0.9999998807907104,0.0084176491945981,-0.7261749463160918,Relevancia a secas,0.572515675591098,0.9594035703274938,0.3868878947363958,
777,1,0.9999998807907104,0.0084176491945981,-0.7261749463160918,Relevancia absoluta,0.9313900234022487,0.4237826367175578,-0.507607386684691,
777,1,0.9999998807907104,0.0084176491945981,-0.7261749463160918,Solo secciones positivas,0.2574125458212459,0.9140316247940063,0.6566190789727604,17.0
778,1,0.999996542930603,0.0084176491945981,-0.5105377833801399,Relevancia a secas,0.2469544915634036,0.9578484729734352,0.7108939814100315,
778,1,0.999996542930603,0.0084176491945981,-0.5105377833801399,Relevancia absoluta,0.735428907681934,0.8745262976056742,0.1390973899237402,
778,1,0.999996542930603,0.0084176491945981,-0.5105377833801399,Solo secciones positivas,0.0263158816824204,0.9213141019358054,0.894998220253385,19.0
779,0,0.0080448007211089,0.0084176491945981,-0.0857364899741125,Relevancia a secas,0.0080884551215502,0.0084061057875967,0.0003176506660464,
779,0,0.0080448007211089,0.0084176491945981,-0.0857364899741125,Relevancia absoluta,0.0080884551215502,0.0084061057875967,0.0003176506660464,
779,0,0.0080448007211089,0.0084176491945981,-0.0857364899741125,Solo secciones positivas,,,,0.0
780,0,0.007842113263905,0.0084176491945981,0.1718639770763615,Relevancia a secas,0.0098875406612124,0.0075381904219587,-0.0023493502392537,
780,0,0.007842113263905,0.0084176491945981,0.1718639770763615,Relevancia absoluta,0.0088878354161149,0.0079866154766124,-0.0009012199395025,
780,0,0.007842113263905,0.0084176491945981,0.1718639770763615,Solo secciones positivas,0.011852372996509,0.006925973156467,-0.0049263998400419,10.0
781,0,0.010906015522778,0.0084176491945981,0.319694257849415,Relevancia a secas,0.0139691533727778,0.0065907036575178,-0.00737844971526,
781,0,0.010906015522778,0.0084176491945981,0.319694257849415,Relevancia absoluta,0.0081700810696929,0.0104180632107373,0.0022479821410444,
781,0,0.010906015522778,0.0084176491945981,0.319694257849415,Solo secciones positivas,0.0179474432678783,0.0036359010401236,-0.0143115422277546,17.0
782,1,1.0,0.0084176491945981,-0.6581317575309635,Relevancia a secas,0.2374685823191757,0.8875047290644539,0.6500361467452781,
782,1,1.0,0.0084176491945981,-0.6581317575309635,Relevancia absoluta,0.6907987295546332,0.8168321741101453,0.1260334445555121,
782,1,1.0,0.0084176491945981,-0.6581317575309635,Solo secciones positivas,0.0883702773429905,0.7619123518703044,0.6735420745273138,17.0
783,0,0.1038466319441795,0.0084176491945981,-1.0591298074747144,Relevancia a secas,0.7851560900582828,0.5127009786148037,-0.2724551114434791,
783,0,0.1038466319441795,0.0084176491945981,-1.0591298074747144,Relevancia absoluta,0.1001224722306501,0.46751913763324,0.3673966654025898,
783,0,0.1038466319441795,0.0084176491945981,-1.0591298074747144,Solo secciones positivas,0.962991191790654,0.5789784859292781,-0.3840127058613759,13.0
784,0,0.0079879565164446,0.0084176491945981,0.3471551229694619,Relevancia a secas,0.019627041881904,0.0065467514408131,-0.0130802904410908,
784,0,0.0079879565164446,0.0084176491945981,0.3471551229694619,Relevancia absoluta,0.0087674230388883,0.0089864307988641,0.0002190077599758,
784,0,0.0079879565164446,0.0084176491945981,0.3471551229694619,Solo secciones positivas,0.0287736204507596,0.0052822119392016,-0.023491408511558,17.0
785,1,1.0,0.0084176491945981,-0.6909217896828235,Relevancia a secas,0.5414513742471141,0.9862280223104688,0.4447766480633548,
785,1,1.0,0.0084176491945981,-0.6909217896828235,Relevancia absoluta,0.5908608694050881,0.9314805023993056,0.3406196329942175,
785,1,1.0,0.0084176491945981,-0.6909217896828235,Solo secciones positivas,0.1000174920541991,0.9669472535451252,0.8669297614909262,15.0
786,0,0.0084107583388686,0.0084176491945981,0.2496395457353815,Relevancia a secas,0.0112205009597043,0.0081209770998814,-0.0030995238598229,
786,0,0.0084107583388686,0.0084176491945981,0.2496395457353815,Relevancia absoluta,0.008643488981761,0.0090532360288004,0.0004097470470393,
786,0,0.0084107583388686,0.0084176491945981,0.2496395457353815,Solo secciones positivas,0.0136944169644266,0.0072608963431169,-0.0064335206213096,12.0
787,0,0.008680080063641,0.0084176491945981,0.2628090735832238,Relevancia a secas,0.009790422886403,0.0082352297613397,-0.0015551931250633,
787,0,0.008680080063641,0.0084176491945981,0.2628090735832238,Relevancia absoluta,0.009213579689256,0.0085096111417644,-0.0007039685474915,
787,0,0.008680080063641,0.0084176491945981,0.2628090735832238,Solo secciones positivas,0.0110296888742595,0.0069015586632303,-0.0041281302110292,8.0
788,1,0.9999998807907104,0.0084176491945981,-1.31393959332545,Relevancia a secas,0.2712067176410821,0.9860624472300212,0.7148557295889391,
788,1,0.9999998807907104,0.0084176491945981,-1.31393959332545,Relevancia absoluta,0.7569506580152342,0.9306583416311898,0.1737076836159555,
788,1,0.9999998807907104,0.0084176491945981,-1.31393959332545,Solo secciones positivas,0.1388063342472239,0.9721259971459708,0.8333196628987467,18.0
789,1,1.0,0.0084176491945981,-0.857736026066436,Relevancia a secas,0.4677366576606541,0.9765189720524682,0.5087823143918141,
789,1,1.0,0.0084176491945981,-0.857736026066436,Relevancia absoluta,0.8054488072711037,0.9566481343936176,0.1511993271225138,
789,1,1.0,0.0084176491945981,-0.857736026066436,Solo secciones positivas,0.0455523949084591,0.9231530996886166,0.8776007047801574,11.0
790,0,0.0082062073051929,0.0084176491945981,-0.0242441318126956,Relevancia a secas,0.0082083015968757,0.0090695249448929,0.0008612233480172,
790,0,0.0082062073051929,0.0084176491945981,-0.0242441318126956,Relevancia absoluta,0.0081546529595341,0.0091311659930007,0.0009765130334666,
790,0,0.0082062073051929,0.0084176491945981,-0.0242441318126956,Solo secciones positivas,0.0085032354108989,0.0081493891775608,-0.0003538462333381,2.0
791,0,0.007842936553061,0.0084176491945981,0.284317416431577,Relevancia a secas,0.0091435757155219,0.0073035578890186,-0.0018400178265033,
791,0,0.007842936553061,0.0084176491945981,0.284317416431577,Relevancia absoluta,0.008765440304867,0.0075432434548727,-0.0012221968499943,
791,0,0.007842936553061,0.0084176491945981,0.284317416431577,Solo secciones positivas,0.0105219652048415,0.0065689078635639,-0.0039530573412776,9.0
792,0,0.0070875105448067,0.0084176491945981,-25.939339845127773,Relevancia a secas,0.0258787778339215,0.026406850825463,0.0005280729915414,
792,0,0.0070875105448067,0.0084176491945981,-25.939339845127773,Relevancia absoluta,0.0114688062774283,0.0094242422176258,-0.0020445640598024,
792,0,0.0070875105448067,0.0084176491945981,-25.939339845127773,Solo secciones positivas,0.0345533151800433,0.012608941230509,-0.0219443739495343,18.0
793,0,0.0106097143143415,0.0084176491945981,-3.235176148559127,Relevancia a secas,0.0241896554103328,0.0090861808663854,-0.0151034745439473,
793,0,0.0106097143143415,0.0084176491945981,-3.235176148559127,Relevancia absoluta,0.0078902459030763,0.0109156656027254,0.003025419699649,
793,0,0.0106097143143415,0.0084176491945981,-3.235176148559127,Solo secciones positivas,0.0366507338261918,0.0071217222874493,-0.0295290115387424,19.0
794,0,0.3384229242801666,0.0084176491945981,-0.376607388199987,Relevancia a secas,0.7370818744610813,0.0185593151102812,-0.7185225593508,
794,0,0.3384229242801666,0.0084176491945981,-0.376607388199987,Relevancia absoluta,0.434292248364525,0.186039001688995,-0.24825324667553,
794,0,0.3384229242801666,0.0084176491945981,-0.376607388199987,Solo secciones positivas,0.9329530480835172,0.0002339128615293,-0.932719135221988,18.0
795,1,0.5679749846458435,0.0084176491945981,-0.8220249730453985,Relevancia a secas,0.0224332908492412,0.8566996128194864,0.8342663219702451,
795,1,0.5679749846458435,0.0084176491945981,-0.8220249730453985,Relevancia absoluta,0.0534690954914268,0.6158945779930542,0.5624254825016274,
795,1,0.5679749846458435,0.0084176491945981,-0.8220249730453985,Solo secciones positivas,0.0238198632920492,0.9763157566388448,0.9524958933467956,21.0
796,1,1.0,0.0084176491945981,-0.5898861012615371,Relevancia a secas,0.17927912036228,0.9424498070859246,0.7631706867236445,
796,1,1.0,0.0084176491945981,-0.5898861012615371,Relevancia absoluta,0.6231295539894037,0.8637563851073107,0.2406268311179069,
796,1,1.0,0.0084176491945981,-0.5898861012615371,Solo secciones positivas,0.0789473684210526,0.8909575605863019,0.8120101921652493,19.0
797,0,0.008504987694323,0.0084176491945981,0.0188219939661128,Relevancia a secas,0.0090468362646384,0.0081618527053958,-0.0008849835592425,
797,0,0.008504987694323,0.0084176491945981,0.0188219939661128,Relevancia absoluta,0.0087968226936128,0.0083199015870276,-0.0004769211065851,
797,0,0.008504987694323,0.0084176491945981,0.0188219939661128,Solo secciones positivas,0.0089620972673098,0.0080368450532356,-0.0009252522140741,3.0
798,0,0.0087196975946426,0.0084176491945981,-0.4160840830947753,Relevancia a secas,0.4861983308413377,0.041257197513687,-0.4449411333276506,
798,0,0.0087196975946426,0.0084176491945981,-0.4160840830947753,Relevancia absoluta,0.1787935833498422,0.0928980884620816,-0.0858954948877605,
798,0,0.0087196975946426,0.0084176491945981,-0.4160840830947753,Solo secciones positivas,0.797780174407221,0.0575361619481728,-0.7402440124590483,21.0
799,1,0.9999983310699464,0.0084176491945981,-0.5211127172255253,Relevancia a secas,0.1185333502153414,0.7640189922298709,0.6454856420145294,
799,1,0.9999983310699464,0.0084176491945981,-0.5211127172255253,Relevancia absoluta,0.286527772763738,0.6697509543333177,0.3832231815695797,
799,1,0.9999983310699464,0.0084176491945981,-0.5211127172255253,Solo secciones positivas,0.0263159155447821,0.9212740926366104,0.8949581770918281,19.0
800,0,0.0073710917495191,0.0084176491945981,0.6116098322984774,Relevancia a secas,0.0123307569625063,0.0060042706059498,-0.0063264863565564,
800,0,0.0073710917495191,0.0084176491945981,0.6116098322984774,Relevancia absoluta,0.0084971099729753,0.0079884137699587,-0.0005086962030165,
800,0,0.0073710917495191,0.0084176491945981,0.6116098322984774,Solo secciones positivas,0.0149879103992134,0.0052023993630427,-0.0097855110361706,16.0
801,1,1.0,0.0084176491945981,-0.5594562342918054,Relevancia a secas,0.0970183358535066,0.9862280223104688,0.8892096864569623,
801,1,1.0,0.0084176491945981,-0.5594562342918054,Relevancia absoluta,0.4741474499095264,0.9836887154314252,0.5095412655218989,
801,1,1.0,0.0084176491945981,-0.5594562342918054,Solo secciones positivas,0.1395378875732421,0.9801683521270752,0.8406304645538331,25.0
802,1,0.9999985694885254,0.0084176491945981,-1.1107021850086454,Relevancia a secas,0.3021842959824969,0.976824978987376,0.6746406830048789,
802,1,0.9999985694885254,0.0084176491945981,-1.1107021850086454,Relevancia absoluta,0.2569465601278969,0.9862069322003258,0.7292603720724289,
802,1,0.9999985694885254,0.0084176491945981,-1.1107021850086454,Solo secciones positivas,0.0537202187229083,0.9752097129821776,0.9214894942592694,20.0
803,0,0.0081274453550577,0.0084176491945981,-1.0537767534254647,Relevancia a secas,0.1494168067454463,0.042411339857305,-0.1070054668881413,
803,0,0.0081274453550577,0.0084176491945981,-1.0537767534254647,Relevancia absoluta,0.0131434588434381,0.0129614947622434,-0.0001819640811946,
803,0,0.0081274453550577,0.0084176491945981,-1.0537767534254647,Solo secciones positivas,0.2711242552062398,0.0650521387395105,-0.2060721164667292,19.0
804,1,0.8838625550270081,0.0084176491945981,-0.9008964920577908,Relevancia a secas,0.3681636757347494,0.9331237957295444,0.5649601199947949,
804,1,0.8838625550270081,0.0084176491945981,-0.9008964920577908,Relevancia absoluta,0.9453101787302228,0.9531842819932436,0.0078741032630206,
804,1,0.8838625550270081,0.0084176491945981,-0.9008964920577908,Solo secciones positivas,0.1989311120576332,0.921548971078462,0.7226178590208289,18.0
805,0,0.0427983552217483,0.0084176491945981,-0.8444744141176009,Relevancia a secas,0.5944355546574418,0.0597993050127519,-0.5346362496446898,
805,0,0.0427983552217483,0.0084176491945981,-0.8444744141176009,Relevancia absoluta,0.0292117036725428,0.0228271682863123,-0.0063845353862304,
805,0,0.0427983552217483,0.0084176491945981,-0.8444744141176009,Solo secciones positivas,0.9734028809600406,0.0014410624195685,-0.971961818540472,18.0
806,1,0.9741039276123048,0.0084176491945981,-0.8008595742216457,Relevancia a secas,0.1628139228902008,0.9258499250022902,0.7630360021120894,
806,1,0.9741039276123048,0.0084176491945981,-0.8008595742216457,Relevancia absoluta,0.2912482728457285,0.5513156964724556,0.2600674236267271,
806,1,0.9741039276123048,0.0084176491945981,-0.8008595742216457,Solo secciones positivas,0.0246938267709823,0.8762984761968255,0.8516046494258432,20.0
807,1,0.5731220245361328,0.0084176491945981,-2.810248767012393,Relevancia a secas,0.1308641036027726,0.9466852032476,0.8158210996448274,
807,1,0.5731220245361328,0.0084176491945981,-2.810248767012393,Relevancia absoluta,0.2542473080186418,0.6947487827856091,0.4405014747669672,
807,1,0.5731220245361328,0.0084176491945981,-2.810248767012393,Solo secciones positivas,0.020373516104314,0.96601449780994,0.9456409817056258,18.0
808,1,0.999995231628418,0.0084176491945981,-0.746851512215215,Relevancia a secas,0.0428990645025516,0.9313539219761476,0.8884548574735959,
808,1,0.999995231628418,0.0084176491945981,-0.746851512215215,Relevancia absoluta,0.3594394478449678,0.9038188541308044,0.5443794062858367,
808,1,0.999995231628418,0.0084176491945981,-0.746851512215215,Solo secciones positivas,0.0262252241184031,0.8767965351697058,0.8505713110513027,20.0
809,1,0.9999991655349731,0.0084176491945981,-0.3907909960608128,Relevancia a secas,0.4100614122886174,0.9320565509713358,0.5219951386827184,
809,1,0.9999991655349731,0.0084176491945981,-0.3907909960608128,Relevancia absoluta,0.8198399377306234,0.6526231557056436,-0.1672167820249798,
809,1,0.9999991655349731,0.0084176491945981,-0.3907909960608128,Solo secciones positivas,0.2890576822913461,0.973905550806146,0.6848478685147998,19.0
810,0,0.0077490843832492,0.0084176491945981,0.074724156844926,Relevancia a secas,0.0078957111840801,0.0084811256134084,0.0005854144293282,
810,0,0.0077490843832492,0.0084176491945981,0.074724156844926,Relevancia absoluta,0.00788627838982,0.0084956105000206,0.0006093321102006,
810,0,0.0077490843832492,0.0084176491945981,0.074724156844926,Solo secciones positivas,0.0080567095428705,0.0081419441848993,8.52346420288086e-05,1.0
811,1,1.0,0.0084176491945981,-0.7909466577900318,Relevancia a secas,0.1805002860309513,0.9853593938880496,0.8048591078570984,
811,1,1.0,0.0084176491945981,-0.7909466577900318,Relevancia absoluta,0.3033133221954009,0.9584498677350994,0.6551365455396985,
811,1,1.0,0.0084176491945981,-0.7909466577900318,Solo secciones positivas,0.2247153522377643,0.975210440158844,0.7504950879210797,20.0
812,0,0.0079394550994038,0.0084176491945981,0.4684085899151408,Relevancia a secas,0.0088527639293008,0.0079796021390292,-0.0008731617902716,
812,0,0.0079394550994038,0.0084176491945981,0.4684085899151408,Relevancia absoluta,0.0085854988493439,0.0082231045622999,-0.0003623942870439,
812,0,0.0079394550994038,0.0084176491945981,0.4684085899151408,Solo secciones positivas,0.0103893877938389,0.0071161395870149,-0.003273248206824,5.0
813,0,0.0091712474822998,0.0084176491945981,-0.6409989717553443,Relevancia a secas,0.4484127156384704,0.0124746223963383,-0.435938093242132,
813,0,0.0091712474822998,0.0084176491945981,-0.6409989717553443,Relevancia absoluta,0.0113939543565114,0.0084574241579199,-0.0029365301985914,
813,0,0.0091712474822998,0.0084176491945981,-0.6409989717553443,Solo secciones positivas,0.8636832191712326,0.0132126186249984,-0.8504706005462341,18.0
814,0,0.0103705497458577,0.0084176491945981,-0.9903519081197502,Relevancia a secas,0.5303128756737958,0.0215572741839827,-0.508755601489813,
814,0,0.0103705497458577,0.0084176491945981,-0.9903519081197502,Relevancia absoluta,0.0173707778319819,0.0156871936697926,-0.0016835841621893,
814,0,0.0103705497458577,0.0084176491945981,-0.9903519081197502,Solo secciones positivas,0.8757292382884772,0.0200547987828031,-0.855674439505674,20.0
815,0,0.3609941303730011,0.0084176491945981,-1.2691369070689578,Relevancia a secas,0.7590258514715565,0.6457667309781148,-0.1132591204934417,
815,0,0.3609941303730011,0.0084176491945981,-1.2691369070689578,Relevancia absoluta,0.4388916970945301,0.7874545640467356,0.3485628669522055,
815,0,0.3609941303730011,0.0084176491945981,-1.2691369070689578,Solo secciones positivas,0.761027780175209,0.178309869338409,-0.5827179108367999,15.0
816,0,0.0095942122861742,0.0084176491945981,0.4035746038713337,Relevancia a secas,0.0097485668181131,0.0091028063713262,-0.0006457604467868,
816,0,0.0095942122861742,0.0084176491945981,0.4035746038713337,Relevancia absoluta,0.0089331613077471,0.0098436312853462,0.000910469977599,
816,0,0.0095942122861742,0.0084176491945981,0.4035746038713337,Solo secciones positivas,0.0114302923902869,0.0071801022212538,-0.004250190169033,9.0
817,0,0.0087543344125151,0.0084176491945981,-0.2047782731017224,Relevancia a secas,0.0134944374569588,0.0068371344047288,-0.00665730305223,
817,0,0.0087543344125151,0.0084176491945981,-0.2047782731017224,Relevancia absoluta,0.0091887236728022,0.0106803191722267,0.0014915954994244,
817,0,0.0087543344125151,0.0084176491945981,-0.2047782731017224,Solo secciones positivas,0.0154763620934988,0.0058886770060972,-0.0095876850874016,19.0
818,0,0.0077325995080173,0.0084176491945981,-6.529135173971104,Relevancia a secas,0.1672921795139296,0.0261021101873161,-0.1411900693266135,
818,0,0.0077325995080173,0.0084176491945981,-6.529135173971104,Relevancia absoluta,0.0104111451396925,0.0102590268555407,-0.0001521182841517,
818,0,0.0077325995080173,0.0084176491945981,-6.529135173971104,Solo secciones positivas,0.3322652205824851,0.0434797317447031,-0.288785488837782,17.0
819,1,1.0,0.0084176491945981,-1.1561589736514295,Relevancia a secas,0.5897474482306077,0.9861689805984496,0.396421532367842,
819,1,1.0,0.0084176491945981,-1.1561589736514295,Relevancia absoluta,0.4794306790881709,0.8751121130254989,0.3956814339373279,
819,1,1.0,0.0084176491945981,-1.1561589736514295,Solo secciones positivas,0.1774698768856679,0.9707107824437758,0.7932409055581079,17.0
820,1,1.0,0.0084176491945981,-0.8643262424459899,Relevancia a secas,0.3125224024719979,0.9306713846356948,0.6181489821636968,
820,1,1.0,0.0084176491945981,-0.8643262424459899,Relevancia absoluta,0.375285300659383,0.3808841153364145,0.0055988146770314,
820,1,1.0,0.0084176491945981,-0.8643262424459899,Solo secciones positivas,0.0785320068148634,0.8531864753869588,0.7746544685720953,17.0
821,0,0.1358550637960434,0.0084176491945981,-0.8848658339702528,Relevancia a secas,0.5636352511355653,0.0981544461893943,-0.465480804946171,
821,0,0.1358550637960434,0.0084176491945981,-0.8848658339702528,Relevancia absoluta,0.0076746772307766,0.5012428718101647,0.493568194579388,
821,0,0.1358550637960434,0.0084176491945981,-0.8848658339702528,Solo secciones positivas,0.8307548880577088,0.0003555981995987,-0.8303992898581101,20.0
822,0,0.0172386169433593,0.0084176491945981,-0.8511959603948889,Relevancia a secas,0.7519515898958264,0.057389844956712,-0.6945617449391145,
822,0,0.0172386169433593,0.0084176491945981,-0.8511959603948889,Relevancia absoluta,0.2106352530988968,0.5525825664711495,0.3419473133722526,
822,0,0.0172386169433593,0.0084176491945981,-0.8511959603948889,Solo secciones positivas,0.8636660951500138,0.0076711240451711,-0.8559949711048426,18.0
823,1,0.9983422756195068,0.0084176491945981,-0.4954233528452624,Relevancia a secas,0.4183065194630486,0.9800633307960298,0.5617568113329812,
823,1,0.9983422756195068,0.0084176491945981,-0.4954233528452624,Relevancia absoluta,0.8941684116661135,0.9800471713145574,0.0858787596484439,
823,1,0.9983422756195068,0.0084176491945981,-0.4954233528452624,Solo secciones positivas,0.0332780794778121,0.9523206412792206,0.9190425618014084,15.0
824,1,0.9249936938285828,0.0084176491945981,-0.4753992640779535,Relevancia a secas,0.0645767608791535,0.958070557978418,0.8934937970992646,
824,1,0.9249936938285828,0.0084176491945981,-0.4753992640779535,Relevancia absoluta,0.1889118633393486,0.5073563804674279,0.3184445171280793,
824,1,0.9249936938285828,0.0084176491945981,-0.4753992640779535,Solo secciones positivas,0.071425837272301,0.9743199169635772,0.902894079691276,20.0
825,0,0.0084072714671492,0.0084176491945981,0.2731813525067926,Relevancia a secas,0.0085464621273179,0.0084330965376769,-0.000113365589641,
825,0,0.0084072714671492,0.0084176491945981,0.2731813525067926,Relevancia absoluta,0.0085255652407391,0.0084607539595001,-6.481128123899532e-05,
825,0,0.0084072714671492,0.0084176491945981,0.2731813525067926,Solo secciones positivas,0.0095804349208871,0.0077542263704041,-0.0018262085504829,3.0
826,0,0.0174271278083324,0.0084176491945981,-1.0019681497882906,Relevancia a secas,0.7145247218173204,0.3736123522329662,-0.3409123695843542,
826,0,0.0174271278083324,0.0084176491945981,-1.0019681497882906,Relevancia absoluta,0.4557516584690246,0.6903527915969285,0.2346011331279039,
826,0,0.0174271278083324,0.0084176491945981,-1.0019681497882906,Solo secciones positivas,0.9672560113317824,0.5239593128071112,-0.4432966985246713,17.0
827,0,0.0174893494695425,0.0084176491945981,-0.0582657766858231,Relevancia a secas,0.1351384190428588,0.0129878992358701,-0.1221505198069887,
827,0,0.0174893494695425,0.0084176491945981,-0.0582657766858231,Relevancia absoluta,0.0111167952547677,0.0189784690867074,0.0078616738319396,
827,0,0.0174893494695425,0.0084176491945981,-0.0582657766858231,Solo secciones positivas,0.2165715193375945,0.0071732466647517,-0.2093982726728427,20.0
828,1,1.0,0.0084176491945981,-0.7123847285875449,Relevancia a secas,0.373122417575873,0.9007883949771996,0.5276659774013265,
828,1,1.0,0.0084176491945981,-0.7123847285875449,Relevancia absoluta,0.7870993976726481,0.5673638115098842,-0.2197355861627639,
828,1,1.0,0.0084176491945981,-0.7123847285875449,Solo secciones positivas,0.0288197388889023,0.8214191109589593,0.7925993720700569,20.0
829,1,0.9998865127563475,0.0084176491945981,-1.0440433080016818,Relevancia a secas,0.4848616138155963,0.9852879982855586,0.5004263844699623,
829,1,0.9998865127563475,0.0084176491945981,-1.0440433080016818,Relevancia absoluta,0.7079804394446809,0.8738740549155812,0.1658936154709003,
829,1,0.9998865127563475,0.0084176491945981,-1.0440433080016818,Solo secciones positivas,0.6303860802613971,0.9778419849665267,0.3474559047051297,23.0
830,0,0.0078320354223251,0.0084176491945981,0.0394400886465921,Relevancia a secas,0.0148653732095327,0.0072741885540179,-0.0075911846555148,
830,0,0.0078320354223251,0.0084176491945981,0.0394400886465921,Relevancia absoluta,0.0098086771451764,0.0080570304740427,-0.0017516466711337,
830,0,0.0078320354223251,0.0084176491945981,0.0394400886465921,Solo secciones positivas,0.0183602128835285,0.0064582240712993,-0.0119019888122292,17.0
831,0,0.0091201709583401,0.0084176491945981,-27.25724896953775,Relevancia a secas,0.0498708999301824,0.0103721583857097,-0.0394987415444726,
831,0,0.0091201709583401,0.0084176491945981,-27.25724896953775,Relevancia absoluta,0.0077570466997308,0.0099949874759962,0.0022379407762653,
831,0,0.0091201709583401,0.0084176491945981,-27.25724896953775,Solo secciones positivas,0.0757351825479418,0.0102799478685483,-0.0654552346793934,20.0
832,1,0.999996304512024,0.0084176491945981,-1.3844942817321888,Relevancia a secas,0.5271025962300092,0.9861794097556008,0.4590768135255915,
832,1,0.999996304512024,0.0084176491945981,-1.3844942817321888,Relevancia absoluta,0.954052829080158,0.9862275570631028,0.0321747279829448,
832,1,0.999996304512024,0.0084176491945981,-1.3844942817321888,Solo secciones positivas,0.0882351854268921,0.9707334251964794,0.8824982397695873,17.0
833,1,1.0,0.0084176491945981,-0.7293114517125587,Relevancia a secas,0.065921735093972,0.9862273732821148,0.9203056381881428,
833,1,1.0,0.0084176491945981,-0.7293114517125587,Relevancia absoluta,0.7146020735600066,0.7509245960670038,0.0363225225069971,
833,1,1.0,0.0084176491945981,-0.7293114517125587,Solo secciones positivas,0.0312500991013821,0.969011589884758,0.9377614907833758,16.0
834,0,0.0081139486283063,0.0084176491945981,0.2200158133356342,Relevancia a secas,0.0084148897116796,0.0081318270984209,-0.0002830626132587,
834,0,0.0081139486283063,0.0084176491945981,0.2200158133356342,Relevancia absoluta,0.0084269707763774,0.0081538967012117,-0.0002730740751657,
834,0,0.0081139486283063,0.0084176491945981,0.2200158133356342,Solo secciones positivas,0.0085258791223168,0.0080008758231997,-0.000525003299117,2.0
835,1,0.999993085861206,0.0084176491945981,-0.1101341312178558,Relevancia a secas,0.0242384338740474,0.9693561825487348,0.9451177486746876,
835,1,0.999993085861206,0.0084176491945981,-0.1101341312178558,Relevancia absoluta,0.0266295209670021,0.9322500096427068,0.9056204886757048,
835,1,0.999993085861206,0.0084176491945981,-0.1101341312178558,Solo secciones positivas,0.0496007901576688,0.9485257659107448,0.8989249757530758,16.0
836,1,1.0,0.0084176491945981,-1.1783653362578186,Relevancia a secas,0.3587359834854415,0.972350949048996,0.6136149655635544,
836,1,1.0,0.0084176491945981,-1.1783653362578186,Relevancia absoluta,0.5360838059763615,0.8577793889092956,0.3216955829329341,
836,1,1.0,0.0084176491945981,-1.1783653362578186,Solo secciones positivas,0.425944398634327,0.9641589599627036,0.5382145613283766,27.0
837,1,1.0,0.0084176491945981,-0.7061606624013097,Relevancia a secas,0.0181510629282672,0.984269599119822,0.9661185361915549,
837,1,1.0,0.0084176491945981,-0.7061606624013097,Relevancia absoluta,0.7569012354490245,0.9862231976456112,0.2293219621965866,
837,1,1.0,0.0084176491945981,-0.7061606624013097,Solo secciones positivas,0.0319157688774996,0.9724559320343864,0.9405401631568868,18.0
838,0,0.0876872986555099,0.0084176491945981,-0.3067188708402376,Relevancia a secas,0.8473740159533918,0.5250500914742685,-0.3223239244791233,
838,0,0.0876872986555099,0.0084176491945981,-0.3067188708402376,Relevancia absoluta,0.7383611299511457,0.4699756620931717,-0.2683854678579739,
838,0,0.0876872986555099,0.0084176491945981,-0.3067188708402376,Solo secciones positivas,0.8896668806672097,0.5184653442039776,-0.371201536463232,20.0
839,1,0.9997979998588562,0.0084176491945981,-0.2756142142272623,Relevancia a secas,0.0170234925555467,0.9832082788149517,0.966184786259405,
839,1,0.9997979998588562,0.0084176491945981,-0.2756142142272623,Relevancia absoluta,0.4613446994911272,0.9855000625054042,0.524155363014277,
839,1,0.9997979998588562,0.0084176491945981,-0.2756142142272623,Solo secciones positivas,0.0263114330966223,0.972638538009242,0.9463271049126196,19.0
840,1,1.0,0.0084176491945981,-0.5690863573825858,Relevancia a secas,0.2640056732214302,0.9851303084029092,0.7211246351814791,
840,1,1.0,0.0084176491945981,-0.5690863573825858,Relevancia absoluta,0.6268668560579277,0.7417997879702373,0.1149329319123095,
840,1,1.0,0.0084176491945981,-0.5690863573825858,Solo secciones positivas,0.0749997675419361,0.9732351094484328,0.8982353419064967,20.0
841,0,0.0081259571015834,0.0084176491945981,0.1009830858883167,Relevancia a secas,0.0083647419033305,0.0082995344618601,-6.520744147045163e-05,
841,0,0.0081259571015834,0.0084176491945981,0.1009830858883167,Relevancia absoluta,0.0081861479074827,0.008478024442281,0.0002918765347983,
841,0,0.0081259571015834,0.0084176491945981,0.1009830858883167,Solo secciones positivas,0.0087968099396675,0.0078329172683879,-0.0009638926712796,4.0
842,1,0.9999996423721312,0.0084176491945981,-0.5824490979767544,Relevancia a secas,0.1585173643582102,0.8574107315701743,0.6988933672119642,
842,1,0.9999996423721312,0.0084176491945981,-0.5824490979767544,Relevancia absoluta,0.8318953981519775,0.7468162230215966,-0.0850791751303809,
842,1,0.9999996423721312,0.0084176491945981,-0.5824490979767544,Solo secciones positivas,0.0217484216256427,0.7768168153808168,0.7550683937551741,23.0
843,0,0.0071926196105778,0.0084176491945981,-2.8726440336109205,Relevancia a secas,0.0389519302019228,0.0079003510763868,-0.0310515791255359,
843,0,0.0071926196105778,0.0084176491945981,-2.8726440336109205,Relevancia absoluta,0.007841941797071,0.0091175596074511,0.0012756178103801,
843,0,0.0071926196105778,0.0084176491945981,-2.8726440336109205,Solo secciones positivas,0.0571063400076871,0.0081533613106743,-0.0489529786970127,22.0
844,0,0.0196982100605964,0.0084176491945981,-1.2777408906184682,Relevancia a secas,0.7174209120890332,0.6383163569132901,-0.0791045551757431,
844,0,0.0196982100605964,0.0084176491945981,-1.2777408906184682,Relevancia absoluta,0.599540119085254,0.4350857709068805,-0.1644543481783734,
844,0,0.0196982100605964,0.0084176491945981,-1.2777408906184682,Solo secciones positivas,0.6734796151080553,0.6639788608231089,-0.0095007542849464,17.0
845,0,0.0080452840775251,0.0084176491945981,-0.4759627326186629,Relevancia a secas,0.3447259337537818,0.1602675981767889,-0.1844583355769929,
845,0,0.0080452840775251,0.0084176491945981,-0.4759627326186629,Relevancia absoluta,0.0388188133430149,0.0248834160544599,-0.013935397288555,
845,0,0.0080452840775251,0.0084176491945981,-0.4759627326186629,Solo secciones positivas,0.6818537804133752,0.3139031958382796,-0.3679505845750956,17.0
846,1,1.0,0.0084176491945981,-0.6950217830505023,Relevancia a secas,0.17034613512769,0.9592064028191896,0.7888602676914996,
846,1,1.0,0.0084176491945981,-0.6950217830505023,Relevancia absoluta,0.6826908412015453,0.6297037653599183,-0.0529870758416269,
846,1,1.0,0.0084176491945981,-0.6950217830505023,Solo secciones positivas,0.1256426737578972,0.9265926430001854,0.8009499692422881,20.0
847,1,0.9999997615814208,0.0084176491945981,-1.5134433394980042,Relevancia a secas,0.2042453930348837,0.9572832704159536,0.7530378773810698,
847,1,0.9999997615814208,0.0084176491945981,-1.5134433394980042,Relevancia absoluta,0.7663139533316201,0.957540274054433,0.1912263207228128,
847,1,0.9999997615814208,0.0084176491945981,-1.5134433394980042,Solo secciones positivas,0.2311674647187835,0.9360579282899076,0.7048904635711242,24.0
848,1,0.9999572038650512,0.0084176491945981,-1.2551169696934656,Relevancia a secas,0.6508084775673018,0.9837183041705024,0.3329098266032008,
848,1,0.9999572038650512,0.0084176491945981,-1.2551169696934656,Relevancia absoluta,0.3744370455583795,0.663306629818332,0.2888695842599525,
848,1,0.9999572038650512,0.0084176491945981,-1.2551169696934656,Solo secciones positivas,0.6499989300966262,0.9707183957099914,0.3207194656133652,20.0
849,0,0.0079069510102272,0.0084176491945981,0.3315571052046516,Relevancia a secas,0.0083167609215403,0.0081115608983155,-0.0002052000232247,
849,0,0.0079069510102272,0.0084176491945981,0.3315571052046516,Relevancia absoluta,0.0082713203996212,0.0081614276083807,-0.0001098927912405,
849,0,0.0079069510102272,0.0084176491945981,0.3315571052046516,Solo secciones positivas,0.0086088622920215,0.0077941669151186,-0.0008146953769028,2.0
850,1,1.0,0.0084176491945981,-0.736298110110957,Relevancia a secas,0.5417570926901651,0.9862280156877306,0.4444709229975654,
850,1,1.0,0.0084176491945981,-0.736298110110957,Relevancia absoluta,0.7168655192239284,0.9580825673571478,0.2412170481332194,
850,1,1.0,0.0084176491945981,-0.736298110110957,Solo secciones positivas,0.0882354062778407,0.9708358119515812,0.8826004056737404,17.0
851,1,1.0,0.0084176491945981,-0.7066680775854668,Relevancia a secas,0.1541377634411742,0.9862280156877306,0.8320902522465563,
851,1,1.0,0.0084176491945981,-0.7066680775854668,Relevancia absoluta,0.3107031053417632,0.731109267587284,0.4204061622455207,
851,1,1.0,0.0084176491945981,-0.7066680775854668,Solo secciones positivas,0.1052602390466094,0.9739057264829936,0.8686454874363843,19.0
852,0,0.0135958921164274,0.0084176491945981,-0.7711709125463347,Relevancia a secas,0.3756958207684672,0.0143331652701211,-0.3613626554983461,
852,0,0.0135958921164274,0.0084176491945981,-0.7711709125463347,Relevancia absoluta,0.192882805234856,0.4329097040204538,0.2400268987855977,
852,0,0.0135958921164274,0.0084176491945981,-0.7711709125463347,Solo secciones positivas,0.6614720540888168,0.0109574609189568,-0.65051459316986,17.0
853,1,1.0,0.0084176491945981,-0.2308779540270841,Relevancia a secas,0.0843009010947683,0.9862240784698062,0.901923177375038,
853,1,1.0,0.0084176491945981,-0.2308779540270841,Relevancia absoluta,0.4153764660172644,0.8416090317510276,0.4262325657337631,
853,1,1.0,0.0084176491945981,-0.2308779540270841,Solo secciones positivas,0.0220700393374861,0.9784438610076904,0.9563738216702042,23.0
854,0,0.0274393036961555,0.0084176491945981,-1.2730767769682216,Relevancia a secas,0.4689765029535112,0.007735144794828,-0.4612413581586831,
854,0,0.0274393036961555,0.0084176491945981,-1.2730767769682216,Relevancia absoluta,0.0485158114331877,0.0258144508374647,-0.0227013605957229,
854,0,0.0274393036961555,0.0084176491945981,-1.2730767769682216,Solo secciones positivas,0.811765685863793,0.0048031219048425,-0.8069625639589505,20.0
855,0,0.0081489728763699,0.0084176491945981,-8.181822910769055,Relevancia a secas,0.1194639759936503,0.0137989489627735,-0.1056650270308767,
855,0,0.0081489728763699,0.0084176491945981,-8.181822910769055,Relevancia absoluta,0.009083803131112,0.0134654844711933,0.0043816813400813,
855,0,0.0081489728763699,0.0084176491945981,-8.181822910769055,Solo secciones positivas,0.1700501702320964,0.0166072746657806,-0.1534428955663157,23.0
856,1,0.9999651908874512,0.0084176491945981,-0.7668025059098411,Relevancia a secas,0.2999578151458825,0.9029935188656156,0.6030357037197331,
856,1,0.9999651908874512,0.0084176491945981,-0.7668025059098411,Relevancia absoluta,0.7302218607316415,0.9027485671297958,0.1725267063981542,
856,1,0.9999651908874512,0.0084176491945981,-0.7668025059098411,Solo secciones positivas,0.0453368174849676,0.8060197435293552,0.7606829260443876,18.0
857,1,0.999998927116394,0.0084176491945981,-0.7458432729752862,Relevancia a secas,0.0143308097290717,0.8195844383719113,0.8052536286428396,
857,1,0.999998927116394,0.0084176491945981,-0.7458432729752862,Relevancia absoluta,0.1780414623409166,0.8751168017998168,0.6970753394589001,
857,1,0.999998927116394,0.0084176491945981,-0.7458432729752862,Solo secciones positivas,0.0250002315492697,0.6752520516543171,0.6502518201050473,20.0
858,0,0.0113417524844408,0.0084176491945981,0.1651974436177448,Relevancia a secas,0.014197022240195,0.0072444522908578,-0.0069525699493371,
858,0,0.0113417524844408,0.0084176491945981,0.1651974436177448,Relevancia absoluta,0.0086648793787591,0.0114374907894266,0.0027726114106675,
858,0,0.0113417524844408,0.0084176491945981,0.1651974436177448,Solo secciones positivas,0.0209597545409841,0.0041641464423654,-0.0167956080986186,14.0
859,0,0.0074564847163856,0.0084176491945981,0.6195837103828922,Relevancia a secas,0.0097327909898012,0.0073011363209742,-0.002431654668827,
859,0,0.0074564847163856,0.0084176491945981,0.6195837103828922,Relevancia absoluta,0.0085638079197249,0.0079937500672207,-0.0005700578525041,
859,0,0.0074564847163856,0.0084176491945981,0.6195837103828922,Solo secciones positivas,0.0127639613347128,0.0056656851083971,-0.0070982762263156,8.0
860,1,1.0,0.0084176491945981,-0.8256394174433259,Relevancia a secas,0.2102002464752246,0.9862280223104688,0.7760277758352443,
860,1,1.0,0.0084176491945981,-0.8256394174433259,Relevancia absoluta,0.4867854792355501,0.9786697659227585,0.4918842866872082,
860,1,1.0,0.0084176491945981,-0.8256394174433259,Solo secciones positivas,0.1785713519368852,0.9645863430840628,0.7860149911471777,14.0
861,0,0.0102084288373589,0.0084176491945981,-0.605879347737224,Relevancia a secas,0.5702131090996166,0.0098634788803085,-0.5603496302193082,
861,0,0.0102084288373589,0.0084176491945981,-0.605879347737224,Relevancia absoluta,0.1392136342668284,0.0771867359936651,-0.0620268982731633,
861,0,0.0102084288373589,0.0084176491945981,-0.605879347737224,Solo secciones positivas,0.8679858883352656,0.001868558162402,-0.8661173301728635,19.0
862,1,0.9781190156936646,0.0084176491945981,-7.339306850139378,Relevancia a secas,0.4736826521867544,0.9123617360989252,0.4386790839121708,
862,1,0.9781190156936646,0.0084176491945981,-7.339306850139378,Relevancia absoluta,0.8466397850877709,0.8560984192623031,0.0094586341745321,
862,1,0.9781190156936646,0.0084176491945981,-7.339306850139378,Solo secciones positivas,0.4836590773795086,0.8575097268277949,0.3738506494482863,22.0
863,1,0.9999998807907104,0.0084176491945981,-0.8219037731169131,Relevancia a secas,0.1261661502098858,0.5681673861989971,0.4420012359891113,
863,1,0.9999998807907104,0.0084176491945981,-0.8219037731169131,Relevancia absoluta,0.2403723965023034,0.2640523564711858,0.0236799599688823,
863,1,0.9999998807907104,0.0084176491945981,-0.8219037731169131,Solo secciones positivas,0.1586107772618137,0.4670551654599083,0.3084443881980946,16.0
864,0,0.0113795008510351,0.0084176491945981,-0.7014787956579804,Relevancia a secas,0.2190047786053684,0.0190410919880544,-0.199963686617314,
864,0,0.0113795008510351,0.0084176491945981,-0.7014787956579804,Relevancia absoluta,0.0956562065338301,0.0587502638732581,-0.036905942660572,
864,0,0.0113795008510351,0.0084176491945981,-0.7014787956579804,Solo secciones positivas,0.3806692183900036,0.0029401856324874,-0.3777290327575162,19.0
865,0,0.0078722396865487,0.0084176491945981,-0.7108168074230601,Relevancia a secas,0.0118523342276199,0.0079181281099509,-0.0039342061176689,
865,0,0.0078722396865487,0.0084176491945981,-0.7108168074230601,Relevancia absoluta,0.0093649858350141,0.0087141016524078,-0.0006508841826063,
865,0,0.0078722396865487,0.0084176491945981,-0.7108168074230601,Solo secciones positivas,0.0140524934977293,0.0081478234846144,-0.0059046700131148,20.0
866,1,1.0,0.0084176491945981,-0.9007021780609545,Relevancia a secas,0.402688280038258,0.9862280223104688,0.5835397422722108,
866,1,1.0,0.0084176491945981,-0.9007021780609545,Relevancia absoluta,0.3130759628233281,0.9860018491744996,0.6729258863511713,
866,1,1.0,0.0084176491945981,-0.9007021780609545,Solo secciones positivas,0.0830161162547171,0.9724560446209378,0.8894399283662207,18.0
867,0,0.0962637588381767,0.0084176491945981,-15.729970286236076,Relevancia a secas,0.8970021710136078,0.5851348413952109,-0.3118673296183969,
867,0,0.0962637588381767,0.0084176491945981,-15.729970286236076,Relevancia absoluta,0.917519920402103,0.9391661551263596,0.0216462347242567,
867,0,0.0962637588381767,0.0084176491945981,-15.729970286236076,Solo secciones positivas,0.7705625122512824,0.418106226383734,-0.3524562858675483,14.0
868,0,0.0094261281192302,0.0084176491945981,-2.1022596349228206,Relevancia a secas,0.0175507969171222,0.0113549736690604,-0.0061958232480618,
868,0,0.0094261281192302,0.0084176491945981,-2.1022596349228206,Relevancia absoluta,0.0104149137364907,0.0111467878644665,0.0007318741279757,
868,0,0.0094261281192302,0.0084176491945981,-2.1022596349228206,Solo secciones positivas,0.0232567780048531,0.0104428856250117,-0.0128138923798413,17.0
869,0,0.0126832323148846,0.0084176491945981,-10.607507327869651,Relevancia a secas,0.1819085647485332,0.0252001878236317,-0.1567083769249015,
869,0,0.0126832323148846,0.0084176491945981,-10.607507327869651,Relevancia absoluta,0.0328211102625775,0.0104641414299193,-0.0223569688326582,
869,0,0.0126832323148846,0.0084176491945981,-10.607507327869651,Solo secciones positivas,0.3105899048747406,0.034217894653834,-0.2763720102209065,21.0
870,0,0.0087386202067136,0.0084176491945981,-0.4036018510444356,Relevancia a secas,0.592011900463452,0.1511720853029853,-0.4408398151604666,
870,0,0.0087386202067136,0.0084176491945981,-0.4036018510444356,Relevancia absoluta,0.1892189830800311,0.0138486642907891,-0.175370318789242,
870,0,0.0087386202067136,0.0084176491945981,-0.4036018510444356,Solo secciones positivas,0.6618193968897685,0.0425915090017952,-0.6192278878879733,16.0
871,1,1.0,0.0084176491945981,-1.0525833805008995,Relevancia a secas,0.2486565990130871,0.9588098876023043,0.7101532885892173,
871,1,1.0,0.0084176491945981,-1.0525833805008995,Relevancia absoluta,0.319621552422177,0.7063319797818868,0.3867104273597097,
871,1,1.0,0.0084176491945981,-1.0525833805008995,Solo secciones positivas,0.3533910350366072,0.93259799789468,0.5792069628580727,22.0
872,0,0.0101576214656233,0.0084176491945981,-3.7387562709540942,Relevancia a secas,0.1556894181089269,0.0227392602246254,-0.1329501578843014,
872,0,0.0101576214656233,0.0084176491945981,-3.7387562709540942,Relevancia absoluta,0.0122630596160888,0.0418129526596102,0.0295498930435213,
872,0,0.0101576214656233,0.0084176491945981,-3.7387562709540942,Solo secciones positivas,0.4152987165531764,0.0364014504787822,-0.3788972660743941,12.0
873,1,1.0,0.0084176491945981,-1.3925526814552334,Relevancia a secas,0.4915916088476711,0.8751169118978499,0.3835253030501788,
873,1,1.0,0.0084176491945981,-1.3925526814552334,Relevancia absoluta,0.9582520541217592,0.9498801207713162,-0.0083719333504429,
873,1,1.0,0.0084176491945981,-1.3925526814552334,Solo secciones positivas,0.0294119252714196,0.7355416955645473,0.7061297702931276,17.0
874,0,0.0168685987591743,0.0084176491945981,-3.588935267875999,Relevancia a secas,0.0833757604058418,0.0120773610219152,-0.0712983993839265,
874,0,0.0168685987591743,0.0084176491945981,-3.588935267875999,Relevancia absoluta,0.0123339023751517,0.011551354960021,-0.0007825474151306,
874,0,0.0168685987591743,0.0084176491945981,-3.588935267875999,Solo secciones positivas,0.1444284574765908,0.008840259728267,-0.1355881977483238,19.0
875,0,0.0074565908871591,0.0084176491945981,0.107354400087066,Relevancia a secas,0.0090673865569341,0.0080984769544253,-0.0009689096025087,
875,0,0.0074565908871591,0.0084176491945981,0.107354400087066,Relevancia absoluta,0.0082613032880342,0.0088813506170279,0.0006200473289936,
875,0,0.0074565908871591,0.0084176491945981,0.107354400087066,Solo secciones positivas,0.0107030819635838,0.0075015961658209,-0.0032014857977628,10.0
876,1,0.9999700784683228,0.0084176491945981,-1.1974919036574043,Relevancia a secas,0.3387731510082554,0.6981855494850101,0.3594123984767546,
876,1,0.9999700784683228,0.0084176491945981,-1.1974919036574043,Relevancia absoluta,0.4419365319837298,0.8672313793407133,0.4252948473569834,
876,1,0.9999700784683228,0.0084176491945981,-1.1974919036574043,Solo secciones positivas,0.0833286630083166,0.8558086537652545,0.7724799907569379,18.0
877,0,0.0147668458521366,0.0084176491945981,-4.215851992352773,Relevancia a secas,0.0214156336021713,0.0094286518740571,-0.0119869817281141,
877,0,0.0147668458521366,0.0084176491945981,-4.215851992352773,Relevancia absoluta,0.0078948237803868,0.0139945132347444,0.0060996894543576,
877,0,0.0147668458521366,0.0084176491945981,-4.215851992352773,Solo secciones positivas,0.049055820161646,0.0044328803937374,-0.0446229397679086,11.0
878,0,0.0081264451146125,0.0084176491945981,0.1877251048962795,Relevancia a secas,0.008542730524722,0.0079733070193065,-0.0005694235054155,
878,0,0.0081264451146125,0.0084176491945981,0.1877251048962795,Relevancia absoluta,0.0082891466251264,0.0081933406052283,-9.580601989809048e-05,
878,0,0.0081264451146125,0.0084176491945981,0.1877251048962795,Solo secciones positivas,0.0092926365323364,0.0073310666872809,-0.0019615698450555,6.0
879,0,0.0079375589266419,0.0084176491945981,0.3409094851460248,Relevancia a secas,0.0094807036479728,0.0073493964995981,-0.0021313071483746,
879,0,0.0079375589266419,0.0084176491945981,0.3409094851460248,Relevancia absoluta,0.0080837774892441,0.0085512060775525,0.0004674285883083,
879,0,0.0079375589266419,0.0084176491945981,0.3409094851460248,Solo secciones positivas,0.0107979870711763,0.0062846518121659,-0.0045133352590103,12.0
880,1,0.9999992847442628,0.0084176491945981,-0.4020768443445107,Relevancia a secas,0.1222701727769921,0.947733530490142,0.8254633577131497,
880,1,0.9999992847442628,0.0084176491945981,-0.4020768443445107,Relevancia absoluta,0.8331795873749194,0.9307844331746714,0.097604845799752,
880,1,0.9999992847442628,0.0084176491945981,-0.4020768443445107,Solo secciones positivas,0.0312518720337297,0.8824005942442454,0.8511487222105157,16.0
881,1,1.0,0.0084176491945981,-0.5245162031058159,Relevancia a secas,0.527187744692297,0.9533186846593809,0.4261309399670838,
881,1,1.0,0.0084176491945981,-0.5245162031058159,Relevancia absoluta,0.926115371286869,0.755045113606482,-0.171070257680387,
881,1,1.0,0.0084176491945981,-0.5245162031058159,Solo secciones positivas,0.4945810074415722,0.921274149471796,0.4266931420302236,19.0
882,0,0.0503339171409606,0.0084176491945981,-0.2930233512399131,Relevancia a secas,0.9124633234322947,0.4798348740218527,-0.432628449410442,
882,0,0.0503339171409606,0.0084176491945981,-0.2930233512399131,Relevancia absoluta,0.5012690490180188,0.8380623764413245,0.3367933274233057,
882,0,0.0503339171409606,0.0084176491945981,-0.2930233512399131,Solo secciones positivas,0.962882720507108,0.0766540629381315,-0.8862286575689766,13.0
883,0,0.0083651356399059,0.0084176491945981,0.0068087693413886,Relevancia a secas,0.0084433823616968,0.0083500214386731,-9.336092302368593e-05,
883,0,0.0083651356399059,0.0084176491945981,0.0068087693413886,Relevancia absoluta,0.0083679268395321,0.0083929423191067,2.501547957460201e-05,
883,0,0.0083651356399059,0.0084176491945981,0.0068087693413886,Solo secciones positivas,0.0089379427954554,0.0081167970784008,-0.0008211457170546,2.0
884,0,0.0085140159353613,0.0084176491945981,0.6923470624111285,Relevancia a secas,0.0107254338849868,0.0076478756565068,-0.0030775582284799,
884,0,0.0085140159353613,0.0084176491945981,0.6923470624111285,Relevancia absoluta,0.0087409913672932,0.0091232799259679,0.0003822885586747,
884,0,0.0085140159353613,0.0084176491945981,0.6923470624111285,Solo secciones positivas,0.0139898162335157,0.0057656955905258,-0.0082241206429898,10.0
885,1,0.9989078044891356,0.0084176491945981,-0.3022365408106452,Relevancia a secas,0.0161837060805841,0.8733548243892275,0.8571711183086433,
885,1,0.9989078044891356,0.0084176491945981,-0.3022365408106452,Relevancia absoluta,0.055350344490511,0.8339272080661936,0.7785768635756826,
885,1,0.9989078044891356,0.0084176491945981,-0.3022365408106452,Solo secciones positivas,0.0246357963965135,0.78362161830245,0.7589858219059366,21.0
886,0,0.0079050287604331,0.0084176491945981,-0.3708272747739811,Relevancia a secas,0.4333445593559493,0.0712198372154186,-0.3621247221405307,
886,0,0.0079050287604331,0.0084176491945981,-0.3708272747739811,Relevancia absoluta,0.0140500623060183,0.0281297658026839,0.0140797034966655,
886,0,0.0079050287604331,0.0084176491945981,-0.3708272747739811,Solo secciones positivas,0.619456784075333,0.1046147663146257,-0.5148420177607073,18.0
887,0,0.0285269916057586,0.0084176491945981,-0.4961702607258831,Relevancia a secas,0.5998048181778619,0.3743579808788906,-0.2254468372989712,
887,0,0.0285269916057586,0.0084176491945981,-0.4961702607258831,Relevancia absoluta,0.2681225352787546,0.7076737713600907,0.439551236081336,
887,0,0.0285269916057586,0.0084176491945981,-0.4961702607258831,Solo secciones positivas,0.7895042518010507,0.0600446668753508,-0.7294595849256998,13.0
888,1,0.9998941421508788,0.0084176491945981,-2.2918240958846274,Relevancia a secas,0.5316707158261216,0.9840316019124457,0.4523608860863239,
888,1,0.9998941421508788,0.0084176491945981,-2.2918240958846274,Relevancia absoluta,0.8989303639262087,0.5764384822117041,-0.3224918817145046,
888,1,0.9998941421508788,0.0084176491945981,-2.2918240958846274,Solo secciones positivas,0.1944858981647011,0.9680868999825584,0.7736010018178572,18.0
889,0,0.0093108033761382,0.0084176491945981,-1.2736145290022365,Relevancia a secas,0.0379400450684544,0.009919280755437,-0.0280207643130173,
889,0,0.0093108033761382,0.0084176491945981,-1.2736145290022365,Relevancia absoluta,0.0148088694420746,0.0450850135077618,0.0302761440656872,
889,0,0.0093108033761382,0.0084176491945981,-1.2736145290022365,Solo secciones positivas,0.0649514068408231,0.0081203478774497,-0.0568310589633734,19.0
890,1,0.9986226558685304,0.0084176491945981,-1635.8652359213434,Relevancia a secas,0.4451540872047041,0.9548386517498229,0.5096845645451187,
890,1,0.9986226558685304,0.0084176491945981,-1635.8652359213434,Relevancia absoluta,0.9091861028638152,0.9665757517019908,0.0573896488381756,
890,1,0.9986226558685304,0.0084176491945981,-1635.8652359213434,Solo secciones positivas,0.1812162097731706,0.976143893741426,0.7949276839682553,21.0
891,0,0.0158059913665056,0.0084176491945981,-2.9072329951484286,Relevancia a secas,0.5256221189111886,0.0180193900806544,-0.5076027288305341,
891,0,0.0158059913665056,0.0084176491945981,-2.9072329951484286,Relevancia absoluta,0.077335123050337,0.2001569877223422,0.1228218646720051,
891,0,0.0158059913665056,0.0084176491945981,-2.9072329951484286,Solo secciones positivas,0.8280322122431936,0.0202487826436048,-0.8077834295995887,21.0
892,1,1.0,0.0084176491945981,-0.4318559330740321,Relevancia a secas,0.3177990711700563,0.902906596731984,0.5851075255619278,
892,1,1.0,0.0084176491945981,-0.4318559330740321,Relevancia absoluta,0.9277087319124904,0.6529096530810984,-0.274799078831392,
892,1,1.0,0.0084176491945981,-0.4318559330740321,Solo secciones positivas,0.2187436745735835,0.969013050198555,0.7502693756249714,16.0
893,0,0.0616038292646408,0.0084176491945981,-0.6765838056282559,Relevancia a secas,0.5424339848751616,0.2457125006764423,-0.2967214841987192,
893,0,0.0616038292646408,0.0084176491945981,-0.6765838056282559,Relevancia absoluta,0.0369939025870027,0.3059121162966928,0.26891821370969,
893,0,0.0616038292646408,0.0084176491945981,-0.6765838056282559,Solo secciones positivas,0.942596036195755,0.0035401095041985,-0.9390559266915564,15.0
894,0,0.0129155777394771,0.0084176491945981,-0.3406266689605369,Relevancia a secas,0.9066243138578204,0.1855732250864854,-0.721051088771335,
894,0,0.0129155777394771,0.0084176491945981,-0.3406266689605369,Relevancia absoluta,0.965994358062744,0.376987471917649,-0.5890068861450952,
894,0,0.0129155777394771,0.0084176491945981,-0.3406266689605369,Solo secciones positivas,0.9723832342359756,0.0031160446092293,-0.9692671896267462,18.0
895,0,0.007586964406073,0.0084176491945981,0.0339974885197684,Relevancia a secas,0.0085996942749867,0.0083292336849909,-0.0002704605899958,
895,0,0.007586964406073,0.0084176491945981,0.0339974885197684,Relevancia absoluta,0.0082664654279748,0.0086032364051789,0.000336770977204,
895,0,0.007586964406073,0.0084176491945981,0.0339974885197684,Solo secciones positivas,0.0085596827790141,0.0078060020692646,-0.0007536807097494,5.0
896,0,0.027206802740693,0.0084176491945981,-0.7631177305545258,Relevancia a secas,0.2794630797543505,0.0192956467831714,-0.260167432971179,
896,0,0.027206802740693,0.0084176491945981,-0.7631177305545258,Relevancia absoluta,0.0221395968721304,0.0329955247677086,0.0108559278955782,
896,0,0.027206802740693,0.0084176491945981,-0.7631177305545258,Solo secciones positivas,0.6504807800054551,0.0155043736721078,-0.6349764063333472,15.0
897,1,0.9999998807907104,0.0084176491945981,-0.5889847481544261,Relevancia a secas,0.014014406105768,0.1636046610143812,0.1495902549086132,
897,1,0.9999998807907104,0.0084176491945981,-0.5889847481544261,Relevancia absoluta,0.2866314898141197,0.564396802299057,0.2777653124849372,
897,1,0.9999998807907104,0.0084176491945981,-0.5889847481544261,Solo secciones positivas,0.0294298394068186,0.1890104390592314,0.1595805996524128,17.0
898,1,0.9999991655349731,0.0084176491945981,-1.1362195099562995,Relevancia a secas,0.249607112883735,0.5725157390302356,0.3229086261465005,
898,1,0.9999991655349731,0.0084176491945981,-1.1362195099562995,Relevancia absoluta,0.4566084617534708,0.8219072041101754,0.3652987423567045,
898,1,0.9999991655349731,0.0084176491945981,-1.1362195099562995,Solo secciones positivas,0.1667115187255398,0.7428052750016962,0.5760937562761563,21.0
899,1,0.9957171082496644,0.0084176491945981,-0.9970579120391942,Relevancia a secas,0.2324850448764394,0.9692857133017644,0.736800668425325,
899,1,0.9957171082496644,0.0084176491945981,-0.9970579120391942,Relevancia absoluta,0.9075960060064164,0.9839576573835478,0.0763616513771314,
899,1,0.9957171082496644,0.0084176491945981,-0.9970579120391942,Solo secciones positivas,0.031116163252485,0.9690130427479744,0.9378968794954894,16.0
900,1,0.9988043308258056,0.0084176491945981,-0.2485418631006132,Relevancia a secas,0.1142218974068752,0.983425873849127,0.8692039764422518,
900,1,0.9988043308258056,0.0084176491945981,-0.2485418631006132,Relevancia absoluta,0.3600234685226395,0.7403178255594363,0.3802943570367967,
900,1,0.9988043308258056,0.0084176491945981,-0.2485418631006132,Solo secciones positivas,0.0249708673752084,0.9747551500797272,0.9497842827045188,20.0
901,1,1.0,0.0084176491945981,-1.2005851477025562,Relevancia a secas,0.2923206233107044,0.9862279560830858,0.6939073327723814,
901,1,1.0,0.0084176491945981,-1.2005851477025562,Relevancia absoluta,0.5340358733071046,0.6653929664466054,0.1313570931395008,
901,1,1.0,0.0084176491945981,-1.2005851477025562,Solo secciones positivas,0.281249995670285,0.969012901186943,0.6877629055166581,16.0
902,0,0.0136866904795169,0.0084176491945981,-6.764057028404518,Relevancia a secas,0.0596219318686053,0.025942156660474,-0.0336797752081313,
902,0,0.0136866904795169,0.0084176491945981,-6.764057028404518,Relevancia absoluta,0.0082768798779903,0.0120843912526551,0.0038075113746648,
902,0,0.0136866904795169,0.0084176491945981,-6.764057028404518,Solo secciones positivas,0.1354323902300426,0.0265553898311087,-0.1088770003989339,14.0
903,1,0.9998999834060668,0.0084176491945981,-0.1865325533447384,Relevancia a secas,0.1805066667234362,0.8964802768104062,0.71597361008697,
903,1,0.9998999834060668,0.0084176491945981,-0.1865325533447384,Relevancia absoluta,0.6245617314291063,0.8231691914714045,0.1986074600422982,
903,1,0.9998999834060668,0.0084176491945981,-0.1865325533447384,Solo secciones positivas,0.0250053675185967,0.9681342244148252,0.9431288568962286,20.0
904,1,0.9940224289894104,0.0084176491945981,-0.5693212794461575,Relevancia a secas,0.032817412772807,0.9585230559110642,0.9257056431382572,
904,1,0.9940224289894104,0.0084176491945981,-0.5693212794461575,Relevancia absoluta,0.4378750797706223,0.9134198980672018,0.4755448182965795,
904,1,0.9940224289894104,0.0084176491945981,-0.5693212794461575,Solo secciones positivas,0.0280220106352391,0.9201439718405404,0.8921219612053014,18.0
905,0,0.0078899757936596,0.0084176491945981,0.7281600247106578,Relevancia a secas,0.009727098332304,0.0073344892589375,-0.0023926090733665,
905,0,0.0078899757936596,0.0084176491945981,0.7281600247106578,Relevancia absoluta,0.0085166594556843,0.0083128116740327,-0.0002038477816515,
905,0,0.0078899757936596,0.0084176491945981,0.7281600247106578,Solo secciones positivas,0.0116973168527086,0.0061336817840735,-0.0055636350686351,9.0
906,0,0.0090880775824189,0.0084176491945981,0.4787963933298579,Relevancia a secas,0.0124467646237462,0.0076021996145654,-0.0048445650091808,
906,0,0.0090880775824189,0.0084176491945981,0.4787963933298579,Relevancia absoluta,0.0093642873689532,0.0095894815296762,0.000225194160723,
906,0,0.0090880775824189,0.0084176491945981,0.4787963933298579,Solo secciones positivas,0.0162347819656133,0.0067074614266554,-0.0095273205389579,15.0
907,0,0.0167700741440057,0.0084176491945981,-1.0963765487134984,Relevancia a secas,0.1376589658902958,0.0159655781462788,-0.1216933877440169,
907,0,0.0167700741440057,0.0084176491945981,-1.0963765487134984,Relevancia absoluta,0.0127296766473187,0.0158436568195207,0.0031139801722019,
907,0,0.0167700741440057,0.0084176491945981,-1.0963765487134984,Solo secciones positivas,0.2124505474099091,0.0131062297150492,-0.1993443176948598,21.0
908,1,0.999783456325531,0.0084176491945981,-0.6705574749386136,Relevancia a secas,0.0156886229034633,0.9806479265292484,0.9649593036257852,
908,1,0.999783456325531,0.0084176491945981,-0.6705574749386136,Relevancia absoluta,0.3923687775257147,0.9356647572583622,0.5432959797326475,
908,1,0.999783456325531,0.0084176491945981,-0.6705574749386136,Solo secciones positivas,0.0227281349698151,0.9698419435457748,0.9471138085759596,22.0
909,1,0.9999525547027588,0.0084176491945981,-0.8155956361439248,Relevancia a secas,0.1826973377952953,0.7113939242618572,0.5286965864665618,
909,1,0.9999525547027588,0.0084176491945981,-0.8155956361439248,Relevancia absoluta,0.5141434917757732,0.817278354946578,0.3031348631708047,
909,1,0.9999525547027588,0.0084176491945981,-0.8155956361439248,Solo secciones positivas,0.2682649568976433,0.5147143886868087,0.2464494317891654,21.0
910,0,0.008381213992834,0.0084176491945981,0.0348882699735962,Relevancia a secas,0.0136133421781576,0.007858891505748,-0.0057544506724096,
910,0,0.008381213992834,0.0084176491945981,0.0348882699735962,Relevancia absoluta,0.0097888539700458,0.0079572717529825,-0.0018315822170633,
910,0,0.008381213992834,0.0084176491945981,0.0348882699735962,Solo secciones positivas,0.0170359759488039,0.0077203288156953,-0.0093156471331086,18.0
911,1,0.9977286458015442,0.0084176491945981,-0.3882775965491576,Relevancia a secas,0.0167603952389384,0.7110595389312947,0.6942991436923562,
911,1,0.9977286458015442,0.0084176491945981,-0.3882775965491576,Relevancia absoluta,0.5024464730942985,0.4053692750377297,-0.0970771980565687,
911,1,0.9977286458015442,0.0084176491945981,-0.3882775965491576,Solo secciones positivas,0.0249449024725453,0.7751381584894261,0.7501932560168808,20.0
912,1,0.9671316742897034,0.0084176491945981,-0.2064148918244333,Relevancia a secas,0.0155072179134468,0.8132837540651329,0.7977765361516861,
912,1,0.9671316742897034,0.0084176491945981,-0.2064148918244333,Relevancia absoluta,0.2875328806519993,0.5824658031633592,0.2949329225113599,
912,1,0.9671316742897034,0.0084176491945981,-0.2064148918244333,Solo secciones positivas,0.0278903928712856,0.9729757654039484,0.9450853725326628,19.0
913,1,1.0,0.0084176491945981,-1.2530131162138314,Relevancia a secas,0.1477987915480856,0.9861299677027596,0.8383311761546739,
913,1,1.0,0.0084176491945981,-1.2530131162138314,Relevancia absoluta,0.6562188869930752,0.6834327169116376,0.0272138299185624,
913,1,1.0,0.0084176491945981,-1.2530131162138314,Solo secciones positivas,0.2211755159848963,0.9690082147717476,0.7478326987868513,16.0
914,0,0.0109758703038096,0.0084176491945981,-0.6698304659995576,Relevancia a secas,0.4619252780555851,0.0119202262049609,-0.4500050518506241,
914,0,0.0109758703038096,0.0084176491945981,-0.6698304659995576,Relevancia absoluta,0.4983022429255976,0.4731323116845659,-0.0251699312410316,
914,0,0.0109758703038096,0.0084176491945981,-0.6698304659995576,Solo secciones positivas,0.4734488403424621,0.0002107184353478,-0.4732381219071143,20.0
915,1,1.0,0.0084176491945981,-0.1062390342325603,Relevancia a secas,0.2968021218463818,0.9584504803642632,0.6616483585178813,
915,1,1.0,0.0084176491945981,-0.1062390342325603,Relevancia absoluta,0.8313401898507263,0.9584504803642632,0.1271102905135367,
915,1,1.0,0.0084176491945981,-0.1062390342325603,Solo secciones positivas,0.0277777934104003,0.9169009605215656,0.8891231671111652,18.0
916,1,1.0,0.0084176491945981,-0.8003600970929614,Relevancia a secas,0.3875872781970864,0.9454404242440232,0.5578531460469367,
916,1,1.0,0.0084176491945981,-0.8003600970929614,Relevancia absoluta,0.4873149816392079,0.6441493644274993,0.1568343827882913,
916,1,1.0,0.0084176491945981,-0.8003600970929614,Solo secciones positivas,0.0834421316794217,0.9169005108997226,0.8334583792203009,18.0
917,1,1.0,0.0084176491945981,-0.8064166135318136,Relevancia a secas,0.2441837129978478,0.6909416769889911,0.4467579639911433,
917,1,1.0,0.0084176491945981,-0.8064166135318136,Relevancia absoluta,0.7598162308564919,0.4505158285610378,-0.3093004022954541,
917,1,1.0,0.0084176491945981,-0.8064166135318136,Solo secciones positivas,0.1236476409922247,0.5364125154834866,0.4127648744912618,24.0
918,1,1.0,0.0084176491945981,-0.9738792548264248,Relevancia a secas,0.1331534116224619,0.9862280223104688,0.8530746106880069,
918,1,1.0,0.0084176491945981,-0.9738792548264248,Relevancia absoluta,0.877924329327167,0.526328771521362,-0.351595557805805,
918,1,1.0,0.0084176491945981,-0.9738792548264248,Solo secciones positivas,0.1249980151837425,0.975210440158844,0.8502124249751014,20.0
919,1,1.0,0.0084176491945981,-0.7831550448182736,Relevancia a secas,0.4118558640297973,0.9585835232477014,0.546727659217904,
919,1,1.0,0.0084176491945981,-0.7831550448182736,Relevancia absoluta,0.8106437211139969,0.931040894641127,0.1203971735271302,
919,1,1.0,0.0084176491945981,-0.7831550448182736,Solo secciones positivas,0.1519185039153505,0.9215418246182564,0.7696233207029058,19.0
920,0,0.0079835252836346,0.0084176491945981,-10.60735212885982,Relevancia a secas,0.1945638738365636,0.0127302275763617,-0.1818336462602019,
920,0,0.0079835252836346,0.0084176491945981,-10.60735212885982,Relevancia absoluta,0.0113441446640839,0.0101373698562383,-0.0012067748078455,
920,0,0.0079835252836346,0.0084176491945981,-10.60735212885982,Solo secciones positivas,0.3735090353293344,0.014447918976657,-0.3590611163526773,16.0
921,1,0.9999996423721312,0.0084176491945981,-0.8577981014252772,Relevancia a secas,0.6655361312374186,0.502735230965268,-0.1628009002721506,
921,1,0.9999996423721312,0.0084176491945981,-0.8577981014252772,Relevancia absoluta,0.6557029499710295,0.228430002123686,-0.4272729478473435,
921,1,0.9999996423721312,0.0084176491945981,-0.8577981014252772,Solo secciones positivas,0.9957671293190548,0.8931934407779148,-0.1025736885411399,14.0
922,0,0.0157925114035606,0.0084176491945981,-1.389965591288658,Relevancia a secas,0.1888357613287452,0.0322665427294042,-0.1565692185993409,
922,0,0.0157925114035606,0.0084176491945981,-1.389965591288658,Relevancia absoluta,0.0184295467980619,0.0198110810532752,0.0013815342552132,
922,0,0.0157925114035606,0.0084176491945981,-1.389965591288658,Solo secciones positivas,0.3432098609498805,0.025120360776782,-0.3180895001730984,18.0
923,1,0.92822265625,0.0084176491945981,-0.9694132697445484,Relevancia a secas,0.6608101742401937,0.9822596725490358,0.321449498308842,
923,1,0.92822265625,0.0084176491945981,-0.9694132697445484,Relevancia absoluta,0.7772973106346197,0.94844288042643,0.1711455697918102,
923,1,0.92822265625,0.0084176491945981,-0.9694132697445484,Solo secciones positivas,0.5966245253096402,0.9763908953893752,0.379766370079735,21.0
924,0,0.0087644569575786,0.0084176491945981,0.2564512106749245,Relevancia a secas,0.0100096737345059,0.0090684161857805,-0.0009412575487254,
924,0,0.0087644569575786,0.0084176491945981,0.2564512106749245,Relevancia absoluta,0.009881612430844,0.0098444258069826,-3.718662386139292e-05,
924,0,0.0087644569575786,0.0084176491945981,0.2564512106749245,Solo secciones positivas,0.0113456415544663,0.0076909989251622,-0.0036546426293041,7.0
925,0,0.0091681890189647,0.0084176491945981,-0.3647836647650608,Relevancia a secas,0.6192536354323641,0.0094167832408452,-0.6098368521915188,
925,0,0.0091681890189647,0.0084176491945981,-0.3647836647650608,Relevancia absoluta,0.0116723651396265,0.027812199302755,0.0161398341631284,
925,0,0.0091681890189647,0.0084176491945981,-0.3647836647650608,Solo secciones positivas,0.9277314253543552,0.0018715362151085,-0.9258598891392468,19.0
926,0,0.0409857556223869,0.0084176491945981,-0.5384500386352086,Relevancia a secas,0.6250302925861131,0.1883961711953952,-0.4366341213907179,
926,0,0.0409857556223869,0.0084176491945981,-0.5384500386352086,Relevancia absoluta,0.5698368647653196,0.4171646941807315,-0.152672170584588,
926,0,0.0409857556223869,0.0084176491945981,-0.5384500386352086,Solo secciones positivas,0.9486582641090666,0.0018769831710819,-0.9467812809379847,14.0
927,0,0.1028773933649063,0.0084176491945981,-1.1220323711022864,Relevancia a secas,0.5521996384745257,0.3282373846353341,-0.2239622538391916,
927,0,0.1028773933649063,0.0084176491945981,-1.1220323711022864,Relevancia absoluta,0.1024860975319623,0.4396507952672739,0.3371646977353116,
927,0,0.1028773933649063,0.0084176491945981,-1.1220323711022864,Solo secciones positivas,0.8925009702934938,0.1946441671427558,-0.697856803150738,17.0
928,1,1.0,0.0084176491945981,-0.7467812738003138,Relevancia a secas,0.5071189079847463,0.8996172739037622,0.3924983659190159,
928,1,1.0,0.0084176491945981,-0.7467812738003138,Relevancia absoluta,0.7072239457013284,0.8779301221172016,0.1707061764158731,
928,1,1.0,0.0084176491945981,-0.7467812738003138,Solo secciones positivas,0.611629903141155,0.7874248234062072,0.1757949202650522,17.0
929,0,0.1202534884214401,0.0084176491945981,-7.820594553019435,Relevancia a secas,0.5613973453744417,0.0317193832678539,-0.5296779621065878,
929,0,0.1202534884214401,0.0084176491945981,-7.820594553019435,Relevancia absoluta,0.0364620189890653,0.0619269900230897,0.0254649710340244,
929,0,0.1202534884214401,0.0084176491945981,-7.820594553019435,Solo secciones positivas,0.9677073478698732,0.0020091734419111,-0.965698174427962,20.0
930,1,0.999796450138092,0.0084176491945981,-1.484853260235513,Relevancia a secas,0.4212837430913292,0.934028367460188,0.5127446243688587,
930,1,0.999796450138092,0.0084176491945981,-1.484853260235513,Relevancia absoluta,0.6992190383432644,0.6895733176109691,-0.0096457207322953,
930,1,0.999796450138092,0.0084176491945981,-1.484853260235513,Solo secciones positivas,0.2265544432591482,0.8657013513994487,0.6391469081403004,11.0
931,1,0.9959016442298888,0.0084176491945981,-1.4319103375966096,Relevancia a secas,0.7077166901120412,0.9860793782605064,0.2783626881484653,
931,1,0.9959016442298888,0.0084176491945981,-1.4319103375966096,Relevancia absoluta,0.7689925571143652,0.9673191822237438,0.1983266251093786,
931,1,0.9959016442298888,0.0084176491945981,-1.4319103375966096,Solo secciones positivas,0.6622682295355145,0.9616706738105189,0.2994024442750043,13.0
932,0,0.0078791212290525,0.0084176491945981,0.6145437417195792,Relevancia a secas,0.0100033245463338,0.0073184519359428,-0.002684872610391,
932,0,0.0078791212290525,0.0084176491945981,0.6145437417195792,Relevancia absoluta,0.0082304728760694,0.0084689400521003,0.0002384671760309,
932,0,0.0078791212290525,0.0084176491945981,0.6145437417195792,Solo secciones positivas,0.0125632750886407,0.0056017895906486,-0.0069614854979921,11.0
933,0,0.0077564720995724,0.0084176491945981,-38.11521749653427,Relevancia a secas,0.195041766972281,0.036758782264466,-0.158282984707815,
933,0,0.0077564720995724,0.0084176491945981,-38.11521749653427,Relevancia absoluta,0.0088881229360898,0.0088869270532288,-1.1958828609846817e-06,
933,0,0.0077564720995724,0.0084176491945981,-38.11521749653427,Solo secciones positivas,0.3016335173637013,0.0516786071556535,-0.2499549102080478,22.0
934,1,0.9999983310699464,0.0084176491945981,-0.5605386719688135,Relevancia a secas,0.2034286341474703,0.9584469902717196,0.7550183561242493,
934,1,0.9999983310699464,0.0084176491945981,-0.5605386719688135,Relevancia absoluta,0.2204989688295628,0.9030620684045264,0.6825630995749634,
934,1,0.9999983310699464,0.0084176491945981,-0.5605386719688135,Solo secciones positivas,0.029421739570767,0.9120067723698038,0.8825850327990368,17.0
935,0,0.0082775652408599,0.0084176491945981,-0.0688399425811382,Relevancia a secas,0.0084554989718728,0.0083702866815858,-8.521229028702129e-05,
935,0,0.0082775652408599,0.0084176491945981,-0.0688399425811382,Relevancia absoluta,0.0084510344960209,0.0083699135058042,-8.112099021673376e-05,
935,0,0.0082775652408599,0.0084176491945981,-0.0688399425811382,Solo secciones positivas,0.0084392093122005,0.0082941940054297,-0.0001450153067708,1.0
936,0,0.0071703819558024,0.0084176491945981,-0.7455092710775155,Relevancia a secas,0.4205265488320341,0.2185883977864351,-0.2019381510455989,
936,0,0.0071703819558024,0.0084176491945981,-0.7455092710775155,Relevancia absoluta,0.0316224461938771,0.006816279518211,-0.0248061666756661,
936,0,0.0071703819558024,0.0084176491945981,-0.7455092710775155,Solo secciones positivas,0.6917729458017718,0.3684375476136449,-0.3233353981881269,21.0
937,0,0.0077568171545863,0.0084176491945981,-6.944250149514199,Relevancia a secas,0.1114673737643493,0.0053312791310923,-0.106136094633257,
937,0,0.0077568171545863,0.0084176491945981,-6.944250149514199,Relevancia absoluta,0.008476953048052,0.0214616967649716,0.0129847437169195,
937,0,0.0077568171545863,0.0084176491945981,-6.944250149514199,Solo secciones positivas,0.1963512588194326,0.0035116748063285,-0.192839584013104,19.0
938,1,1.0,0.0084176491945981,-0.390824231581378,Relevancia a secas,0.0472355573799518,0.9585828154037396,0.9113472580237876,
938,1,1.0,0.0084176491945981,-0.390824231581378,Relevancia absoluta,0.1634902125732404,0.4924905729773276,0.3290003604040871,
938,1,1.0,0.0084176491945981,-0.390824231581378,Solo secciones positivas,0.0757743749807488,0.9254491213709116,0.8496747463901627,20.0
939,0,0.0084047671407461,0.0084176491945981,-0.0818583090080577,Relevancia a secas,0.008489703147539,0.0083715073232139,-0.000118195824325,
939,0,0.0084047671407461,0.0084176491945981,-0.0818583090080577,Relevancia absoluta,0.008489703147539,0.0083715073232139,-0.000118195824325,
939,0,0.0084047671407461,0.0084176491945981,-0.0818583090080577,Solo secciones positivas,,,,0.0
940,1,0.9999693632125854,0.0084176491945981,-0.7315126345612748,Relevancia a secas,0.4541057716020455,0.986211982038286,0.5321062104362404,
940,1,0.9999693632125854,0.0084176491945981,-0.7315126345612748,Relevancia absoluta,0.5426895210628793,0.9737859434551664,0.431096422392287,
940,1,0.9999693632125854,0.0084176491945981,-0.7315126345612748,Solo secciones positivas,0.0334074153886323,0.9669237772623698,0.9335163618737374,15.0
941,0,0.007958635687828,0.0084176491945981,0.0553916020018187,Relevancia a secas,0.008353488261087,0.0082581489243441,-9.533933674295454e-05,
941,0,0.007958635687828,0.0084176491945981,0.0553916020018187,Relevancia absoluta,0.0082854042864508,0.0082947365008294,9.332214378647565e-06,
941,0,0.007958635687828,0.0084176491945981,0.0553916020018187,Solo secciones positivas,0.0084171071648597,0.0080350101925432,-0.0003820969723165,2.0
942,0,0.0083319600671529,0.0084176491945981,0.1086733300505929,Relevancia a secas,0.0093160195586582,0.0080972097607122,-0.0012188097979459,
942,0,0.0083319600671529,0.0084176491945981,0.1086733300505929,Relevancia absoluta,0.0093680798179573,0.0081415391242545,-0.0012265406937027,
942,0,0.0083319600671529,0.0084176491945981,0.1086733300505929,Solo secciones positivas,0.0092570558190345,0.0075772851705551,-0.0016797706484794,4.0
943,1,0.9978070855140686,0.0084176491945981,-0.6198366136450679,Relevancia a secas,0.1645902067971531,0.9639294428957832,0.7993392360986302,
943,1,0.9978070855140686,0.0084176491945981,-0.6198366136450679,Relevancia absoluta,0.3953202157281338,0.9156253271632724,0.5203051114351387,
943,1,0.9978070855140686,0.0084176491945981,-0.6198366136450679,Solo secciones positivas,0.027726784873516,0.9289911720487808,0.9012643871752646,18.0
944,0,0.0082116927951574,0.0084176491945981,-0.0325623050265991,Relevancia a secas,0.0084459470429768,0.0082989406590867,-0.00014700638389,
944,0,0.0082116927951574,0.0084176491945981,-0.0325623050265991,Relevancia absoluta,0.0084459470429768,0.0082989406590867,-0.00014700638389,
944,0,0.0082116927951574,0.0084176491945981,-0.0325623050265991,Solo secciones positivas,,,,0.0
945,0,0.0082311015576124,0.0084176491945981,0.0111615076392272,Relevancia a secas,0.0092381560908896,0.0080724741332232,-0.0011656819576663,
945,0,0.0082311015576124,0.0084176491945981,0.0111615076392272,Relevancia absoluta,0.008190948768918,0.0086322919332555,0.0004413431643375,
945,0,0.0082311015576124,0.0084176491945981,0.0111615076392272,Solo secciones positivas,0.0098568736575543,0.0078736329451203,-0.001983240712434,10.0
946,0,0.0129618970677256,0.0084176491945981,-6.49691454723948,Relevancia a secas,0.1638410233168138,0.0088646627781498,-0.1549763605386639,
946,0,0.0129618970677256,0.0084176491945981,-6.49691454723948,Relevancia absoluta,0.0097850884776562,0.0118790215476312,0.002093933069975,
946,0,0.0129618970677256,0.0084176491945981,-6.49691454723948,Solo secciones positivas,0.2522391458707196,0.0060429455756786,-0.246196200295041,21.0
947,0,0.0079296547919511,0.0084176491945981,-0.0111085370959761,Relevancia a secas,0.0083941575915863,0.0080317760455525,-0.0003623815460337,
947,0,0.0079296547919511,0.0084176491945981,-0.0111085370959761,Relevancia absoluta,0.008401678642258,0.0080236570857879,-0.0003780215564701,
947,0,0.0079296547919511,0.0084176491945981,-0.0111085370959761,Solo secciones positivas,0.0081297112628817,0.0082510374486446,0.0001213261857628,1.0
948,1,0.9999765157699584,0.0084176491945981,-0.4725166033751796,Relevancia a secas,0.1658700933576776,0.7956365042288477,0.62976641087117,
948,1,0.9999765157699584,0.0084176491945981,-0.4725166033751796,Relevancia absoluta,0.3862460027409723,0.4544982913145869,0.0682522885736145,
948,1,0.9999765157699584,0.0084176491945981,-0.4725166033751796,Solo secciones positivas,0.0831593611218883,0.9724560446209378,0.8892966834990496,18.0
949,1,0.9999996423721312,0.0084176491945981,-0.1074777298095758,Relevancia a secas,0.101066834281304,0.9315308034420016,0.8304639691606974,
949,1,0.9999996423721312,0.0084176491945981,-0.1074777298095758,Relevancia absoluta,0.5891837574050037,0.8508516958293815,0.2616679384243777,
949,1,0.9999996423721312,0.0084176491945981,-0.1074777298095758,Solo secciones positivas,0.0498247338479778,0.8356768070409696,0.7858520731929917,15.0
950,1,0.9999734163284302,0.0084176491945981,-0.2418529104118403,Relevancia a secas,0.0797483688306925,0.9266493967604928,0.8469010279298002,
950,1,0.9999734163284302,0.0084176491945981,-0.2418529104118403,Relevancia absoluta,0.1993027542226222,0.8761342624525748,0.6768315082299525,
950,1,0.9999734163284302,0.0084176491945981,-0.2418529104118403,Solo secciones positivas,0.0267926147187782,0.86133736712662,0.8345447524078418,19.0
951,1,0.9898938536643982,0.0084176491945981,-0.1918906590272511,Relevancia a secas,0.2280871094143033,0.9521078914403917,0.7240207820260882,
951,1,0.9898938536643982,0.0084176491945981,-0.1918906590272511,Relevancia absoluta,0.652283754471379,0.8301702580518193,0.1778865035804403,
951,1,0.9898938536643982,0.0084176491945981,-0.1918906590272511,Solo secciones positivas,0.1099470509726776,0.964560329914093,0.8546132789414154,14.0
952,1,1.0,0.0084176491945981,-0.968748072418056,Relevancia a secas,0.0418050015454947,0.8155629885279471,0.7737579869824524,
952,1,1.0,0.0084176491945981,-0.968748072418056,Relevancia absoluta,0.6055717954910034,0.8624352660683346,0.2568634705773313,
952,1,1.0,0.0084176491945981,-0.968748072418056,Solo secciones positivas,0.088235294117647,0.7304079960483839,0.6421727019307368,17.0
953,0,0.006091964431107,0.0084176491945981,-1.2123276590858805,Relevancia a secas,0.5818481710340295,0.0041259429989232,-0.5777222280351062,
953,0,0.006091964431107,0.0084176491945981,-1.2123276590858805,Relevancia absoluta,0.2183789373774613,0.0109542530030012,-0.2074246843744601,
953,0,0.006091964431107,0.0084176491945981,-1.2123276590858805,Solo secciones positivas,0.9288246538490056,0.0017175711313722,-0.9271070827176334,21.0
954,1,0.9999921321868896,0.0084176491945981,-0.8620850005837856,Relevancia a secas,0.6849346753693781,0.9862277540895676,0.3012930787201894,
954,1,0.9999921321868896,0.0084176491945981,-0.8620850005837856,Relevancia absoluta,0.8837430255822861,0.9325965291096104,0.0488535035273243,
954,1,0.9999921321868896,0.0084176491945981,-0.8620850005837856,Solo secciones positivas,0.5079254456102514,0.9724560379981996,0.464530592387948,18.0
955,0,0.0080789169296622,0.0084176491945981,0.2790138657096093,Relevancia a secas,0.0087505876241872,0.0081561416801479,-0.0005944459440393,
955,0,0.0080789169296622,0.0084176491945981,0.2790138657096093,Relevancia absoluta,0.0082265618257224,0.0085984962837149,0.0003719344579925,
955,0,0.0080789169296622,0.0084176491945981,0.2790138657096093,Solo secciones positivas,0.0097310945081214,0.0075092068873345,-0.0022218876207868,6.0
956,0,0.0113320210948586,0.0084176491945981,-0.6418998985969816,Relevancia a secas,0.8129850019597347,0.0370912229797492,-0.7758937789799855,
956,0,0.0113320210948586,0.0084176491945981,-0.6418998985969816,Relevancia absoluta,0.5373072264353851,0.5902744683488789,0.0529672419134937,
956,0,0.0113320210948586,0.0084176491945981,-0.6418998985969816,Solo secciones positivas,0.9176311179892056,0.0088900129517747,-0.9087411050374308,18.0
957,0,0.0076608420349657,0.0084176491945981,0.5746015748736167,Relevancia a secas,0.0097951287041521,0.0068548620911315,-0.0029402666130206,
957,0,0.0076608420349657,0.0084176491945981,0.5746015748736167,Relevancia absoluta,0.007939136134357,0.0084140402808164,0.0004749041464593,
957,0,0.0076608420349657,0.0084176491945981,0.5746015748736167,Solo secciones positivas,0.0116056113814314,0.0056645666481927,-0.0059410447332387,12.0
958,0,0.0079710390418767,0.0084176491945981,0.4337239379989561,Relevancia a secas,0.0086589048150926,0.007781482870794,-0.0008774219442986,
958,0,0.0079710390418767,0.0084176491945981,0.4337239379989561,Relevancia absoluta,0.0084388834269096,0.0079451779990146,-0.0004937054278949,
958,0,0.0079710390418767,0.0084176491945981,0.4337239379989561,Solo secciones positivas,0.0095643950626254,0.007117854617536,-0.0024465404450893,5.0
959,0,0.0139231896027922,0.0084176491945981,-1.0715773035785827,Relevancia a secas,0.0608858827811976,0.0139748614100325,-0.046911021371165,
959,0,0.0139231896027922,0.0084176491945981,-1.0715773035785827,Relevancia absoluta,0.0312213035843645,0.0316000442641476,0.0003787406797831,
959,0,0.0139231896027922,0.0084176491945981,-1.0715773035785827,Solo secciones positivas,0.1169450824650434,0.0134617099896646,-0.1034833724753787,13.0
960,1,0.9879356622695924,0.0084176491945981,-0.5671921893415405,Relevancia a secas,0.3808601398914331,0.9824053330553902,0.601545193163957,
960,1,0.9879356622695924,0.0084176491945981,-0.5671921893415405,Relevancia absoluta,0.771212456186926,0.9304378447122872,0.159225388525361,
960,1,0.9879356622695924,0.0084176491945981,-0.5671921893415405,Solo secciones positivas,0.0421601910549672,0.9669472535451252,0.924787062490158,15.0
961,1,0.999996304512024,0.0084176491945981,-0.9058251311114788,Relevancia a secas,0.2116675030767444,0.5998316988725514,0.3881641957958069,
961,1,0.999996304512024,0.0084176491945981,-0.9058251311114788,Relevancia absoluta,0.98277830829223,0.5129706408544422,-0.4698076674377878,
961,1,0.999996304512024,0.0084176491945981,-0.9058251311114788,Solo secciones positivas,0.0274204652798489,0.3300218287788127,0.3026013634989637,20.0
962,1,0.999997615814209,0.0084176491945981,-0.7157320698750708,Relevancia a secas,0.3378353978326483,0.9584486454259604,0.6206132475933122,
962,1,0.999997615814209,0.0084176491945981,-0.7157320698750708,Relevancia absoluta,0.8533798481285986,0.6783877422567457,-0.1749921058718528,
962,1,0.999997615814209,0.0084176491945981,-0.7157320698750708,Solo secciones positivas,0.0277812427179821,0.9169004165774418,0.8891191738594596,18.0
963,1,0.9999713897705078,0.0084176491945981,-0.6049415708561059,Relevancia a secas,0.2719835913277491,0.9858169334275382,0.7138333420997891,
963,1,0.9999713897705078,0.0084176491945981,-0.6049415708561059,Relevancia absoluta,0.7272223007266543,0.7244797642745731,-0.0027425364520812,
963,1,0.9999713897705078,0.0084176491945981,-0.6049415708561059,Solo secciones positivas,0.1315354848160809,0.9739057264829936,0.8423702416669128,19.0
964,0,0.0086723444983363,0.0084176491945981,0.0094572432943492,Relevancia a secas,0.0083662935066968,0.0088585800905194,0.0004922865838226,
964,0,0.0086723444983363,0.0084176491945981,0.0094572432943492,Relevancia absoluta,0.0083662935066968,0.0088585800905194,0.0004922865838226,
964,0,0.0086723444983363,0.0084176491945981,0.0094572432943492,Solo secciones positivas,,,,0.0
965,1,1.0,0.0084176491945981,-1.8134499460161744,Relevancia a secas,0.3718205465857506,0.982774802380138,0.6109542557943872,
965,1,1.0,0.0084176491945981,-1.8134499460161744,Relevancia absoluta,0.8458893872197816,0.9827625453472136,0.1368731581274321,
965,1,1.0,0.0084176491945981,-1.8134499460161744,Solo secciones positivas,0.3822591163256658,0.9635231109226452,0.5812639945969793,17.0
966,1,1.0,0.0084176491945981,-0.7618719518959519,Relevancia a secas,0.5446487301405292,0.958494471722386,0.4138457415818568,
966,1,1.0,0.0084176491945981,-0.7618719518959519,Relevancia absoluta,0.9088288578722212,0.8989633977407184,-0.0098654601315026,
966,1,1.0,0.0084176491945981,-0.7618719518959519,Solo secciones positivas,0.119797846644058,0.9169896849845018,0.7971918383404438,18.0
967,0,0.0746286958456039,0.0084176491945981,-0.8494588122855482,Relevancia a secas,0.6628450864017293,0.1880154430579952,-0.4748296433437341,
967,0,0.0746286958456039,0.0084176491945981,-0.8494588122855482,Relevancia absoluta,0.0305397716374658,0.3877431099018496,0.3572033382643838,
967,0,0.0746286958456039,0.0084176491945981,-0.8494588122855482,Solo secciones positivas,0.9056300185620784,0.0419164885710188,-0.8637135299910597,16.0
968,0,0.0121804187074303,0.0084176491945981,-0.7709244882112263,Relevancia a secas,0.6526828310969802,0.7937652290695243,0.141082397972544,
968,0,0.0121804187074303,0.0084176491945981,-0.7709244882112263,Relevancia absoluta,0.5824465840899696,0.7390280264533229,0.1565814423633532,
968,0,0.0121804187074303,0.0084176491945981,-0.7709244882112263,Solo secciones positivas,0.8001525692774781,0.7418188774692162,-0.0583336918082619,14.0
969,0,0.0103425066918134,0.0084176491945981,-1.032661755371652,Relevancia a secas,0.5619384933573504,0.1167473145760595,-0.4451911787812908,
969,0,0.0103425066918134,0.0084176491945981,-1.032661755371652,Relevancia absoluta,0.2169764150296234,0.1380142520906196,-0.0789621629390037,
969,0,0.0103425066918134,0.0084176491945981,-1.032661755371652,Solo secciones positivas,0.87188878341725,0.1587457339230336,-0.7131430494942164,19.0
970,0,0.0091231670230627,0.0084176491945981,0.4792771677713895,Relevancia a secas,0.0143751240749326,0.0066109564827962,-0.0077641675921363,
970,0,0.0091231670230627,0.0084176491945981,0.4792771677713895,Relevancia absoluta,0.0090391671595474,0.0088148213431446,-0.0002243458164027,
970,0,0.0091231670230627,0.0084176491945981,0.4792771677713895,Solo secciones positivas,0.0202396476020415,0.0044981773011386,-0.0157414703009029,15.0
971,1,1.0,0.0084176491945981,-1.4436652337032978,Relevancia a secas,0.148836830018836,0.9810545014010535,0.8322176713822176,
971,1,1.0,0.0084176491945981,-1.4436652337032978,Relevancia absoluta,0.7353262875448209,0.9810535626278982,0.2457272750830773,
971,1,1.0,0.0084176491945981,-1.4436652337032978,Solo secciones positivas,0.0255228091462718,0.9658981025218965,0.9403752933756244,20.0
972,0,0.0071442192420363,0.0084176491945981,-3.269018455411861,Relevancia a secas,0.5623352932743729,0.0808059303866078,-0.4815293628877651,
972,0,0.0071442192420363,0.0084176491945981,-3.269018455411861,Relevancia absoluta,0.061051585815019,0.0486445864145126,-0.0124069994005064,
972,0,0.0071442192420363,0.0084176491945981,-3.269018455411861,Solo secciones positivas,0.9169177112376524,0.1405700543998844,-0.7763476568377681,18.0
973,0,0.1818605363368988,0.0084176491945981,-1.057883573904808,Relevancia a secas,0.8634495180255423,0.4187657079291741,-0.4446838100963681,
973,0,0.1818605363368988,0.0084176491945981,-1.057883573904808,Relevancia absoluta,0.6199033985253497,0.9174964925558822,0.2975930940305324,
973,0,0.1818605363368988,0.0084176491945981,-1.057883573904808,Solo secciones positivas,0.913465878542732,0.4118316737306081,-0.5016342048121237,17.0
974,1,0.9999204874038696,0.0084176491945981,-0.5238325422616563,Relevancia a secas,0.3750711350651058,0.9861758417553372,0.6111047066902313,
974,1,0.9999204874038696,0.0084176491945981,-0.5238325422616563,Relevancia absoluta,0.6756410486478772,0.8305815772877799,0.1549405286399027,
974,1,0.9999204874038696,0.0084176491945981,-0.5238325422616563,Solo secciones positivas,0.1205843737615006,0.9644962080887386,0.8439118343272379,14.0
975,0,0.0130157899111509,0.0084176491945981,-0.3088702222777353,Relevancia a secas,0.9227178452270371,0.3191980177069311,-0.603519827520106,
975,0,0.0130157899111509,0.0084176491945981,-0.3088702222777353,Relevancia absoluta,0.572590705300016,0.4470589342394045,-0.1255317710606114,
975,0,0.0130157899111509,0.0084176491945981,-0.3088702222777353,Solo secciones positivas,0.9438994667109322,0.0187644336484453,-0.9251350330624868,17.0
976,0,0.008008548989892,0.0084176491945981,0.0058563732360928,Relevancia a secas,0.0081452585679168,0.0084917631465941,0.0003465045786773,
976,0,0.008008548989892,0.0084176491945981,0.0058563732360928,Relevancia absoluta,0.0081452585679168,0.0084917631465941,0.0003465045786773,
976,0,0.008008548989892,0.0084176491945981,0.0058563732360928,Solo secciones positivas,,,,0.0
977,0,0.008381257764995,0.0084176491945981,-1.6157183492980127,Relevancia a secas,0.0952712224227272,0.010170857499664,-0.0851003649230632,
977,0,0.008381257764995,0.0084176491945981,-1.6157183492980127,Relevancia absoluta,0.0098903514832879,0.0098822012724768,-8.150210811033731e-06,
977,0,0.008381257764995,0.0084176491945981,-1.6157183492980127,Solo secciones positivas,0.1970431905356235,0.0118710983078926,-0.1851720922277309,16.0
978,0,0.0113640492781996,0.0084176491945981,-1.04528110346996,Relevancia a secas,0.3279272750433949,0.2069747881808628,-0.120952486862532,
978,0,0.0113640492781996,0.0084176491945981,-1.04528110346996,Relevancia absoluta,0.0813558263859401,0.1819657549624227,0.1006099285764826,
978,0,0.0113640492781996,0.0084176491945981,-1.04528110346996,Solo secciones positivas,0.5614294037222862,0.4143695880969366,-0.1470598156253496,15.0
979,1,0.6825693845748901,0.0084176491945981,-0.8819691900998933,Relevancia a secas,0.2837111928827088,0.8656429943318168,0.5819318014491079,
979,1,0.6825693845748901,0.0084176491945981,-0.8819691900998933,Relevancia absoluta,0.8505363189356607,0.3478383422320626,-0.5026979767035982,
979,1,0.6825693845748901,0.0084176491945981,-0.8819691900998933,Solo secciones positivas,0.0532580626562676,0.8036626220088113,0.7504045593525437,22.0
980,1,0.9999979734420776,0.0084176491945981,-0.5966439074518688,Relevancia a secas,0.3337755679179111,0.9584586940731648,0.6246831261552537,
980,1,0.9999979734420776,0.0084176491945981,-0.5966439074518688,Relevancia absoluta,0.5360428808863085,0.9028543935079748,0.3668115126216664,
980,1,0.9999979734420776,0.0084176491945981,-0.5966439074518688,Solo secciones positivas,0.0280890895155639,0.9169194707646966,0.8888303812491327,18.0
981,0,0.0071206362918019,0.0084176491945981,0.0456737681452615,Relevancia a secas,0.0104951168306999,0.0066373925268029,-0.003857724303897,
981,0,0.0071206362918019,0.0084176491945981,0.0456737681452615,Relevancia absoluta,0.0091094302608528,0.0077395271251185,-0.0013699031357343,
981,0,0.0071206362918019,0.0084176491945981,0.0456737681452615,Solo secciones positivas,0.0118785803206264,0.0063849885191302,-0.0054935918014962,16.0
982,0,0.0076759364455938,0.0084176491945981,0.4685937513257897,Relevancia a secas,0.0107850891589704,0.0066636899460314,-0.004121399212939,
982,0,0.0076759364455938,0.0084176491945981,0.4685937513257897,Relevancia absoluta,0.0083700380572635,0.0080648296409183,-0.0003052084163452,
982,0,0.0076759364455938,0.0084176491945981,0.4685937513257897,Solo secciones positivas,0.0124509692812959,0.00574999138092,-0.0067009779003759,15.0
983,0,0.0078504830598831,0.0084176491945981,0.053993273742741,Relevancia a secas,0.0080544475931674,0.0082904081532938,0.0002359605601264,
983,0,0.0078504830598831,0.0084176491945981,0.053993273742741,Relevancia absoluta,0.0080560573713026,0.0082849726443075,0.0002289152730049,
983,0,0.0078504830598831,0.0084176491945981,0.053993273742741,Solo secciones positivas,0.0082628894597291,0.0080112135037779,-0.0002516759559512,2.0
984,0,0.0076985135674476,0.0084176491945981,0.3912575657258553,Relevancia a secas,0.0096379144945078,0.0078639729957406,-0.0017739414987671,
984,0,0.0076985135674476,0.0084176491945981,0.3912575657258553,Relevancia absoluta,0.0090872684959322,0.0085476336017664,-0.0005396348941657,
984,0,0.0076985135674476,0.0084176491945981,0.3912575657258553,Solo secciones positivas,0.0102721010852191,0.0068891804354886,-0.0033829206497304,9.0
985,1,0.974648892879486,0.0084176491945981,-0.1392540230132544,Relevancia a secas,0.0507605223519509,0.8709977062212095,0.8202371838692586,
985,1,0.974648892879486,0.0084176491945981,-0.1392540230132544,Relevancia absoluta,0.2475916775357391,0.6833734035155632,0.435781725979824,
985,1,0.974648892879486,0.0084176491945981,-0.1392540230132544,Solo secciones positivas,0.0304581851169888,0.9439329523593188,0.91347476724233,16.0
986,0,0.0083730705082416,0.0084176491945981,-0.0393738539759033,Relevancia a secas,0.008664900307647,0.0083132183127519,-0.0003516819948951,
986,0,0.0083730705082416,0.0084176491945981,-0.0393738539759033,Relevancia absoluta,0.0086187456682738,0.0083480355226331,-0.0002707101456407,
986,0,0.0083730705082416,0.0084176491945981,-0.0393738539759033,Solo secciones positivas,0.0086796740069985,0.0081417676992714,-0.000537906307727,2.0
987,0,0.0111854644492268,0.0084176491945981,-10.616187811901852,Relevancia a secas,0.0713080998975783,0.008244928308866,-0.0630631715887122,
987,0,0.0111854644492268,0.0084176491945981,-10.616187811901852,Relevancia absoluta,0.0087913012571839,0.0137841573450714,0.0049928560878874,
987,0,0.0111854644492268,0.0084176491945981,-10.616187811901852,Solo secciones positivas,0.1021109058832128,0.0064417285741203,-0.0956691773090925,18.0
988,0,0.0072981435805559,0.0084176491945981,0.6337884923132957,Relevancia a secas,0.0104571246386816,0.0065247194531063,-0.0039324051855752,
988,0,0.0072981435805559,0.0084176491945981,0.6337884923132957,Relevancia absoluta,0.0088859190905673,0.0073854189702413,-0.001500500120326,
988,0,0.0072981435805559,0.0084176491945981,0.6337884923132957,Solo secciones positivas,0.0129184796630094,0.0055720857344567,-0.0073463939285526,12.0
989,1,1.0,0.0084176491945981,-0.802252823685687,Relevancia a secas,0.2641666223409397,0.8751241439089112,0.6109575215679715,
989,1,1.0,0.0084176491945981,-0.802252823685687,Relevancia absoluta,0.5972209520189357,0.8749195973952435,0.2776986453763078,
989,1,1.0,0.0084176491945981,-0.802252823685687,Solo secciones positivas,0.1315689577251512,0.9739057264829936,0.8423367687578425,19.0
990,1,0.9983296990394592,0.0084176491945981,-0.7892030846589938,Relevancia a secas,0.3861487319611895,0.9325906364247204,0.5464419044635309,
990,1,0.9983296990394592,0.0084176491945981,-0.7892030846589938,Relevancia absoluta,0.7106564557179808,0.904438772963153,0.1937823172451722,
990,1,0.9983296990394592,0.0084176491945981,-0.7892030846589938,Solo secciones positivas,0.0332777951835724,0.8385311300555864,0.805253334872014,15.0
991,1,1.0,0.0084176491945981,-1.0780999372267313,Relevancia a secas,0.4100978567118723,0.9862280223104688,0.5761301655985966,
991,1,1.0,0.0084176491945981,-1.0780999372267313,Relevancia absoluta,0.6173924461010215,0.4900039575860154,-0.1273884885150061,
991,1,1.0,0.0084176491945981,-1.0780999372267313,Solo secciones positivas,0.59287029504776,0.9724560446209378,0.3795857495731778,18.0
992,1,0.9999419450759888,0.0084176491945981,-1.4083643516836566,Relevancia a secas,0.4099392589746828,0.9851747105518978,0.5752354515772149,
992,1,0.9999419450759888,0.0084176491945981,-1.4083643516836566,Relevancia absoluta,0.836028352069358,0.9855173859331344,0.1494890338637763,
992,1,0.9999419450759888,0.0084176491945981,-1.4083643516836566,Solo secciones positivas,0.1944142114260985,0.970352331797282,0.7759381203711833,18.0
993,0,0.032716579735279,0.0084176491945981,-1.460446989871336,Relevancia a secas,0.6165001231323306,0.3061388274687084,-0.3103612956636222,
993,0,0.032716579735279,0.0084176491945981,-1.460446989871336,Relevancia absoluta,0.2139703262235142,0.7194051193073392,0.505434793083825,
993,0,0.032716579735279,0.0084176491945981,-1.460446989871336,Solo secciones positivas,0.8552167941542232,0.0583187980193863,-0.7968979961348368,17.0
994,1,0.9997605681419371,0.0084176491945981,-1.037005318430492,Relevancia a secas,0.3163159744756522,0.9773083577553432,0.6609923832796909,
994,1,0.9997605681419371,0.0084176491945981,-1.037005318430492,Relevancia absoluta,0.8669343415854707,0.940211901234256,0.0732775596487852,
994,1,0.9997605681419371,0.0084176491945981,-1.037005318430492,Solo secciones positivas,0.4009864636157688,0.9738059796785054,0.5728195160627365,19.0
995,0,0.0080290045589208,0.0084176491945981,-0.1226864989264276,Relevancia a secas,0.0082144752248293,0.0082666796839071,5.220445907778461e-05,
995,0,0.0080290045589208,0.0084176491945981,-0.1226864989264276,Relevancia absoluta,0.0082144752248293,0.0082666796839071,5.220445907778461e-05,
995,0,0.0080290045589208,0.0084176491945981,-0.1226864989264276,Solo secciones positivas,,,,0.0
996,0,0.0074117928743362,0.0084176491945981,-2.1955570695270508,Relevancia a secas,0.083587083655099,0.0432432765244609,-0.040343807130638,
996,0,0.0074117928743362,0.0084176491945981,-2.1955570695270508,Relevancia absoluta,0.0084962956866042,0.0141919986862275,0.0056957029996232,
996,0,0.0074117928743362,0.0084176491945981,-2.1955570695270508,Solo secciones positivas,0.15083218891831,0.0627204948378836,-0.0881116940804264,17.0
997,0,0.0083005782216787,0.0084176491945981,0.2862867785900629,Relevancia a secas,0.0085143803670588,0.0083196428345723,-0.0001947375324865,
997,0,0.0083005782216787,0.0084176491945981,0.2862867785900629,Relevancia absoluta,0.0080934106242946,0.0087165405663351,0.0006231299420404,
997,0,0.0083005782216787,0.0084176491945981,0.2862867785900629,Solo secciones positivas,0.0094389878213405,0.0075356324203312,-0.0019033554010093,5.0
998,1,0.985039234161377,0.0084176491945981,-1.5617635848073246,Relevancia a secas,0.6231124485804885,0.9293591514643696,0.306246702883881,
998,1,0.985039234161377,0.0084176491945981,-1.5617635848073246,Relevancia absoluta,0.840505125751305,0.8716713784298868,0.0311662526785818,
998,1,0.985039234161377,0.0084176491945981,-1.5617635848073246,Solo secciones positivas,0.6467117333113156,0.9079219988650744,0.2612102655537589,27.0
999,0,0.0085634300485253,0.0084176491945981,-6.87729450659716,Relevancia a secas,0.3342546347994358,0.0100165316705695,-0.3242381031288662,
999,0,0.0085634300485253,0.0084176491945981,-6.87729450659716,Relevancia absoluta,0.0136622740214483,0.016768842547511,0.0031065685260626,
999,0,0.0085634300485253,0.0084176491945981,-6.87729450659716,Solo secciones positivas,0.736662566413482,0.0090500912318627,-0.7276124751816193,15.0
1000,1,0.9999392032623292,0.0084176491945981,-0.6623660666580468,Relevancia a secas,0.4568491840768009,0.9859857161839805,0.5291365321071795,
1000,1,0.9999392032623292,0.0084176491945981,-0.6623660666580468,Relevancia absoluta,0.7801609612587426,0.9584395759997684,0.1782786147410257,
1000,1,0.9999392032623292,0.0084176491945981,-0.6623660666580468,Solo secciones positivas,0.0345978235627144,0.969013050198555,0.9344152266358404,16.0
1001,1,0.8994484543800354,0.0084176491945981,-0.7834308161975819,Relevancia a secas,0.5975274055814326,0.9439120732713492,0.3463846676899166,
1001,1,0.8994484543800354,0.0084176491945981,-0.7834308161975819,Relevancia absoluta,0.9089011042378844,0.8835531674396608,-0.0253479367982234,
1001,1,0.8994484543800354,0.0084176491945981,-0.7834308161975819,Solo secciones positivas,0.4209982065054455,0.9214986329898238,0.5005004264843783,19.0
1002,1,0.8351260423660278,0.0084176491945981,-32.25669934325868,Relevancia a secas,0.2797208843518199,0.8994901875654857,0.6197693032136657,
1002,1,0.8351260423660278,0.0084176491945981,-32.25669934325868,Relevancia absoluta,0.747254524535189,0.9434150349762706,0.1961605104410815,
1002,1,0.8351260423660278,0.0084176491945981,-32.25669934325868,Solo secciones positivas,0.0198847472176923,0.9700746039549508,0.9501898567372584,21.0
1003,0,0.0077491947449743,0.0084176491945981,0.1042436453750111,Relevancia a secas,0.0644989233464002,0.0067177989786224,-0.0577811243677777,
1003,0,0.0077491947449743,0.0084176491945981,0.1042436453750111,Relevancia absoluta,0.0093685250729322,0.0077662543393671,-0.001602270733565,
1003,0,0.0077491947449743,0.0084176491945981,0.1042436453750111,Solo secciones positivas,0.1072144319156282,0.0057295131693153,-0.1014849187463129,19.0
1004,0,0.0093661220744252,0.0084176491945981,-0.7330797524199285,Relevancia a secas,0.663548279993443,0.2191885902494605,-0.4443596897439824,
1004,0,0.0093661220744252,0.0084176491945981,-0.7330797524199285,Relevancia absoluta,0.2921546650339021,0.3376709475026776,0.0455162824687754,
1004,0,0.0093661220744252,0.0084176491945981,-0.7330797524199285,Solo secciones positivas,0.6685401622883298,0.1872617346234619,-0.4812784276648678,22.0
1005,1,1.0,0.0084176491945981,-0.2994796345187106,Relevancia a secas,0.4585268835701046,0.8785362313359285,0.4200093477658239,
1005,1,1.0,0.0084176491945981,-0.2994796345187106,Relevancia absoluta,0.0416407052591441,0.8195631143522222,0.777922409093078,
1005,1,1.0,0.0084176491945981,-0.2994796345187106,Solo secciones positivas,0.0294155595263017,0.7427825862788389,0.713367026752537,17.0
1006,0,0.0406464412808418,0.0084176491945981,-1.2402965350965558,Relevancia a secas,0.7086543073981173,0.2974216319210024,-0.4112326754771149,
1006,0,0.0406464412808418,0.0084176491945981,-1.2402965350965558,Relevancia absoluta,0.531940969095255,0.6770878938647608,0.1451469247695057,
1006,0,0.0406464412808418,0.0084176491945981,-1.2402965350965558,Solo secciones positivas,0.7989916470315721,0.0243272624088706,-0.7746643846227015,18.0
1007,1,1.0,0.0084176491945981,-1.245487113330857,Relevancia a secas,0.3161016492843766,0.7518330144877028,0.4357313652033261,
1007,1,1.0,0.0084176491945981,-1.245487113330857,Relevancia absoluta,0.759427428034383,0.5641926769827387,-0.1952347510516443,
1007,1,1.0,0.0084176491945981,-1.245487113330857,Solo secciones positivas,0.0986414926991103,0.6277497998865632,0.5291083071874529,24.0
1008,0,0.0069231567904353,0.0084176491945981,-0.9663118674609792,Relevancia a secas,0.0121257677156892,0.0121726381152661,4.68703995769211e-05,
1008,0,0.0069231567904353,0.0084176491945981,-0.9663118674609792,Relevancia absoluta,0.0080922353404781,0.0128539487098654,0.0047617133693873,
1008,0,0.0069231567904353,0.0084176491945981,-0.9663118674609792,Solo secciones positivas,0.0121426825062371,0.0131436314550228,0.0010009489487856,16.0
1009,1,1.0,0.0084176491945981,-0.5400765508171368,Relevancia a secas,0.2493328755172822,0.986225919591056,0.7368930440737738,
1009,1,1.0,0.0084176491945981,-0.5400765508171368,Relevancia absoluta,0.3195518254207509,0.9862033360534244,0.6666515106326735,
1009,1,1.0,0.0084176491945981,-0.5400765508171368,Solo secciones positivas,0.4165436162425807,0.972451839182112,0.5559082229395312,18.0
1010,0,0.010192978195846,0.0084176491945981,-1.4486866432827918,Relevancia a secas,0.3017881337760223,0.0661607580000741,-0.2356273757759481,
1010,0,0.010192978195846,0.0084176491945981,-1.4486866432827918,Relevancia absoluta,0.0103939077687553,0.040791728740765,0.0303978209720096,
1010,0,0.010192978195846,0.0084176491945981,-1.4486866432827918,Solo secciones positivas,0.4975010494568518,0.0581292894535831,-0.4393717600032688,21.0
1011,0,0.0079215634614229,0.0084176491945981,0.2517456022210267,Relevancia a secas,0.0079935959333346,0.0086205157244371,0.0006269197911024,
1011,0,0.0079215634614229,0.0084176491945981,0.2517456022210267,Relevancia absoluta,0.0078362971026864,0.0087081119676844,0.000871814864998,
1011,0,0.0079215634614229,0.0084176491945981,0.2517456022210267,Solo secciones positivas,0.0085665741935372,0.0079195747772852,-0.0006469994162519,3.0
1012,0,0.0923186466097831,0.0084176491945981,-0.4288105449553163,Relevancia a secas,0.6552030011985659,0.0525097566497818,-0.602693244548784,
1012,0,0.0923186466097831,0.0084176491945981,-0.4288105449553163,Relevancia absoluta,0.3202763947014723,0.1129855287059373,-0.2072908659955349,
1012,0,0.0923186466097831,0.0084176491945981,-0.4288105449553163,Solo secciones positivas,0.9730903155663436,0.0012327310957135,-0.97185758447063,17.0
1013,0,0.0130074135959148,0.0084176491945981,-1.4064344550256556,Relevancia a secas,0.2160940476719083,0.0213984231231734,-0.1946956245487349,
1013,0,0.0130074135959148,0.0084176491945981,-1.4064344550256556,Relevancia absoluta,0.0196337302137787,0.0203455574422453,0.0007118272284666,
1013,0,0.0130074135959148,0.0084176491945981,-1.4064344550256556,Solo secciones positivas,0.406246451441856,0.0110656620441552,-0.3951807893977007,17.0
1014,0,0.0117892706766724,0.0084176491945981,-8.101495778609255,Relevancia a secas,0.4927534932762178,0.0086121450205812,-0.4841413482556366,
1014,0,0.0117892706766724,0.0084176491945981,-8.101495778609255,Relevancia absoluta,0.0097211766341287,0.0147889093989053,0.0050677327647766,
1014,0,0.0117892706766724,0.0084176491945981,-8.101495778609255,Solo secciones positivas,0.8425671478422979,0.0029410379259691,-0.8396261099163287,18.0
1015,0,0.1260231137275695,0.0084176491945981,-0.4416437638069164,Relevancia a secas,0.7512873159721495,0.2965848757775602,-0.4547024401945893,
1015,0,0.1260231137275695,0.0084176491945981,-0.4416437638069164,Relevancia absoluta,0.2477759234607219,0.6470481981005932,0.3992722746398712,
1015,0,0.1260231137275695,0.0084176491945981,-0.4416437638069164,Solo secciones positivas,0.9267663710257584,0.0002794450683407,-0.9264869259574178,17.0
1016,1,0.9984039664268494,0.0084176491945981,-0.5094817809600846,Relevancia a secas,0.1591613544592921,0.7861339748617158,0.6269726204024236,
1016,1,0.9984039664268494,0.0084176491945981,-0.5094817809600846,Relevancia absoluta,0.9486379913157886,0.7317725721125803,-0.2168654192032083,
1016,1,0.9984039664268494,0.0084176491945981,-0.5094817809600846,Solo secciones positivas,0.0333204924997121,0.6181092515277365,0.5847887590280244,15.0
